6.341958065636308106e+01
9.792268230876032931e+01
1.165511344930182425e+01
8.190045105536516701e+01
8.175105974593384417e+01
3.706848277363184962e+01
8.246967536675479948e+01
3.930954949549262523e+01
3.484658872411537800e+01
1.415617663414137084e+01
5.875066788857859024e+01
1.653842077068816607e+01
8.447425823135348821e+01
9.130667961613836425e+00
1.887106384163654837e+01
6.324050880971881128e+01
8.328528990063261972e+01
3.283787062906340370e+00
3.589599826957200435e+01
5.982373557552277532e+01
4.796358614831984823e+01
9.183256962885735675e+01
2.080841313911001578e+01
4.962286747236785089e+01
7.016354584544415296e-01
5.562052923422560013e+01
4.801167345921109053e+00
5.321148265721527082e+01
9.969872571698272168e+01
7.918367145372394589e+01
9.768646316725630641e+01
8.251008767784037445e+01
2.064299282083815612e+01
3.683074014488711612e+01
4.050348470757884201e+01
9.882569797381313492e+01
3.201020692386575917e+01
1.191470625674517780e+00
1.366117592242942536e+01
7.600455222624592011e+01
6.793889085334093636e+01
5.948469420330220458e+01
7.585865533222938950e+01
3.294103660691387603e+01
7.470066167257765244e+01
6.347593042414726483e+01
8.217750368400153604e+01
1.467830896312085542e+01
7.168714542292214276e+01
5.448342226433806701e+01
8.112832405423246485e+01
5.345315326258812405e+01
5.981749422954322171e+01
3.480253156474675080e+01
9.984420750320775539e+01
3.404502903011360360e+01
7.063934136828187604e+00
6.762580380358807020e+01
1.488214221596214593e+01
5.301979341605223794e+01
4.497365646979631748e+01
9.438399818771519278e+01
5.565640796364679233e+00
4.134153410470777601e+01
5.087023138921380649e+01
9.229070741868504513e+01
3.015195085019679766e+01
2.840021701334035598e+01
9.387955843199785022e+01
5.522227661880791061e+01
2.628983926482398914e+01
3.544925603043044049e+01
9.698573755272873598e+01
4.333283161929494298e+01
7.886947851263755638e+01
4.096039724211149036e+01
9.522349333041192665e+01
3.677008215965454951e+01
5.913267781582539584e+01
4.636562183881424914e+01
3.743988055880831389e+00
3.574597972377374333e+01
9.130093171378116779e+01
3.285860517492045219e+00
6.257093691919513390e+01
1.170732386081152399e+01
9.445160350914667902e+01
5.519544377375029676e+00
3.612097764162145097e+01
4.410969131868829152e+01
3.113125993831059546e+01
8.538253511078555391e+01
9.589123000518392814e+01
8.988666124169921545e+01
1.709406732366473136e+01
4.828144012976544985e+01
2.771656528099616423e+01
3.905351561520505754e+01
9.077528571217470699e+01
9.441854084396000246e+01
3.876010991581630805e+01
1.975728139092766256e+01
2.950439799323771695e+01
6.150303631900548851e+01
7.234403047787344576e+01
5.648338870477140006e+01
3.461726520081418812e+01
1.770277303053433471e+01
1.977473906618907407e+01
1.194190275496103126e+01
2.907247634276548354e+01
3.773012245086940908e+01
1.061485488216715822e+01
1.318278215424701827e+01
4.742133008775628156e+00
8.675369082252126773e+00
8.513038178813650347e+01
8.547083349251273887e+01
7.599907311497911166e+01
3.267989631792356242e+00
7.426922427716813502e+01
6.642358903713217444e+01
9.753889938808495685e+01
9.851235451933382592e+01
7.280080199913822980e+01
6.196283913986226821e+01
8.942683600434359903e+01
8.595778468822250318e+01
3.809155479218770068e+01
6.280186182884869339e+01
9.292237656232050114e+00
1.714487567130639079e+01
6.545577503627751526e+01
1.796148970898144981e+01
8.911090418027171722e+01
4.236080226693774620e+01
5.581711067717526475e+01
3.487486755675139705e+01
6.471209448055964231e+01
8.664922030248378348e+01
4.567555501528719475e+00
5.218850728251713633e+01
2.321267698790057210e+01
2.267706741515117486e+01
7.884205314381090091e+01
9.044405404459753939e+00
2.986659581721178114e+01
7.566937190639444921e+00
7.798520637485515294e+01
7.759163401471703025e+01
3.895669700603335883e+01
9.752166282549954701e+01
7.057858750040763596e+01
6.631952066175932714e+01
9.689410240006219510e+01
7.607946414309309091e+01
5.237727552968696187e+00
8.730565797110683945e+01
6.760090373916774809e+01
9.836808994177481225e+01
1.699057116591776762e+01
6.890846142028320287e+01
8.437933731994093023e+01
8.241884209464988231e+00
5.120277890891489392e+01
1.095859749246956838e+01
6.009026501055448222e+00
1.465476383266939209e+01
7.291671281178818731e+01
6.323768102583636619e+01
1.850093375371548632e+01
2.010244517408861142e+01
8.163883632071421914e+01
9.030662651526681373e+01
1.641916501614196733e+01
1.596783774747009232e+01
9.899351621558795955e+01
6.367724858894015227e+01
2.864278818290585349e+01
8.788364613492115041e+01
2.156103801646835905e+00
3.609587068739301685e+01
1.008555475319159456e+01
2.209941106113194564e+01
8.960500481167203191e+01
1.906724751784384253e+01
7.037603818972802117e+01
9.509300756455616010e+01
8.486243818867222899e+01
2.965517400558265138e+01
1.243301602355662006e+00
5.104564505395649121e+01
6.769801750647218341e+01
4.425721062058928368e+01
5.814122781933475892e+01
4.675365394954901177e+01
4.847762478749236692e+01
8.066928332542046576e+01
2.251139069249596947e+00
3.938154261605932049e+01
1.570748157065013828e+01
5.847616243046280005e+01
1.307800223523336580e+00
9.771430769717849785e+01
5.442130068238301277e+01
7.298623603223089162e+01
9.565671625135679790e+01
1.414759477087634831e+00
7.257373691128296400e+01
9.935920555860813863e+01
7.031224070410755189e+01
7.923964186911547358e+00
4.190291653652711545e+01
2.709430357555180535e+01
2.451629237156049967e+00
9.238483628206648746e+01
9.980525602786062223e+01
6.267887265358106674e+01
9.229719366742259012e+01
5.385954988561515222e+01
8.226451036043964393e+01
9.515064282128467710e+01
9.710172219105382396e+01
3.367788184993393230e+01
5.263498876235686197e+01
3.693806569152102526e+01
2.659251868080701087e+01
7.398709283074890664e+01
3.898999674514985969e+01
2.640371348029085752e+01
4.632536302203360989e+00
9.083477777627027194e+01
8.462363580019395215e+01
9.946614376784064859e+01
6.316321938465910080e+01
5.291496495290110147e+01
1.162334212140651069e+01
1.845533144007364257e+01
4.158615208755818315e+01
4.929245821138822237e+01
2.202499453810272811e+01
9.893218497271483614e+00
6.901919418358244229e+01
6.460130354800097052e+01
1.885053446003280797e+01
3.468693521810187974e+01
2.927037920840878016e+01
6.652447189187820697e+01
1.079657305936556710e+01
7.873545405905623795e+00
1.705260686542289150e+01
5.396676462429947918e+01
4.592843951368317335e+01
8.098986257426015811e+01
6.981040631906493843e+01
7.004523417093558635e+01
2.442401582385029712e+01
2.859686923579683082e+01
7.494280996722186217e+01
4.515955602660778112e+01
2.009259008284863768e+01
4.732388381655898968e+01
5.784431919767433072e+01
9.821500185249016113e+01
1.203982269340130351e+01
4.951374719489996323e+01
3.100221693210136920e+01
7.758147992945538363e+01
3.617437029264336701e+01
1.428229466987850316e+01
8.621657035761170107e+01
1.975863693420254563e+01
6.443863301050986081e+01
4.961899852501125707e+01
1.191507656627340772e+01
8.005228471846182003e+01
6.047811059409971080e+01
4.651166584184599628e+01
3.755794667081847393e+01
9.200246435050766536e+01
8.075061418591839413e+01
1.143137722640627985e+01
8.110336439135825515e+01
2.769240458388769710e+01
1.081180718374852301e+00
6.986252187896144505e+01
2.221773436153107184e+00
9.689721075659299743e+01
7.752336093018374896e+00
5.812419653469369507e+00
5.908962224459818202e+01
7.971255298065960559e+00
2.179882809495403695e+00
4.821498761850550707e+00
4.262920408689259233e+01
1.062482737561865065e+00
5.877005853080298436e+01
5.746363771884806937e+01
3.816423546793230770e+01
2.410942064393828410e+00
6.622298684762876064e+01
3.953250404862318135e+01
3.263948797092260889e+01
5.260438495508306289e+01
1.791946162858670988e+01
1.812321464894408507e+01
1.545059163004878222e+01
4.612546019975849276e+01
3.660764858001937938e+01
3.046853117466102745e+01
3.180273189291499136e+01
8.501864808271332663e+01
1.253941672092661008e+01
2.083017454985785122e+01
1.374660329773373846e+01
8.336913878461741945e+01
8.252971717271886121e+01
7.461601043330009020e+01
7.336267421835663072e+01
5.047907215961859606e+01
8.223218235949798327e+01
4.453429562626028826e+01
7.474210672458561078e+01
3.390493754915587488e+01
6.682290926425814348e+01
6.148829149879823319e+01
7.641193776660469439e+01
7.922964932324521214e+01
5.356308689336682960e+01
6.122477043067398483e+00
9.178760073481406323e+00
2.829677257628484455e+01
5.346646620126360716e+00
5.599185434107194226e+01
7.675973544228639867e+01
5.678034249225650143e+00
2.229423665542022803e+01
2.898494607000541379e+01
5.940561893842615149e+01
4.260087116831942922e+01
6.363326031240235103e+00
8.899877162079403092e+01
9.663641519341209118e+01
3.403781294795595613e+01
5.259024735902929848e+01
1.478173107257332219e+01
4.671468205837559395e+00
1.451683477848909654e+01
8.478829655804985066e+01
9.176090955816395223e+00
2.087395820655246759e+00
5.565112129128914376e+01
2.287300136775832726e+01
4.014978890900049180e+01
6.218276664321964020e+00
4.902594173522154364e+01
4.020539948978038325e+01
2.127247179509661379e+01
3.990610210625701626e+01
4.529187745917154473e+01
4.388287099677528147e+01
1.327833858962162950e+01
5.841488739068113745e+01
6.243771536488193874e+01
5.105398140243796234e+01
2.007702540016468262e+01
9.440363548589874654e+01
6.324361887412814553e+01
7.970392990279877665e+01
9.835519813170708403e+01
9.540337760912699139e+00
8.248923891766230554e+01
9.871532150295955432e+01
7.295729189123261449e+01
1.965540934728288036e+01
1.199380583442581916e+01
8.446552797664605805e+01
8.324715286783330725e+01
8.072222939293811805e+01
2.558697774249429902e+00
6.946860440080204313e+00
4.845205804678294470e+01
2.173206100637904470e+01
9.528855433333815483e+01
7.409732380422019560e+01
8.082382721924309976e+01
1.227646432532091225e+01
5.922151762921424734e+01
3.351541687012749016e+00
4.083383649147341998e+01
7.881543850243619431e+01
9.670025966971776654e+01
1.002952343094900556e+01
2.317660651452629850e+01
9.176687957527178696e+01
3.029580893073304892e+01
8.254002699871838900e+01
7.766859063239945726e+01
4.884095968095257945e+01
7.463346281954579808e+01
3.413384230456577484e+01
9.978085712095992221e+01
8.360947734482824956e+01
2.213164785504126897e+01
3.470719683328952954e+01
3.153077837358691937e+01
3.550533575199268199e+01
3.505390285925011540e+01
9.212308755189209819e+01
7.688338979280684882e+00
3.190140746284762940e+01
7.814702859798406109e+01
4.760497809837245597e+01
5.649928188010113672e+01
2.781244008862609007e+01
2.853758067176272917e+01
5.161328398921247640e+01
2.802193312500903488e+01
4.189982430586215401e+01
1.993922628669797348e+01
3.272881924875249382e+01
7.582244732846615420e+01
1.004990476604121774e+01
6.715899955058772264e+01
1.017928385634037092e+00
7.823865233010364761e+01
3.018064704639348150e+01
1.640586524751279640e+01
8.993033819980111332e+01
6.706030225975682413e+01
5.248435338422838470e+01
7.582218321014192952e+01
4.307072757084242909e+01
3.748793820677357758e+01
7.849644351212855042e+01
6.892379235372419544e+01
8.935080110057846525e+01
5.933326771872216909e+01
8.734886956058628016e+01
5.078743210671788688e+01
9.634346433755329997e+01
2.462427958777628589e+01
6.742770743611175988e+01
3.089705868245287235e+01
2.983777063327629619e+01
2.066248673635955413e+01
3.865069123867258583e+01
3.096791385113036910e+01
7.756095604554003842e+01
7.690133899032014142e+01
6.289391251829150775e+01
9.472117576398858318e+01
7.839478958035728340e+01
8.037902931874785217e-01
7.872294285084636556e+01
2.693222178385359200e+01
6.933176823082133922e+01
4.055324899605937361e+01
2.037058494112953255e+01
6.994036820748263494e+01
8.177568363767659321e+01
4.714713050875655398e+01
5.124827901620868431e+01
1.963830845055174379e+01
3.733486860301462684e+01
9.120023318416345148e+01
7.483387899269450827e+01
3.067614423524670642e+01
7.834578342400455142e+00
4.553455413898256410e+01
8.604611183540539798e+01
9.324946554751576855e+01
4.933792112975461208e+01
2.258125266891787319e+01
7.090657481313841970e+01
6.571741238619654268e+01
7.595589781860738299e+01
7.266876566132290804e+01
8.587260327038153207e+01
7.817900790945574840e+01
7.388403541642631467e+01
2.718851833954694186e+01
2.128051774532219298e+01
6.615450492860998111e+01
8.288632240416286834e+01
2.160428239140075135e+01
1.663121235364950579e+01
6.352087006511040101e+01
9.866042931539371352e+01
5.759802944407924485e+01
8.862165604564538057e+01
8.350660270132014773e+01
7.732837520613217919e+01
6.657309076410997761e+01
5.573839853232780683e+01
6.571771731153974372e+01
7.405796854350008118e+01
4.908198826444064622e+01
5.907350548351364239e+01
1.581867316348395391e+01
9.925648996361641707e+01
4.628371621159451621e+01
9.755481658979090298e+01
9.186420908194618562e+01
3.498305544876759399e+01
2.402085168101099200e+01
9.064867074140678938e+01
5.084747718089435153e+01
7.441648211550904080e+01
4.115165469177687640e+01
7.106521796151581327e+01
6.794700336635621341e+01
3.645181887029147472e+00
5.661786491467130134e+01
8.455146725116617290e+01
8.437111467325165393e+01
2.410014509214453149e+00
8.790679231364600810e+01
3.790500381889872017e+01
1.932936470988055788e+01
9.557347512250441923e+01
4.464230915323217630e+01
5.672301072671098865e+01
2.714754368001360874e+01
2.417144509304488409e+01
4.355175111428466472e-01
9.851341036497741754e+01
4.525288775341543612e+01
6.743432559389511027e+01
2.248002096485617329e+01
2.914053194695631532e+01
5.444533351965106505e+01
8.975410226846072703e+01
6.858224491391825950e+01
5.672298132485873623e+01
5.444461104491185210e+01
2.080300086300333007e+01
5.579109285946100272e+01
7.379482362268899465e+01
8.038837810865585709e+01
7.004119310777642227e+01
1.177809937333317336e+01
2.539559782116915798e+01
3.062981555267149147e+01
4.555074240222454307e+01
9.564838631715944928e+01
4.328405795781410603e+01
4.896976015169344976e+01
8.134059619564062871e+01
5.518647012633146431e+01
5.118658007060997761e+01
8.134821809660320469e+01
5.899822768459195288e+01
4.482659169407457966e+01
4.700401863424169591e+01
3.347421579144980086e+01
5.119728210824329295e+01
5.047867338692842054e+01
7.096927706857266571e+01
9.203963500238981510e+01
3.895294801976696419e+01
9.235068102413521274e+01
4.728734547308062020e+01
6.307893783246309027e+01
3.710309606695078344e+01
1.723640078853998503e+01
6.867941564672229049e+01
4.594539806418473660e+01
7.555606268386807756e+01
6.951978659364854707e+01
5.348645606380985384e+01
5.574521115196920107e+01
7.716190186072327606e+01
4.744996452352911120e+01
1.060996284417974422e+01
5.904360381141686531e+01
6.154247711999734349e+01
6.287023334396534580e+01
6.333912430992080544e+01
3.745272738953708824e+00
3.862219205189146010e+01
7.951528556345179766e+01
6.631014430800506432e+01
2.364131797942046376e+01
4.311747190260694396e+01
8.708814099257759267e+01
1.227368951367867567e+01
8.958917015398264994e+01
4.616551111347696690e+01
6.226707329981168471e+01
7.692398256186355354e+01
1.151107691047981163e+00
1.459469495920240334e-02
7.317188278790229106e+01
2.297175747578291549e+01
1.228514291369896583e+01
7.450351884700059202e+01
1.511663717539524221e+00
3.859114985573282297e+01
1.762944006820979936e+01
9.206912198074097375e+01
8.276199868066368026e+01
2.539290152970800207e+01
7.698977066619849552e+01
9.777717765547451734e+01
2.022789525822658163e+01
2.394092048738302125e+01
7.717236046790360149e+01
6.332715027011231257e+01
4.500379847827594659e+01
9.753367738419510147e+01
6.161508732684764311e+01
9.629460966566284696e+01
2.011154285880364512e+01
9.849687296424293947e+01
7.513031531589416545e+01
8.394437224060364144e+01
6.696832470934508308e+01
3.471174807545751406e+01
3.275675655560791455e+01
3.227216386190274733e+01
1.886622133233506560e+01
3.146028375980279890e+01
4.486074758175465860e+01
7.982717010974951677e+01
5.706222078328219283e+01
8.506790096566635384e+01
9.528369504977234783e+01
1.490180401905618623e+01
8.084657755201966722e+01
2.938212408496789863e+01
9.010515863903233935e+01
1.645067829678681193e+01
1.017937697301695188e+01
5.089981258882714243e+00
9.705467291857074486e+01
4.484116227069733185e+01
6.226134423407236795e+01
8.291808321139441773e+01
4.900104280835498827e+01
6.476951236956891478e+01
8.713105554413438369e+01
4.962460427539166830e+01
4.416918917207334871e+00
3.960060257160774455e+01
3.554182001446505268e+01
9.011243446477861596e+01
5.364645018748448457e+00
9.162209879637403276e+01
1.121767542220084479e+01
7.097546778868871797e+01
1.235189333066039019e+01
3.037184759477420215e+01
2.561010262063227927e+01
8.715347042696471647e+01
9.793138628232814824e+01
3.913658174547646240e+01
3.518608684992621249e+01
1.019889474267412410e+01
7.780795908991582621e+01
7.440766226666669070e+01
4.398867836874805448e+01
1.110535895132450612e+01
5.133510486932043904e+01
5.428966329790584666e+01
5.816096143440297794e+01
8.760149595542465306e+01
8.458788972837513143e+01
5.984283988158950507e+01
7.545740413978954564e+01
7.151792484767554470e+01
7.008893404575886166e+01
9.951015045384610858e+01
9.839157398351251516e+01
7.437942793883478032e+01
4.304819332363347684e+01
8.362814170533037839e+01
4.377552886517643849e-01
5.666633429175057302e+01
7.006840836741551470e+01
6.836768533784277224e+01
4.385675104717783057e+01
7.713843642170400017e+01
8.927492476517991804e+01
1.534507773435400679e+00
2.928217669696537939e+01
3.604822307526650604e+01
3.250946595042282183e+01
2.563426449819520414e+01
7.538077429353580783e+01
6.824611123720765704e+01
8.648878839909184535e+01
8.669660826779063711e+01
3.534138757113123575e+01
9.521192811505714815e+01
8.978037866985150117e+01
5.767445525536525253e+01
7.102521701207125204e+01
2.291442440746527254e+00
9.494365440244820320e+01
6.399508015020106910e+01
4.605123405588287255e+01
3.382983218926747071e+01
6.705517079291757909e+01
6.908789928200521047e+01
7.916726146252354113e+01
3.584214082330520057e+01
7.463553931731389923e+01
4.466841319402428923e+01
9.980308738934870405e+01
6.414685086264071856e+00
4.026424646432785437e+01
3.654167249272472873e+01
4.783086106461941256e+01
6.328867723165232384e+00
3.397402028080238523e+01
3.587115968966782020e+01
4.773382719755794312e+01
5.973350323948245943e+00
9.519226212840290202e+01
8.017018510610829196e+01
9.957118006174538039e+01
7.926867417864886534e+01
4.304082693077710076e+01
5.374740242774911536e+01
8.194483430086329179e+00
4.478179451723695692e+00
6.955739428077690434e+01
8.342838881428613718e+01
5.308337990115185079e+01
6.906521610366394270e+01
4.487539201720663584e+01
9.725218549570261928e+01
9.432327282996570261e+01
1.542885245737107880e+01
9.398267418800385542e+01
1.682006914062028713e+01
8.198647598667743353e+01
9.706950949438177645e+01
8.898828757620181307e+01
8.217660637748231522e+01
4.684218267133054781e+01
9.240432105547805008e+01
1.655807445251738130e+01
8.382688940683031831e+01
3.157530149933381836e+01
8.311860966607096657e+01
4.549382205404711499e+01
1.450294194602436093e+01
6.034516252619578580e+01
7.348834630419953662e+00
3.679712841334087159e+01
6.265816174803669725e+01
2.535397206622224076e+01
8.559274393279466153e+01
2.578654034776917214e+01
1.224529094682268493e+01
7.605898516779953411e+01
1.923953248932654958e+01
2.013976147882414836e+01
8.607817173322887072e+01
5.680063161559898788e+01
2.461539153713839667e+01
3.781696886731354823e+01
5.004883769337343580e+01
2.038223259121068054e+01
6.963384924575831292e+01
4.614900829937592874e+01
5.861864462747941928e+01
5.300135424106026960e+01
8.875650911963155920e+01
3.560667520214570914e+01
6.718848472010596140e+01
5.536144756043801607e+01
2.374368808966388400e+01
3.901437441553311203e+01
8.083735908935099701e+01
3.769444645924965442e+01
5.399945061742275954e+01
6.896040396031844466e+01
3.306117062925396510e+01
6.829714584053647286e+00
2.297827535927904208e+01
5.747225743070934811e+01
6.043906671922903939e+01
7.036987707896602728e+01
9.537143509963136978e+01
3.777303665187849191e+01
9.312032453188024306e+00
6.463280721085411074e+01
8.999213440131333641e+01
9.865634582225750648e+01
4.704789919920065699e+01
4.806209356987899639e+01
5.009610535153985467e+00
4.866058693575541128e+01
1.620155109968188611e+01
2.699088728151610717e+00
3.953613866250843500e+01
2.228692483201377783e+01
2.926940191261680013e+01
1.005952774136165218e+01
3.772885493743653029e+01
6.357326529273158400e+01
6.317215912387874255e+01
6.281329999991335455e+01
4.662259035324732537e+01
7.798989960661660348e+01
6.265730841437579812e+01
7.774268763517630987e+01
5.473130647710065233e+01
3.207765500106744128e+01
6.456447715773369112e+01
4.501170688443040291e+01
1.105506586004506531e+01
7.801519133641164672e+01
8.002626907055841343e+01
2.554206876063820175e+01
5.722890862393658296e+01
9.545780737810697758e+01
2.205125660725622083e+01
5.896224739963930261e+01
4.677033134899816247e+01
5.722376970796491236e+01
5.842436429592726910e+01
7.001860700809769966e-01
7.450339408945158937e+01
1.890545829592212712e+01
6.695322085914101606e+00
8.831622269225357513e+01
8.091705393277669600e+01
8.055105437764993326e+01
8.430577884782344711e+01
4.498995961190088622e+01
4.420714473614850704e+01
9.385682157828921390e+01
7.965304929757537877e+01
8.014607569729396630e+01
2.476292706544329647e+01
4.396106620109763163e+00
5.884126839964771705e+01
9.134492306003758699e+01
6.822268995863859686e+01
7.671651526562985168e+01
9.145650511786054437e+01
9.438055221238839110e+00
5.814673222244365292e+01
5.558455728840127108e+01
6.838669401430873052e+01
3.896816010612489123e+01
2.663115424123861885e+01
1.177785631287261481e+01
5.372572496722816027e+01
4.302641841879606410e+00
3.048123529543892474e+01
2.907741234769510896e+01
3.530608384978636138e+01
9.757657904138643801e+01
4.668030611437756505e+01
1.658714902644494771e+01
4.464427637581577102e+01
1.755895808137351111e+01
2.601612045126607953e+01
2.389540654870669911e+00
3.107230074470345116e+01
1.022306942272140873e+01
2.833906478569107179e+01
1.396230863230717389e+01
4.407288037315743168e+01
6.429897593464315264e+01
2.501287597501012883e+01
8.286317133803535739e+01
3.374585395725114978e+01
7.821003745955171382e+01
3.922415597544506483e+01
8.842900264084391893e+01
6.984723365338740564e+01
1.309774147518744059e+01
1.181948695419101725e+01
5.265688195956573736e+01
4.861536899398988254e+01
4.248570248980792030e+01
2.819143961762669193e+01
4.454955230434360658e+01
3.784150168860433183e+01
7.211455768476989192e+01
7.283066756867528468e+00
7.060586103558257776e+01
3.090696020105905362e+01
7.321337027781287077e+01
2.183745305692144001e+01
7.337646889652177151e+01
8.329354723576014408e+01
7.449480188379661172e+01
8.824901297087262719e+01
1.547473473130754940e+01
4.593893049652086447e+00
4.519105787341428737e+01
6.436037891615661977e+01
6.944274761590740752e+00
1.264677026396642212e+01
4.148674085207054674e+01
5.115894843917988766e+01
7.883296418927807281e+01
1.114632085309784593e+01
9.604443897421050735e+01
5.666364427860184350e+01
9.185985357127296425e+01
8.093002688244953902e+01
4.782185347069695069e+01
6.809011292952020256e+01
8.743724975749820771e+01
9.129123903521502825e+01
3.688340931419121915e+01
7.597137159552967489e+01
4.156612588922705953e+01
2.208864686727699578e+01
4.728112863330861160e+01
9.685680594654535014e+01
8.646049993921633359e+01
9.696270291435062916e+01
2.888372824165075237e+00
8.101600718167784976e+01
1.071221022686785673e+01
9.034847334891691162e+01
4.504673297532898602e+01
8.947594968434316343e+01
5.015089017476421418e+01
2.413780630999830024e+01
4.509090211111823976e+01
5.974716880313818734e+01
3.697332173685828138e+01
7.450216179904645131e+00
2.857224234238382365e+01
7.437729363690149142e+00
2.400948577445736021e+01
2.368893722120969514e+01
7.614587615516899000e+00
1.085038328168263000e+01
4.553887854386540113e+01
8.875847093717766256e+01
2.259891815572923068e+00
1.564654045696767248e+01
1.698860360963731964e+01
6.743521644978744689e+01
6.875022840287454073e+01
7.562380937502322809e+01
2.945542641281377882e+01
7.482050723254415914e+01
5.140586750335379662e+01
1.871609577769359589e+01
5.001289440014416954e+01
5.558305517085676684e+01
2.755331569625314359e+01
5.732165904394896927e+01
7.418720032171030709e+01
9.462638843182190840e+00
8.360576358436344435e+01
9.000268682512965768e+01
4.834660195771385105e+01
1.734108409075572155e+01
5.373383071840008540e+01
4.167730860320099140e+01
5.531608534051191128e+00
9.790759692656668278e+01
7.457328415610922434e+01
5.025113037040451758e+01
1.091005710500295756e+01
6.560869964745855043e+01
2.909773252986014302e+00
5.669702940183519502e+01
4.293612236717959973e+01
1.230970752592599382e+01
9.291225303801905966e+01
7.194259903080352103e+01
6.041231911453452597e+01
8.796677358467691477e+01
5.756583429190354906e+01
2.039633999996836167e+01
6.434388030923487989e+00
7.881488288984368751e+01
7.199312779087972558e+01
3.364013552314012401e+01
5.328859835619365271e+01
8.764478812066201385e+00
9.646428108566007964e+00
5.915356987487523099e+01
1.049079638779263313e+01
8.201811867653738375e+01
7.085002771022803358e+01
7.610756064030616130e+01
6.580577969038823483e+01
6.297886032323697236e+01
2.973563853452423444e+01
4.654336003289224521e+01
4.881200735730851648e+01
3.997169361914298946e+01
3.010602613517333737e+01
4.795942397386341582e+01
5.967927143273384161e+01
4.119931412375375857e+01
3.078306422040766321e+01
2.494707057604905742e+01
3.823777815639289912e+01
3.921182593966810259e+01
9.737484350831222457e+01
6.724803549397496738e+01
7.777672242465632735e+01
9.253750539427700517e+01
6.712814626091498837e+01
1.185565102192914821e+01
9.788515754073875996e+01
2.237529011823707847e+01
8.519902039186055731e+01
8.563197172742856367e+01
3.663490777192022563e+01
3.622435963589487784e+01
4.357495601284126252e+01
5.397126760582451510e+01
6.440729949021277889e+01
4.623071055439250898e+01
4.063498247057570723e+01
5.722938478259321116e+00
7.773754793439044875e+01
4.137958839827216195e+01
7.684178451148892464e+01
3.616245610689758649e+01
2.912327916858326038e+00
9.672619924587276330e+01
2.684184971761547445e+01
3.703480775710690409e+01
7.973234671213688785e+01
4.004191482486477582e+01
8.846900946514685415e+01
2.885704644930041596e+01
7.470908432142002198e+01
8.572494296927106916e+01
5.325958820060391474e+01
3.462366167115692406e+01
6.839556357597693648e+01
3.373148309202036188e+01
7.739317097661569278e+01
7.244792307157044142e+00
7.439133071394280705e+01
3.563622872667437935e+00
5.084094178961249355e+01
4.235238633506998696e+00
6.363012453215907271e+01
5.411109046526082267e+01
5.963719333324413441e+01
8.499567290255676255e+01
4.957905623251779303e+00
5.043340754362785106e+01
6.543274340829654534e+01
4.173860516668928256e+01
7.777689684753369193e+01
2.132777885964208764e+01
6.482818771769713351e+01
1.472737656332809841e+01
1.944377109561714434e+01
6.379175489942235089e+01
3.145519066814632581e+01
4.625853318225357924e+01
8.583954334741812886e+01
6.003986393169793701e+01
9.483720323060313717e+01
5.510033991624408145e+01
8.238131932086363918e+01
7.567476098740244517e+00
2.763879282949292104e+01
2.337548870003755042e+01
5.082042374338677604e+01
1.064699713078005594e+01
1.175178903043209111e+01
1.890489679483271601e+01
5.414096271140272876e+01
9.885439287980078404e+01
5.749236789406151615e+01
4.327220965025423283e+01
6.116275864245825744e+01
4.782743288530236470e+01
4.914770202392828935e+01
1.152950963420790131e+01
8.745605891848141766e+01
7.576258446855465678e+00
4.744902364169302444e+01
4.088684081501121881e+01
3.636164796124650422e+01
5.780215547345775917e+01
1.067920585062723760e+01
1.462701436491938800e+01
4.962541190701594473e+01
2.764270875589147636e+01
9.012486994175421273e+01
9.886135793601393118e+01
2.642984318373420294e+01
2.284651154000939499e+01
1.389334038088315637e+01
5.362829581920547639e+01
4.292899922214776787e+00
1.568151181850332421e+01
6.325541518329632851e+01
7.327247803461209230e+01
5.243633888026059253e+01
1.963336970341983445e+01
7.498456355344434598e+01
8.866064708250540605e+01
7.067776325259445969e+01
4.100598064461181025e+00
8.494332417112531175e+01
9.755868909073723216e+01
4.246067356378172519e+01
6.553639557295038287e+01
8.352799011487429937e+01
4.469043362973624767e+01
6.634556810856301468e+01
4.783118395163810987e+01
8.016233805284518610e+01
7.970796615630845849e+01
8.862743723276039987e+01
6.710114954916974739e+01
6.499231661121307013e+01
4.931631490608674540e+01
9.996924105361149060e+00
4.965490379583736846e+00
2.197990302126898854e+01
9.195879833189162866e+01
6.881539972611682288e+01
9.790982338879084068e+01
5.117630847756262824e+01
4.151816260957028248e+01
4.270933149485398417e+01
2.265021788494701127e+01
6.453987982825182712e+01
2.356507457180980936e+01
5.731489361033752772e+01
9.426409603541891613e+01
3.478679161621821692e+01
7.875203743710213189e+01
8.568669323805811189e+01
8.229772457963608190e+01
5.045830788553541169e+01
7.201979713700157326e+00
3.553772199323942260e+01
1.238335483876773502e+00
6.232440167368436335e+01
3.046868242233265889e+01
4.224422409859776195e+01
1.353936364215216948e+01
9.154786962938095485e+01
5.486388817185365951e+01
8.472701363637634131e+01
6.205232440279527850e+01
4.929524798708365552e+01
4.478381784774558838e+01
6.713524793241460031e+01
2.214060106885720103e+01
6.469923208967837525e+01
9.322783002797785912e+01
5.241613433191203342e+01
8.279597210405907504e+01
3.836509445016071851e+01
8.572421622417559206e+01
5.594018153152408246e+01
5.346883334063245741e+01
7.920848816222174094e+01
1.351040506664242713e+01
2.611373218525037121e+00
3.377419481645046773e+01
8.757261478710390179e+01
1.026207008238487717e+01
5.282900869096069840e+01
2.574238700594300155e+01
4.074226293576808899e+01
3.216085142598509350e+01
7.209018967618938234e+01
9.940791976810275798e+01
5.739569501376259097e+01
9.270298146105294279e+01
9.060495688488012433e+01
8.061311818620792735e+01
6.570450763258230609e+01
8.896675917010279022e+01
3.677967275158199101e+01
5.455545710381694846e+01
6.144049608058423928e+01
3.538305568253991140e+01
1.892962650557017401e+00
4.862148556176537184e+00
9.323179530965222739e+01
2.817314478982241255e+01
8.531760651266785089e+01
6.184893641974724687e+01
4.146612286421047955e+00
3.412524230556439875e+01
8.073608771892327240e+01
7.178828532955714081e+01
8.528586294775250565e+01
7.988706786531015780e+01
3.996976886434067922e+01
2.364749988579325546e+01
2.048167257842307265e+01
3.707671786451872720e+01
9.651313008259387871e+00
5.483489519725698358e+01
1.343381460607314715e+01
3.655046521249460767e+01
3.006086429273606697e+01
9.402114196641684885e+01
8.938176230068370387e+01
4.700165303047623411e+01
8.167801926907377208e+01
6.233576124627926163e+01
3.272855409318776765e+01
7.903408416494598043e+01
4.259480718536738664e+01
7.537069421395263191e+01
1.338352841972898588e+01
9.153353072263500678e+01
8.457754207491607445e+00
1.417909154393569615e+01
2.141744803896319382e+01
4.016190655632264850e+01
3.257767338110782873e+01
1.830353149591595852e+01
1.961766269734935975e+01
7.542266798947507311e+01
8.420535228163889485e+01
6.034461052495684186e+01
9.951674404009642672e+01
9.753952947245414862e+01
4.538957337574560569e+01
2.500052545560646067e+01
1.654458601697545816e+01
5.111940548612875546e+01
7.662443598277616275e+01
6.637813098283507429e+01
2.892541220673617985e+01
5.807087412785494251e+01
8.318116007526796807e+01
7.136970113281920192e+01
1.825529800504911293e+01
3.599474015734387677e+01
3.160679795455458674e+01
3.451096706106181244e+01
9.878385007367033666e+01
3.382325524989450116e+01
3.472467572489142640e+01
5.258585979852631453e+01
2.940522383404773166e+01
8.682899599317003947e+01
3.574121366256905219e+01
2.838760746853466088e+01
4.315113164633519460e+01
4.862412306678488250e+01
9.556112847451470316e+01
5.820026493938932077e+01
7.885850653690930301e+01
7.300909973994851754e+00
5.238594429036487554e+01
1.230593900046646993e+01
6.363896545926870374e+01
9.523293407259420462e+01
4.130948399984931996e+01
5.535235624372523944e+01
3.680738196509019389e+01
6.543509075270094399e+01
1.949482378466293042e+01
5.796402050028945041e+01
7.772499959580837015e+01
1.886157185084854504e+01
4.981252691860147763e+01
3.336082499095998344e+01
3.644106090205369952e+01
9.614756814373659921e+00
1.937834663674635749e+01
5.926618971220133147e+01
1.486146760132470668e+01
7.813317791348319474e+01
3.424240531484821304e+01
2.866102258986498086e+01
1.294855055851433789e+01
8.875060235741102588e+01
8.755777926905324193e+01
2.119435633354328630e+01
6.201184026761094259e+01
8.090123550515072282e+01
7.850053772346670655e+01
2.785524805097890777e+01
9.162207395354259987e+00
4.773920903679531591e+01
5.157362967129942888e+01
1.703612175915284510e+01
8.854289946078867501e+01
5.964313622631323142e+01
9.988858056854384415e+01
8.172657393385935620e+01
4.009660535174131013e+00
3.514678522229257851e+01
7.582827519657021753e+01
4.710253904185983487e+01
1.630738300409679908e+01
1.489134002097191001e+01
4.142535728506019410e+01
2.084377357633860939e+01
2.302729242555034972e-01
9.249022014275843162e+01
5.122739525235614622e+01
7.264110574011729682e+01
7.649721577451626331e+01
4.598696649738205622e+01
8.833303507288195533e+01
8.249462034119142118e+01
2.971487518708270059e+01
7.671211142251233639e+01
4.791269720469875892e+01
1.000502647169111370e+01
6.716502365109064954e+01
2.878764591756307567e+01
6.735979815334913212e+01
4.993210351648043144e+01
9.025147321480258711e+01
3.087093069384614452e+01
7.197908681756553051e+01
8.830073190793089566e+01
9.855873839317848706e+01
1.932822928140983620e+01
6.054527240088258822e+01
5.669559763991768619e+01
5.999820428535728922e+01
1.885121849533068072e+01
2.746889152515474919e+01
4.821378050445744634e+01
2.802346530368320288e+01
5.072800902994985961e+01
8.451810130174835933e+01
1.772625920688001244e+01
3.362206159680557249e+01
9.265997341542532695e+01
1.935650465207076110e+01
6.058318051890930889e+01
9.648716406528532730e+01
3.939860717397917256e+01
8.282065726891421775e+01
2.508075988974052350e+01
4.253254926601135821e+01
6.597095035342223923e+01
2.863682045023232448e+01
5.920110563710419171e+01
8.374895208365951760e+01
8.576659222256432713e+01
9.034606053837343609e+01
2.247429138319030528e+01
3.282819782807545295e+01
7.787735302324563236e+01
1.835137317417312630e+01
9.392511277882901766e+01
7.012588214842313050e+01
7.649631277853168854e+01
4.568024607297854800e+01
4.732524667093633042e+01
3.603641108000329751e+01
8.107079035791386445e+00
7.043481716086691335e+01
2.573486703231443329e+01
7.722689653218552053e+01
2.157103705208610478e+01
7.201441251564902757e+01
8.839960984325043114e+01
4.276429682698750412e+01
2.482375646345145270e+01
9.636436390556757203e+01
4.311704102968852226e+01
5.279702833134412998e+01
9.728294799016438787e+01
5.124569462647470175e+01
4.814154398827547965e+01
5.515831667654628490e+01
1.364898748749049417e+01
1.171830480512573480e+01
6.696789793458722784e+01
8.925645158641513888e+01
7.568267761204150190e+01
7.645856644464130625e+01
5.400301975463307258e+01
4.857570757076445744e+01
7.292341303424390730e+01
8.313897133938931461e+01
4.998361378677685707e+01
5.277053910476166010e+01
4.854673423803666310e+01
2.429198328515116501e+01
8.061812851101447563e+01
9.792941018336931336e+01
5.665405904660951819e+01
5.351270775102319277e+01
7.869376758129152449e+01
7.934461753643901716e+01
9.271017091633372331e+01
7.525228969982394744e+01
2.854577949795033120e+01
8.521424007016172197e+01
6.761690695205548707e+01
1.194325050065525673e+01
3.326510507027767716e+01
6.164216068883860800e+01
5.120017761701819126e+01
6.029753264655055744e+01
3.769192066725975110e+01
6.376020457243856043e+01
5.088449998541884156e+01
5.019074852282295041e+01
5.304605230707159080e+01
7.277579557755498740e+01
1.427841885473883821e+01
8.742005358457531372e+01
1.344717216324960951e+01
9.207067300054198711e+01
4.983995232824579347e+01
3.516132998934110532e+01
3.896705545397842485e+01
5.118338442577908154e+00
4.518311101483026704e+01
5.732812132263534721e+01
8.858159366473492469e+01
5.990397254724371123e+01
4.097103002758561985e+00
6.994716020107438759e+00
9.371562478586656653e+01
1.746328474685681087e+01
2.356413077348340490e+00
5.609374931480120807e+01
9.905752321555756623e+01
3.547786716193330392e+01
8.499735178355024345e+01
2.845451795014474072e+01
9.513600205748227268e+01
8.612921585388491508e+01
4.787176048886018265e+01
4.006261226070589032e+01
5.805978518983638992e+01
3.695688598036250028e+01
4.715294155243926610e+01
6.344341675721936014e+01
8.621934390753924049e+01
2.276167739617486063e+01
9.743754157195900234e+01
8.287613826496526315e+01
4.751820623916180608e+01
7.745759000915836623e+01
8.531533292194581009e+01
1.591266340738539675e+01
5.230581353043854875e+01
8.265079671477506906e+01
6.937589502705154132e+01
2.919877877828549373e+01
2.987715425861059515e+01
6.715885109160237221e+01
3.660524591575676823e+01
5.123733089951676334e+01
4.015137934490511640e+01
3.307891987963288472e+01
8.670213420681153593e+01
7.128489673089035250e+01
3.190404297317481763e+01
6.986361432180649444e+01
1.487521703926502070e+01
2.449838663263178518e+01
5.186990111785393509e+01
8.767800342318842866e+01
5.080463798997543989e+01
5.740402117959858685e+01
6.863582501404805214e+01
8.462051543863238123e+01
2.127575471103704174e+01
2.126645700151139806e+01
7.155839896018464685e+01
5.139325694153755819e+01
8.351858399103268482e+01
1.365900942913400584e+01
2.828890797935240542e+01
4.540448397512448508e+01
5.616279004431642363e+01
5.012130346186254570e+01
7.859259762548460060e+01
5.217700773122173530e+01
3.644872769239646715e+01
2.558247886906275426e+01
9.885487844341697894e+01
6.830648128135391062e+01
3.224462839426508509e+01
4.834211863048809477e+01
6.316699876968194616e+01
4.265163346393391208e+01
2.720474300840851711e+01
8.423179692834975185e+01
9.442097814691943825e+01
6.903919947171308991e+01
6.233082507404383676e+01
7.625464794421159809e+01
5.801715779824949948e+01
2.555067243576092384e+00
5.081548444257781938e+01
7.126327940467031397e+01
5.396039864176383816e+01
2.202197569366568430e+01
8.678147489738906017e+01
8.806245089943354287e+01
3.830927172707360029e+01
2.782274042616794674e+01
4.055472905237911618e+01
2.080791919037127258e+01
8.981111351668597820e+01
7.951345229275155191e+01
8.851704905125606615e+01
8.767067750419118966e+01
5.068822609797594225e+01
9.248322839066341317e+01
7.084189077362222520e+01
5.979356318563841910e+01
8.110423167145174261e+01
5.001470272311073018e+01
8.276247034346905451e+00
9.483493304689361025e+01
8.126001414576113291e+01
8.271761351113793737e+00
8.087266693871988821e+01
3.113783466577858405e+01
6.370497710378565159e+01
6.273656466558953326e+01
5.241539987730219252e+01
1.918318878187782417e+01
7.022624751009995236e+01
9.280128742910960682e+01
6.170887257653032520e+01
2.492103726457787261e+01
8.808022877684216212e+01
3.870265064839459512e+01
4.953106430079958500e+01
6.878040328240351187e+01
9.918216544008866720e+01
5.248959504509531371e+01
6.866316839278113093e+01
3.560400069270065160e+01
7.746222741127492384e+01
3.741691500089583400e+00
9.407593535131720586e+00
2.053395113477911593e+01
5.597500827977290783e+01
9.695969706118451370e+01
2.891306404718301337e+01
3.260385722426120481e+01
8.412901099439872965e+00
2.722973397787965411e+01
3.137193988043118864e+01
3.469637962941725107e+01
6.097012517228719020e+01
1.308605538209988239e+01
3.389693085647167692e+01
6.325553888637948319e+01
1.376525276603223169e+01
8.466868935395049789e+01
7.605784134613938363e+01
2.909231314084185271e+01
5.381806114570769495e+01
9.821507025357570342e+01
2.325191200725532781e+01
1.631947938793193487e+01
8.793678597085656179e+01
3.315184995865016759e+01
5.191940313345860858e+01
9.659871287440392251e+00
7.605903478789926453e+01
7.062150400853425936e+01
3.633368698555692333e+01
7.687214629789326636e+01
5.014709091025723353e+01
4.088103855839563039e+01
7.828810929422810716e+01
8.725778491062252229e+00
9.537520425249461198e+01
8.743545813797591393e+01
6.492525986776496438e+01
2.390565346585099604e+01
6.566657875135480538e+01
2.840707523462987538e+01
5.766442884663042179e+01
9.970295173337103734e+01
7.489651628594114641e+01
5.990196836642053313e+01
3.821608545755462671e+01
3.531038020323074988e+01
4.579346416365181227e+01
9.253239490999895622e+01
5.086584528826509910e+01
6.994492320884215530e+01
4.889286185386739447e+01
8.810010936101470236e+01
1.962065743591362477e+01
8.879158591688927515e+01
2.716975842271292052e+01
9.684851784024182564e+01
8.622593020356795535e+00
2.487949102198302498e+01
9.743278221184564813e+01
9.500792758536479710e+01
2.594397562528727263e+01
9.069853480919721278e+01
4.933439311717353348e+01
2.529286830029547772e+01
4.589622406064770388e+01
7.164405866193706629e+01
1.733875104352339136e+01
4.167301826451181057e+01
4.494556982969586301e+01
7.844901246485802560e+00
5.901767462207762094e+01
6.795663414121884216e+01
2.130123558144293483e+01
6.430867217236814781e+01
5.623788398992617488e+01
6.863855834522514243e+00
9.285322480840328296e+01
7.724415304972896479e+01
6.374038928068878818e+01
1.552854415624416173e+00
6.542357855009686318e+01
7.949870572922543488e+01
7.328412907631958717e+01
3.609692171496193680e+01
9.038276987722381861e+00
7.867236918924902511e+01
2.274038939442938201e+01
1.330649255325071501e+01
2.234889802691231164e+00
9.798444210117105513e+01
5.106924053611863457e+01
6.004032096506097815e+01
5.243534626086920980e+01
3.036655142333818347e+01
9.521648448642982032e+01
1.315785215424511989e+01
1.782001550464922346e+01
4.007542399172814385e+01
3.615831305734851231e+00
8.622293577296281342e+01
3.663424048951768874e+00
9.584143064141015245e-01
7.313000735361086413e+01
9.512949755000521179e+01
7.080499076013035520e+00
3.673613337683791258e+01
9.826995102545477323e+01
7.507276495547249340e+01
5.408158824788420560e+01
1.363240797058112896e+01
9.981617899380437109e+01
7.105524439656664981e+01
3.289973534385595144e+01
8.360412314954690061e+00
5.728173268033186361e+01
6.485424329526843223e+01
4.688341139285528669e+01
9.634979310037405753e+01
3.745020329321754105e+01
4.666725149836199193e+01
5.170143494686006136e+01
8.892975038331981352e+01
8.811034203936902998e+01
7.134971373124710681e+01
5.057979998491147455e+01
5.690526664236853804e+01
3.168899715321879995e+01
8.164599156539465241e+01
7.263256526566379989e+01
9.712208324250973135e+01
3.191142812398447504e+01
4.475386253660840197e-01
6.458518001953206245e+00
1.232688178609994090e+01
9.375719060321443976e+01
7.864309659826524523e+01
5.026965806314279916e+01
8.503115028482341131e+01
6.473611145297309122e+01
8.968592296485570614e+01
3.446332877583390086e+01
3.795649364494288136e+01
9.092116514739636557e+01
2.952428558622689536e+01
3.173545319274556675e+01
8.109020422596250910e+01
7.441866335157321544e+01
6.305296849498856204e+01
4.960859132108262060e+01
4.363891784675574570e+01
4.845907751865367175e+01
9.922941032270149009e+00
3.672882493295048789e+01
5.716152679881435716e+01
3.891374735967991683e+01
6.484691502104634253e+01
8.608701059705401804e+01
1.761396286247735077e+01
3.223364347549675557e+01
7.927440155821030032e+01
9.665785737128076960e+01
6.346749463304235661e+01
2.893538674773882136e+01
1.998521224114853112e+01
6.934858450258982998e+01
2.282720250516342375e+01
6.443117767179063549e+01
5.294663087110969002e+01
6.038347621909464635e+01
8.189200217633528212e+01
8.619205348052729221e+01
2.974963309593341521e+01
8.081600732345714277e+01
9.177926692219112681e+01
9.883741798675637824e+01
5.670735534491993945e+01
2.988179954440635200e+01
6.083476441165003301e+00
4.006295240514637612e+01
2.916686973444559960e+00
7.038727422918907450e+01
8.555699824918690410e+01
9.824777830318616623e+01
2.250860734481958758e+01
1.499157546714102729e+00
7.956465751656205398e+00
4.665989432703742068e+01
5.069023453430071413e+01
7.903634552304814065e+01
6.953240881939257179e+01
8.618337992909512479e+01
1.752226584437958223e+01
5.405698863806356513e+01
6.118501931274369099e+01
4.742592187166187756e+01
8.478665392282451307e+01
6.865602303800552875e+01
9.224365609927642140e+01
4.945522416756163153e+01
2.865862181235200268e+01
8.926495514096090744e+01
6.450194703063947088e+01
7.941288832431160927e+01
1.909048578878490687e+01
5.652644995478760848e+01
3.693188714930992944e+01
3.159561248164268932e+01
4.673656810015494045e+01
7.973700505436328001e+01
6.811018965530314517e+01
8.803849519156391068e+01
1.774400866249997577e+01
7.746651040033984259e+01
3.904461870886888342e-01
2.494205558429767322e+01
4.901891109626330945e+01
6.396080505446700926e+01
5.528548433736801826e+01
5.513664729604226267e+01
6.971701761343952342e+01
1.931158434962902959e+01
3.692718754379419011e+01
7.258684605187526451e+00
8.582074268432403841e+00
1.152142495792402066e+01
5.181936882239646103e+00
7.585753436631402735e+01
2.500686103846943098e+01
2.069752356923419967e+01
5.008798552580824293e+01
4.713853197199014744e+01
3.635498327448873823e+01
5.308202324682258677e+01
4.189602355677890699e+01
4.340264462120376976e+01
4.665927035112014920e+01
8.965819213994730319e+01
4.168946706099426791e+01
4.204923659177790540e+01
2.037720629839471087e+01
3.494672686581661480e+01
2.688134439010895349e+01
6.950781522590378358e+01
9.462936360358749255e+01
2.425107593790887250e+01
5.499070520928248840e+01
8.809396148936703241e+01
7.504341988199392688e+01
2.281293841918362730e+01
7.537264711303456011e+01
4.039932742338958604e+01
8.680891864557629845e+01
4.190901153979014282e+01
9.595029617663900012e+01
3.405119045950849710e+01
8.902764218502238691e+01
1.833250690676813122e+00
2.511412078478203469e+00
6.834218777336124617e+01
3.943435578187770574e+00
1.017300688384381591e+00
8.504228732433432469e+01
8.484311237987911625e+01
7.601627552621241080e+01
4.715185071156734153e+01
8.935691268114429420e+01
8.463955495532813700e+01
2.374677496659305476e+01
5.344653083028815388e+01
4.256331731295006904e+01
6.995012624960217806e+00
3.546689661500139579e+01
8.594318394349778600e+01
9.822922380045487500e+01
4.909482409177684303e+01
1.404902318148947238e+01
7.067285608671847186e+00
9.871660478937339178e+01
6.419060818318081374e+01
2.036944678875751702e+00
7.939106758709590395e+01
4.053957821512086213e+01
1.813806048307776564e+01
7.971033047867578603e+01
6.776332206400202551e+01
5.259620604070709504e+01
4.225298585359649195e+00
5.057580490497572612e+01
6.625840361026025960e+01
8.632843089389731972e+01
9.303390447278957254e+01
1.254767364093525295e+01
7.717860078386704004e+01
4.079276923668631838e+01
4.479456294617173739e+01
5.666874536527055639e+00
4.056488754644493611e+01
6.702517951944932406e+01
2.658755157203653852e+01
2.528344845590746459e+01
8.833820025561117006e+01
7.561353612966625448e+00
2.663519195605952206e+01
5.773033144577527054e+01
7.113704438091519933e+01
3.742993959709251328e+01
8.409582477178528848e+01
9.896327335803724168e+01
5.999325025457269334e+01
4.179497363713441160e+01
6.606439191900237518e+01
8.760797239179441931e+01
4.703475957003111496e+00
8.487115620799929161e+01
8.716294827860041039e+01
5.262795240400110686e+01
9.613978259971867502e+00
3.985476008119612601e+01
2.702996103198291777e+01
8.973714370362645809e+01
9.901824546699367602e+01
3.750211970785670701e+01
1.065767914372806047e+01
1.266570086691518604e+01
3.181165040897582230e+01
4.062433691575392203e+01
9.090774417026167953e+01
1.908013439159956803e+01
6.308469754078481628e+01
5.980292555689639045e+01
4.853516598029848694e+01
3.245546048984975585e+01
1.195223425050847510e+01
6.880528163188988344e+01
5.981383188744228363e+01
7.932220270238865112e+01
2.792406062649277487e+00
5.087886617969377312e+01
8.935449711723570942e+01
7.239137900210158705e+01
5.362261067526301872e+01
4.710294142692215047e+01
5.316045406760066072e+01
6.181452947125022490e+01
7.078491158318141174e+01
9.419118235297133879e+01
8.929194332407863044e+01
1.760821565461414551e+01
7.533893252786047867e+01
6.805865648384968836e+01
4.954723802525386844e+01
7.606194285203271477e+01
2.048450272841443365e+01
3.832756891440535441e+01
4.055725904414168781e+01
8.094160885988559073e+01
2.320911435417676216e+01
8.329286431795908641e+01
6.390427855903132581e+01
1.956805554073131148e+01
3.986629341213887567e+00
6.677069490726043455e+01
2.907828553451359355e+01
7.404232310727289246e+01
2.479796894214281178e+00
1.952402210775288083e+01
4.137172119553061833e+01
5.314922189562226862e+01
3.549563812463600954e+01
4.832894660564185330e+01
8.791769924014661797e+01
9.446944642034104334e+01
9.578081668895698897e+00
1.870370041817420770e+01
4.916181528543398827e+01
4.895174767985876230e+01
6.504773387177829136e+01
3.505282241375303443e+01
2.982764475484133015e+01
4.479685152107227708e+01
7.129709487380104349e+01
1.004843436726138250e+01
5.418996094194272928e+01
3.317275655930328782e+01
5.334591543634622468e+01
8.009622147764380884e+01
5.089150710005995393e+01
9.827496034960799420e+01
9.876365355619589081e+01
8.012988292226896903e+00
8.127298203088005835e+01
5.408647755867722395e+01
7.922002529631470225e+01
3.250020838796824307e+01
6.861845518593241877e+01
4.862562928330581258e+01
4.056504751444251156e+01
9.004314529686384105e+01
4.954104692015057765e+01
6.162905851299290561e+01
8.580080170129794226e+01
9.543138417351924829e+01
4.681441068562381957e+01
9.131325727088820088e+01
8.675174067216947549e+01
3.149814966401576299e+01
8.388256294392608936e+01
9.079719504754541504e+01
8.004795896422895396e+01
1.186409019421734712e+01
9.286975343865825039e+01
3.683955530930202116e+01
7.212150592206107547e+01
7.144645273227926907e+01
5.998562159197705768e+01
4.331482879973194144e+01
2.767774935476765563e+01
5.540801648042958938e+00
9.791525023999034261e+01
7.987759663744422767e+01
7.887724086711589422e+00
4.306825374916173388e+01
8.215082636400597949e+01
4.819023821751622449e+01
8.993883274577933662e+01
9.512548829361577418e+00
1.859832938504318989e+01
6.256218439540804610e+01
8.094435479905548902e+01
8.780043282913315750e+01
5.480250728031739982e+01
4.991640397513303640e+01
7.515667084472462989e+01
1.337315783097647781e+01
7.492377461003673034e+01
8.449032183637422122e+01
3.517130548196574580e+01
8.422531537867568829e+01
2.341285159370436375e+01
8.342624571967729707e+01
5.941245262618003409e+01
1.161137277859911521e+01
1.223276548956890863e+01
6.935227927462086939e+01
5.695723830691109413e+01
6.887954707458476378e+00
7.677509256305270924e+00
8.597254901094021307e+01
2.375960673724570782e+01
3.408372939874626439e+01
5.290714331651537350e+01
2.587429765432758266e+00
6.908284188874490894e+01
2.730148299296062220e+01
5.994030935001304528e+01
4.409915481496171452e+01
7.223843822078601207e+00
9.914933008233347778e+01
5.262130071316472169e+01
3.922650723733873690e+01
3.478319262307149984e+01
5.705178559444146202e+01
7.126434961548702063e+01
8.914321282953021353e+01
1.605221276072688141e+01
5.095990627465019074e-01
5.651458376136838524e+01
7.931854025434070365e+01
2.893529439245510204e+01
5.199362396028374178e+01
2.451658927688168532e+01
4.668215306457238256e+01
1.380060443390234148e+01
6.500344160452881681e+01
8.517337790226704897e+01
6.638900563206263428e+01
4.402100930392449385e+01
2.885347039762271493e+01
6.706624621332849756e+01
3.755742598485485217e+01
8.109195487312042872e+01
3.095430688071822800e+01
2.809330836120056318e+01
8.726835033811312314e+01
1.333825984753332961e+01
2.556444880706115796e+01
4.477447381155928952e+01
6.606624481690572281e+01
5.379753739174827132e+01
1.930643183308248112e+01
3.000637064866259607e+01
5.465262802128284392e+01
7.246254534114770607e+00
9.595811409289113669e+01
4.999044802480410965e+01
7.620454001091788143e+01
2.870882613883344447e+01
8.872734903143053131e+00
7.242420934479500261e+01
4.881707612452137823e+01
3.560652470671388237e+00
3.330745737744327073e+01
8.622922646364406418e+00
9.594453611719957564e+01
4.655573908255017557e+01
1.635367216275094293e+01
5.500850969646896260e+01
1.175478560291921504e+01
4.368121110624320380e+01
7.560592017581274149e+01
2.402785902375522653e+01
8.210404133196750820e+01
4.760190775070086744e+01
3.613674825928468692e+01
6.685240414205328818e+01
5.943079018391155444e+01
8.814604080943675513e+01
7.660721544583271481e+00
2.059956480286806624e+01
3.932743628629725663e+01
4.143369819132976062e+01
4.572012863673561611e+01
1.534355680679079192e+01
6.677870413720778231e+01
7.007810833048118582e+01
6.255986641858643083e+01
1.897260847612525225e+00
4.129861890025351556e+01
6.357748617539530045e+01
8.828204329115052929e+01
2.923022620711866892e+01
6.099548743856885835e+00
6.132279956190810566e+01
2.815164470527604834e+01
8.935436574226704920e+01
6.584741950240861286e+01
6.859971291439359220e+01
5.997902884665224832e+01
4.715159404974612301e+01
4.447205743255131694e+01
3.384333134356025852e+01
8.192328630647757848e+01
7.624455048415310898e+01
5.795257728409048070e+01
5.760880422511179688e+01
6.123295689857722834e+01
4.891808749801857203e+01
4.284839674407569987e+01
8.814325054758143096e+01
4.611644505559079477e+01
8.759808387232023108e+01
5.156769620902825579e+01
9.125133155497881887e+01
1.207443283057092387e+01
8.412582954645424138e+01
9.879266197807821470e+01
4.412915458185349138e+01
8.260717377344306556e+01
3.990144117304886606e+01
3.691047037475028247e+01
6.796823186775291958e+01
8.165138240027093275e+01
9.668082481535509487e+01
4.047533537162639306e+00
3.048961798620200980e+01
2.769708630637591895e+01
5.931802037976464703e+01
4.013076915567118874e+01
3.322943585545611000e+01
3.327952014396716862e+01
2.548362402260081438e+01
5.572814925213459247e+01
8.750111079174345718e+01
3.159450711094697795e+01
5.019483360379416581e+01
8.900911497334796252e+01
6.004967408703028298e+01
5.153421681893091488e+01
7.291555138139511882e+01
1.213672568932577800e+00
7.526611235352143048e-01
9.826301785262910471e+01
8.412280151685365581e+01
2.507723625629994046e+01
9.153544294079881638e+01
1.249869953267902467e+01
6.518217579366736913e+01
7.497438991179724610e+01
3.588880318027676264e+00
1.389401582143969804e+01
2.663611895265306373e+01
2.351462527691965221e+01
6.000796531605788431e+01
1.315936210767248937e+01
7.201214549363852768e+01
8.237176383408682057e+01
2.086199828853213489e+01
7.306400020454088917e+01
2.161390016291940697e+01
5.033121738337411699e+01
3.932033909550460038e+01
2.788126983927807601e+01
9.281366438123076534e+01
2.420449464339638013e+01
5.127380459927702816e+01
4.863800047506315138e+01
3.950085465799008944e+01
8.025243563937813462e+01
3.411125306466901463e+01
1.163182964035234335e+01
1.593858692711096481e+01
4.880762106180736026e+01
5.964636352013364018e+01
8.102760478445091508e+01
7.792500228411496721e+01
8.339546905491569362e+01
9.703442004440509550e+01
7.649385986269238913e+01
6.057505916203930951e+01
2.308827521624923218e+00
4.652912608432239949e+01
1.927890007528638705e+01
5.641284296930623299e+01
8.447724808653045159e+01
9.779126397225590850e+00
4.857559233996086334e+01
5.379607369007545259e+01
8.139802961390152802e+00
9.826773054692142750e+01
5.048026917232800770e+01
5.848776979801022691e+01
2.869540985879123340e+01
8.734926582844325083e+01
1.211760124882533773e+01
9.259747371095839341e+00
2.242312131241843787e+01
6.907690403355383069e+01
6.847687509949996354e+01
8.468476017882569806e+01
9.681907150759886349e+01
9.232463764215094670e+01
4.716343238913962921e+01
5.443111451615223473e+01
3.040231619224264037e+01
7.598618266967690715e+01
5.477332831779870048e+01
2.804095229310308213e+01
7.225343283512730252e+00
1.025546284444706124e+01
6.930700170252896442e+01
7.084385345418469626e+01
1.410645391251608061e+01
4.546406187982342573e+01
3.813829043640352268e+01
1.246391373922817181e+01
8.363602273204751469e+00
8.184283067915394838e+01
4.989990116998750125e+01
3.997279229703505621e+01
1.496662558156941536e+01
6.289390818237298220e+01
2.085209430356244198e+01
9.220955774452302478e+01
6.966747597912269896e+01
5.463401066285855734e+01
4.978644742588146244e+01
6.948112641407203682e+01
5.790028651123293457e+01
9.910478975272515356e+01
9.421953764085189675e+01
8.919775096929349445e+01
2.817088973432657539e+01
4.707720139257951786e+01
5.882868792956315218e+01
5.351588091452179441e+01
8.191838433233850481e+01
3.142090286490044804e+01
5.518349712929626349e+01
3.974953247864088013e+01
7.852402234571320250e+00
1.153260911543230094e+01
7.330632201326157826e+01
7.867988330283336040e+01
1.899450723407525299e+00
7.956215422032461504e+01
5.172889004095608811e+01
6.329339567683758361e+01
1.138214786111313437e+00
2.718877790142950701e+01
1.148030688165974134e+01
2.179889751538739517e+01
9.718882404603779435e+01
1.781412724372245648e+01
5.511791064729383294e+01
2.544259521295558812e+01
3.580084731929188280e+01
6.044315876165347134e+01
9.574664406712129505e+01
9.887303047220798646e+01
6.087444012897532986e+01
8.940633835226144299e+01
1.328843374660408827e+01
4.458268028184774323e+01
8.288198019257558258e+01
2.288081114622905332e+01
5.524598090594685829e+01
2.391378814756709303e+01
9.886242626330815142e+01
9.148933270478045188e+01
7.645383135815015407e+01
4.794683494454782391e+01
2.062860516321777382e+01
7.759064712116480678e+01
7.917286341913431613e+01
1.157770999874451157e+01
7.258726404730964532e+01
1.538963034946677588e+01
3.072533374802051043e+01
9.695547479772646682e+01
2.931415917195258203e+01
1.749885308730915057e+01
7.623165443305181554e+01
8.246687848043917768e+01
9.936425860609728034e+01
7.503456197084585710e+01
9.124250110302938310e+01
1.996053027789427148e+01
6.576267213077380802e+01
5.049418538363609343e+01
8.170682715924894524e+01
9.137086348774919031e+01
4.300333834958902912e+01
3.488734728760717019e+01
8.391663893317186762e+01
7.828563178385896038e+01
6.843988844083037293e+01
9.332691649184154947e-01
1.183567974482552287e+01
4.122197930921821296e+01
1.384475198041064203e+01
7.904931393431944286e+01
6.917037166609671317e+01
8.825561290744450105e+01
8.174965232945677940e+01
7.825799766695243420e+01
4.247364378295465315e+01
1.611375077116285937e+01
4.196833112103842467e+01
4.154318635917186953e+01
6.550183792065695343e+01
9.536991287708474374e+01
3.628389755495216207e+01
4.732927660277823634e+01
9.665798615509103797e+01
1.294660353054421975e+01
6.465203438653659873e+01
3.685498038547410005e+01
2.221775996222625693e+01
3.499460512275464907e+01
9.179340286244570279e+01
5.502604857063060706e+01
8.750514072225585949e+01
5.524171506991068981e+01
7.559080443336702615e+01
9.343531385348446960e+00
6.440038210575833943e+01
7.164601557153726930e+00
7.225150382162182439e+01
2.461251091789626955e+01
6.385443520050232280e+01
5.279858867184000815e+01
3.485511182653949902e+01
5.685830713813911785e+01
5.937096923537363580e+01
5.354625219727088137e+01
7.434269795328094688e+01
1.343468959353869607e+01
4.022956578118219539e+01
3.767668388376333155e+01
8.113861353782073138e+01
9.410158199503297283e+01
5.127930034211614085e+00
7.660532945697583784e+01
6.777249819888166371e+01
7.918314021025648231e+01
7.474284782400047789e+01
8.129797129349020679e+01
5.736684814863127713e+01
1.568060157811890321e+01
7.242943398385494902e+01
6.820628272737664588e+01
1.380939289556457616e+01
6.964732063439028309e+01
3.599621710111803452e+01
5.566653836099529684e+01
1.631931939236805817e+01
2.492992878534156986e+01
1.224205998458600675e+01
5.679522801384740305e+00
2.154705201225132072e+01
5.842247789054059126e+01
8.568611425125452286e+01
2.189852798735999428e+01
1.975597382179312689e+01
5.121479640701398495e+00
2.909123831331428178e+01
1.504780710735630400e+01
6.324534435433443491e+01
6.811623699544243493e+01
5.537096395536036653e+01
3.478701606165201810e+01
6.034076104243995786e+01
4.209763831457966887e+01
9.102228613793921852e+01
3.922705019534843274e+01
9.286938376522724248e-01
6.992144920467893598e+01
6.388488361102848501e+01
6.184480343325579099e+01
5.097164931015346667e+01
4.605312568360348990e+01
6.268747838763724900e+01
4.238416884370741400e+01
3.880902148344620173e+01
4.861472227037284455e+01
1.496680390444123887e+01
3.041075500975976098e+01
2.520788049534577979e+01
8.395349600395036305e+01
5.787833167031900672e+01
5.043728056385363345e+01
6.544724768728030995e+01
7.976602969998316439e+01
1.596434105396438241e+01
7.222177259301024321e+01
7.203554476884665547e+00
7.170807749610457904e+01
3.224034727488943730e+01
4.403317533298061193e+01
9.357803303378904047e+01
8.775447569676163795e+00
4.216895579178103759e+00
1.554578485612053740e+01
8.824335760729228184e+01
6.777648883810223879e+01
7.899166322738179247e+01
2.273767505644052989e+01
2.447344536921313107e+01
8.600799690196308234e+01
7.317277737558740114e+01
3.478680892634743316e+01
8.539733016138313815e+01
7.153823070716769905e+01
9.850222864967939529e+01
4.255733962691854444e-01
6.575966431811085045e+01
3.932571053366751279e+00
7.697308406908980771e+01
3.953318300177145517e+01
4.383854275030441983e+01
5.885183827860895889e+01
5.099058893862085107e-01
2.765769200514197479e+01
5.067499505258569314e+01
7.888548462059919331e+00
3.548676055531036155e+01
7.390916248322089643e+01
3.270366407578845269e+01
5.733773590596403835e+01
2.616302358214606105e+00
4.663725620499253921e+01
8.798703788518218971e+01
7.284500590767453332e+01
6.826787746451773842e+01
9.728100837599706097e+01
2.952555992596635903e+01
5.968123843722701594e+01
9.535564166515811735e+01
5.580662946528762802e+01
7.849835257668044619e+01
9.538161669994580905e+01
8.985536090921898733e+01
6.301873379683186727e+00
3.239027951364622737e+01
1.068457523741086490e+01
2.743224951174106963e+01
4.830405490999564222e+01
9.318680742922269644e+01
6.732328045970181307e+00
1.099520124277230160e+01
7.240518194681112618e+01
3.809315162114694431e+01
9.662704396916002736e+01
1.598484382135772996e+01
3.768096740024171254e+01
7.155682699024404769e+01
3.552998805651896852e+00
6.101841360968884942e+01
2.315714610758518077e+01
8.546645760583822948e+01
3.806150069299829397e+01
9.760145414674443032e+01
7.295251780549351395e+01
3.293706546613123010e+01
4.034903061382289735e+01
2.862340245220017465e+01
7.585964582767795150e+01
4.955837336764279399e+01
4.051537163290733901e+01
9.465366079755304440e+01
8.323397087923673610e+01
1.402085965348789287e+01
8.278330828500803307e+01
7.453083325735370579e+01
4.510679075133799643e+01
8.391677252379825092e+00
3.065161386712882319e+01
5.683135300348827457e+01
6.202205057134754185e+01
5.601916966620161986e+01
6.360776347512428686e+01
9.304678351081963683e+01
1.414085087063708990e+01
3.496700753940279327e+01
4.770888426619088563e+01
2.899928647329442910e+01
8.149629462883983422e+01
3.319388227059674534e+01
8.049481131148729673e+01
5.317351399276702750e+01
1.410883386012563534e+01
9.838449002585591074e+01
6.204946128649938686e+01
6.517331840034603374e+01
8.096673812763415867e+01
7.250744074752660140e+01
1.597132342452494136e+01
3.346395568529128894e+01
6.891407289445339757e+01
2.489560134001760261e+01
1.229303700249866438e+01
5.357956973038513127e+01
1.164543450976340822e+01
2.275400892094612360e+01
5.549365005710244247e+01
8.993741221633378302e+00
2.390745763009726232e+01
1.167005328996960678e+01
6.242646241644568050e+01
5.507542315503290098e+01
1.499011459572124849e+01
7.681986564303232967e+01
6.845396929323725033e+01
3.268053794055805383e+01
2.691237145670479691e+01
4.260635117761354707e+01
9.318794084110780318e+01
1.232196921264113776e+01
5.747106233464885605e+01
7.606572802146111201e+01
7.222127270152934386e+01
4.978967176157748042e+01
1.862404299655032602e+01
3.852574804563356992e+01
8.277220193582041929e+01
6.779644417705050330e+01
8.758444168477123526e+01
2.236639402032692914e+01
3.547375603751778961e+00
6.473109882886654987e+01
9.027369483351999691e+01
4.295733859778965069e+01
9.592976850268190958e+01
8.592364768490561744e+01
8.194749292151176689e+01
2.354968012520497567e+01
8.721057405295636045e+01
2.877141459887927510e+01
7.001167350236869424e+01
9.715355850504249702e+01
2.630707755328314335e+01
4.985423255361251194e+01
3.139069527529576575e+01
6.731050205124557806e+01
5.830150950335435311e+01
3.175044874230428249e+01
7.272669005547062682e+01
9.252525599009572943e+01
4.917601062147697633e+01
8.957125498074064751e+01
7.081303324913680797e+01
6.247283319614860275e+00
5.483029056481486663e+01
1.238388897829734159e+00
3.057262011321565254e+01
9.755994768838883147e+01
2.803289339561762006e+01
7.458372022660533673e+01
9.687968623803843116e+01
5.538037463414485728e+01
2.079724123097029675e+01
7.962708088161404874e+01
3.044063193553928670e+01
3.683748550863963089e+01
8.318622401983753889e+01
1.884421350688136876e+00
1.490231608408263497e+01
9.831888965143230052e+01
1.983008183368140109e+00
8.759017545351930778e+01
9.239268811166255091e+01
6.478614841766628274e+01
5.006024107740664419e+01
9.037040086406166495e+01
1.337139561324655013e+01
6.608717059551661066e+01
5.276492009248119075e+01
1.366600665984566376e+01
3.342132675451492219e+01
8.741062009473439787e+01
4.359530893429073473e+01
7.879344230832579399e+01
3.669288131586225887e+01
1.625218061456821061e+01
4.790092471927150086e+01
2.240062830929011639e+01
6.073551893564643755e+00
9.997710718953504738e+01
9.846713078041217670e+01
4.389216371275856687e+01
7.898255380758601518e+01
1.194371043310793468e+01
1.407355677737925959e+01
8.320007955116747667e+01
7.424421895846221275e+01
9.134185021594160503e+01
1.516198147775064164e+01
1.400536205053924910e+01
7.912409956813529277e+01
9.568787717749282251e+01
7.015080376533533979e+01
1.522788619554499334e+01
3.213481314298763891e+01
4.098033007028286789e+01
8.339584393208347990e+01
2.978501224728924512e+01
8.318803952473119878e+00
5.500307822441428129e+01
7.296046719867771913e+01
7.484588215825532131e+01
4.257100850549255000e+01
5.817550182401075887e+01
9.227707846670369918e+01
1.494390486235517201e+01
4.467335739513046633e+01
9.368844201430010799e+01
5.597179957420110696e+01
7.532721711683320720e+00
1.910260584176427656e+01
2.430949473725977228e+01
5.471444152768801672e+01
2.012337778880168848e+00
8.129211856777918399e+01
3.706555461923313999e+01
4.650407595339051170e+01
1.235950530791743951e+01
4.818581927884932981e+01
5.119817168537251462e+01
9.382345240923667973e+01
8.306811208970285065e+01
7.937067411660405014e+01
6.058383723933658160e+01
8.887963325004086812e+01
4.311194735253586430e+01
4.077306072455756691e+01
6.727557472620905799e+01
5.630504474184366615e+01
2.276021303343944879e+01
9.426389616823543349e+01
2.854839022285088390e+01
4.619703849046787525e+01
7.109063236609890168e+01
9.150776445393415770e+01
7.211451006771808636e+01
2.764963142870760038e+01
1.848494056416353359e+01
6.067592633087630816e+01
3.147925016471931770e+01
4.683338963425464740e+00
6.706862282431281130e+01
5.514990152038716786e+01
6.283949187252753887e+01
8.174750031585325871e+01
9.060745816231823824e+01
7.933112192056796630e+01
4.117919429035822532e+01
1.963412625299424263e+01
9.179613528712023651e+01
7.124263772094474234e+01
8.513002431785814395e+01
1.768718911555363604e+01
4.040230581985282399e+00
2.487909376927566196e+00
8.693258441211021648e+01
6.016392799642844125e+00
8.345907971979036688e+01
4.285328490223846387e+01
1.003188172188042060e+01
5.225815393220089078e+01
7.181865274257526721e+01
3.191081114138735231e+01
1.804208779866712931e+01
7.092283386091004616e+01
3.202469431760460594e+01
8.230588632569715912e+01
2.514485992299249162e+01
2.312507442477196307e+00
1.182004205249730333e+01
9.945269477733499741e+01
9.741408755961931831e+01
8.142713568528284895e+01
5.316967497779722862e+01
7.823809644236222027e+01
4.896141618729280509e+01
8.114815983390244014e+01
3.787125196629602897e+01
6.248332333666780869e+01
1.374523831602986235e+01
4.141619955122342844e+01
5.754882624661203039e+01
7.495905519148237772e+01
1.430018729552146084e+01
2.893482959779425379e-01
7.696626086348084073e+01
8.237396031909851501e+01
8.315522207338302962e+01
5.823783895893645024e+01
4.458899294828641047e+01
8.330495992889180457e+01
6.552550945478304811e+01
7.848570046715825299e+01
5.463230456660051360e+00
9.562191287274492879e+01
9.819450917705833604e+01
3.161316998097268893e+01
9.329587523837300012e+01
1.097390725535803924e+01
9.644811193754826206e+01
1.222038641287302951e+01
4.243586548208578790e+01
4.353504413532633066e+01
1.522398822013559805e+00
6.247173063354111378e+01
7.052212527771386874e+01
5.949149849837823467e+01
6.190597342376950962e+01
5.147837478679868894e+01
1.567162821366783199e+01
5.677746672988745047e+01
4.594020895481197897e+01
4.384760649199187554e+01
2.086330184463633941e+01
6.112469196410219574e+00
2.165887562241796260e+01
4.964657357708220786e+01
6.701376158225103019e+00
6.407705087204097083e+01
8.355502686113146638e+01
8.667724077453944176e+01
2.037293705795388732e+01
6.136433814540546194e+01
2.892124972093795776e+01
8.827725524857416417e+01
1.812578034975128460e+01
9.362213925989661334e+01
3.749570198652869379e+01
4.458275157813896783e+01
8.087385516258038365e+01
2.636483546853675008e+01
9.422864994059202104e+01
8.650313046292492913e+01
9.751826018368690541e+01
4.629187767995517078e+01
5.468524774011090983e+01
1.162691336510297546e+01
5.234155339706032350e+01
5.096704952069086403e+01
8.256051355769736233e+01
2.346660525820960430e+01
8.458818028471898742e+01
9.088480264067136716e+01
6.863148589170992864e+01
4.689662047955432911e+01
5.568187849814194834e+01
5.184497802608689909e+01
3.531640241569225225e+01
4.559048858405779470e+01
6.080048487845706973e+01
4.082239659179408875e+01
1.104727538575177626e+01
3.464361298499076014e+01
7.040617830255739307e+01
8.013986790486667644e+01
9.835025963198627608e+01
3.642807945128456737e+00
2.699930902181185743e+01
7.299673969119783123e+01
2.357249012888508233e+01
5.149281738838915601e+01
3.296333849390815374e+01
5.313608674079060279e+01
7.052222100667511029e+01
5.095430569603966120e+01
7.009804405628311486e+01
6.661870929572675948e+01
8.783643736412150815e+01
2.146430356975382736e+01
9.588240106283642206e+01
9.975060586158487297e+01
4.337066376560090220e+01
7.965577019633450107e+01
3.213978328073986290e+01
9.067952865159598730e+01
5.596758694695880365e+01
4.293557927664002705e+01
5.713161902292277716e+01
1.008889626998961120e+01
4.063926047978046796e+01
9.323332447297215708e+01
9.989272628303204726e+01
6.789190297198382495e+01
5.003391634400179555e+01
3.584354596586993580e+01
8.230670404699901965e+00
9.840034078068367762e+01
5.547678811132980314e+01
2.384208481929784895e+01
9.535202281933807811e+00
8.411837606727659988e+01
2.878197938727856808e+01
2.708245510906797193e+01
9.446904790008158415e+00
5.342815745398601734e+01
8.503839124751750944e+01
9.014358125262495491e+01
1.318775563643214177e+01
2.713054491746315122e+01
5.934907540992434605e+01
7.630329227764174505e+01
5.093602248642426389e+00
5.534782740801944811e+01
5.177504013346955958e+01
4.615983888670375279e+01
1.749137839662184746e+01
5.026111170793884497e+01
5.419688851355711989e+01
5.844249079679023851e+01
1.501298340849727175e+01
7.146878160702833327e+01
2.397491125196200557e+01
4.788991877206296977e+01
5.055265889470737051e+01
5.178569092580773514e+01
9.400761455248681386e+01
2.229895646593555014e+01
2.399598150562144383e+01
5.866827554199876005e+01
5.992145287257244490e+01
4.369270939898250994e+00
9.841001702910768145e+00
5.063309248410220675e+01
7.592021947606329491e+01
6.492996511138069593e+01
2.742709256602224954e+01
9.725863773185722039e+01
9.706389513247889056e+01
2.227458022977362262e+01
9.625967128859841182e+01
4.427890038914494397e+00
5.234922177927572307e+01
8.373719610519943046e+01
6.263495357479942349e+00
8.154199582193257356e+01
5.590313713465356926e+01
8.732452114420506462e+01
8.250526610784901038e+01
2.260890503389083506e+01
3.200483524897770593e+01
5.568792842397055409e+01
2.956908278658819711e+01
2.747142293082049846e+01
9.751857672474078242e+01
3.581626013145916687e+01
7.778063523994373440e+01
4.052622123403362053e+01
7.044061779577215354e+00
8.335379383609074466e+01
6.441693095354736442e+01
2.244319070399212279e+01
3.056264401243656792e+01
2.240184550702436539e+01
6.712819552217439423e+01
6.319984553288189488e+01
6.025325776643008169e+01
3.325219985687325419e+01
6.506611381610674982e+01
4.975396664254469670e+01
3.040012261991368447e+01
1.817291331111943009e+01
5.941425561802886790e+01
2.071024342465987900e+01
8.227783781538717278e+01
1.013896386226051938e+01
2.167268829170521016e+01
5.457948373141593379e+01
6.288921353230272615e+01
8.036507330063616905e+01
5.318693775930923806e+01
4.928442784566493629e+01
6.111495149986253494e+01
7.472638699655753669e+00
1.267630840497936440e+01
9.112082598749958606e+01
4.578622336686215277e+01
9.199895748761210257e+01
2.076736263412803929e+00
2.557007273355240784e+01
9.101450364618806077e+01
5.759075445030232743e+01
1.543347670366070901e+01
8.733813542429831500e+01
7.826696815849381039e+01
9.576533793979538700e+01
7.970336668289189674e+01
6.440672883716310082e+01
7.006837938362387774e+01
3.220767664899242533e+01
6.579074311568766120e+01
1.831542175996856514e+01
8.536915757075963995e+01
8.270570872544682572e+01
9.449593916868759891e+01
6.159100394240427789e+01
3.633059863220615426e+01
6.617587690402831413e+01
3.820227862079648418e+01
9.299522855275499467e+01
7.663747446661855633e+01
1.787569049606763105e+00
5.025915909167240159e+01
8.778187081977858952e+01
3.699418351039084030e+01
9.904058847684648015e+01
5.311773520851812691e+01
1.234048109614216315e+01
7.620209261732614436e+01
5.386660154387291755e+01
7.364452142787344258e+01
1.504655306641503643e+01
4.042033467690411186e+01
4.797838663063962628e+01
9.362646260255138486e+01
7.615861451905553281e+01
6.831305345461660750e+01
4.015024840711134857e+00
5.271552748978823644e+01
4.918441474071295261e+01
3.569921302813803266e+01
8.738071746145193330e+00
5.232317574600597965e+01
2.668100344683184133e+01
2.574778470451399848e+00
4.913341157319911190e+01
5.042970298786689654e+01
1.894924312619929907e+01
7.642560467730946527e+01
8.665468319120138574e+01
5.520690927138915960e+00
3.260622549753455779e-01
2.221760956890334171e+01
9.549764503744047772e+01
8.663761092851576961e+01
8.033719913745532892e+01
9.576407675845250367e+01
5.590844738495191280e+01
5.730730533500600643e+01
8.895726259228453614e+01
6.646818435634051525e+01
2.649641023218868341e+01
4.933288233895643060e+01
4.958563308370348466e+01
1.994856093246279016e+01
7.217263814789092180e+01
3.224782852839837943e+01
7.510293686835932192e+01
9.621875864971913472e+01
3.194742691870353468e+01
3.830355457965622890e+01
7.779953465436371118e+01
8.055132523685495016e+01
3.288324559290208526e+01
8.700678334877957809e+01
2.598173902245985900e+01
8.343383432899696572e+01
7.946755739902854998e+01
6.100088732391532886e+01
7.510065983486906305e+01
7.938375929535814635e+01
4.183191326902486651e+01
7.525160760589373865e+01
5.764156297801567064e+01
9.474710930793264652e+01
8.223552361773178276e+00
1.340882293621636911e+00
3.704940497908872032e+01
3.574453707403876024e+01
3.167739909647615448e+01
6.374701496237747733e+01
3.033289111047464814e+01
3.331627717598126992e+01
9.008646700192194601e+01
7.515593051267854818e+00
9.964424966090959401e+01
8.333496521649315980e+01
6.818184466519076636e+01
5.366122608651743064e+01
9.381382723479819674e+01
5.590082442997361767e+01
5.102338152098775481e+01
3.020458764241711336e+01
5.555396792402979145e+01
2.606494294163619330e+01
5.784432655613824892e+01
7.667845829930247703e+01
5.841973711134854597e+01
4.304805086114733825e+01
9.063945396970187574e+01
3.141571337123892960e+01
5.221111146853408158e+00
5.058722461886409860e+01
1.407920771098319968e+01
3.305303495743178388e+01
5.520621558053184330e+00
9.862058089277094552e+01
6.308594106241753963e+01
9.238918199947406151e+01
8.517486029723597696e+00
7.756305346867311812e+01
4.233607370645425760e+01
5.223276976605688304e+01
1.154718862123871315e+00
9.912606187094256427e+01
5.855451839413914428e+01
1.727779556475515932e+01
7.220209555427383918e+01
7.699991830133805593e+01
2.117439120759026139e+01
1.979372599976952785e+01
3.348638322068359940e+01
3.889122116409686924e+01
1.667448347400524256e+01
2.879053978176970929e+01
6.673679349731787624e+01
2.868562876889413360e+01
8.876226272462997713e+01
7.377549271688546639e+01
3.694076684026966717e+01
2.451158545330334171e+00
9.505630244711136356e+01
3.824234445979507768e+01
5.111726396434777797e+01
8.195373747530972253e+01
9.431379323833219530e+01
3.472358516305115472e+01
3.651365192403653026e+01
3.995022902595293601e+01
7.681855761555083006e+01
5.781388520160162159e+01
5.936639081605667201e+01
8.995321017141377240e+01
6.081361384414337579e+01
2.126528246017921475e+01
3.758867751024007475e+01
6.169338057887360094e+01
5.597212342204816338e+00
3.723119784790137743e+01
4.821431854837419451e+01
2.105654392709539380e+01
5.795135443053689883e+00
7.514969130212962511e+01
5.413535368063775621e+01
1.020426932246729734e+01
6.474880799352278338e+00
4.526346437730966343e+00
4.242693028693666690e+01
8.351773853320808882e+01
9.060141326407946849e+01
5.733935323719984467e+01
7.011245853318719412e+01
3.584035469710067368e+00
9.152968025932590024e+01
2.061162561699088158e+01
2.332850796033832808e+01
5.728032764661479348e+01
3.590645055450721657e+01
8.433506587515941533e+01
8.418664002585724404e+01
3.216350265412575027e+01
4.085608799511243205e+01
8.684561252365682549e+01
2.035169092356773390e+01
2.822499194234329067e+01
4.722667059555820401e+01
3.749945063101358755e+01
8.014015657912730717e+01
7.351146988977124863e+01
8.352311384087821011e+01
5.690891831917466170e+00
5.974704802134138504e+01
3.578651934513465704e+01
7.394909967029074949e+01
3.256955329494831375e+01
8.281867133012228521e+01
1.889264845052543862e+01
4.642094058008455448e+01
5.484870333829250200e+01
6.557699503575929612e+01
4.408756565790294957e+00
3.795034939060015944e+01
9.202621963904167757e+00
3.875517085604901268e+01
4.611920773247213390e+01
5.909114467357711220e+01
6.741136954927713987e+01
7.767351247145404614e+01
4.814754018027937832e+01
3.196061598496157075e+01
5.897344120379454324e+01
5.197207535206614892e+01
9.697148399810710373e+01
8.807360363891353927e+01
2.996428220092667161e+01
4.219785336393705677e+01
2.477662818168334624e+01
5.645383240013362780e+01
6.702117207103739815e+01
4.567622653007845912e+01
1.749196362527809612e+01
8.551194595413294053e+01
6.550388540128251691e+01
8.178469064706352754e+01
4.026226532655773127e+01
8.777558411352640633e+01
6.131466262890982932e+01
2.315583061462216463e+01
5.079092412543085544e+01
7.199392858140811313e+01
6.683599210442150707e+01
3.256253643170168033e+01
9.111212721997774544e-01
3.432607058613478301e+01
1.356906018606283126e+01
1.932685154809350436e+01
2.828955791542625420e+01
4.839174512638378189e+01
9.662698528452932578e+01
8.951538723278726195e+01
7.974631962169365806e+01
4.034991561436209651e+01
4.081324910062079425e+01
9.354895380867034760e+00
1.899723455524271465e+00
7.554785282204802854e+01
8.625291322590466336e+01
5.479858833326052547e+01
2.515373169196952574e+01
3.901422145415524056e+01
4.569102595035408854e+01
2.043656812823032709e+01
8.695112496053320683e+01
3.880518998633806405e+01
9.237538468484075338e+00
2.828072622476629494e+00
3.495757922680600416e+01
8.622356958053555331e+01
6.547777372449580469e+01
9.817644264613673499e+01
5.183086239568032028e+01
5.097857258892659615e+01
9.329802826177031250e+01
2.883496066865106755e+01
1.588286413948453202e+01
2.128948682768711009e+01
4.053285342918510992e+01
1.949447228300187263e+01
1.093542831487193112e+00
5.749837514339230893e+01
2.928727104704560347e+01
5.267053048118031100e+00
4.967695087732544579e+01
4.472479358053761445e+01
9.976024517047741824e+01
8.753506830210854162e+01
4.218528935992856077e+01
8.450811284099744114e+01
7.152303979751235374e+01
3.475441008682599175e+01
3.249915654093015149e+01
7.267326683942251009e+01
5.920085413287421261e+01
3.541420149670882012e+01
6.887369717963398585e+00
2.526223817960309148e+01
3.994333328530463856e+00
1.917106119030511735e+01
6.797557130331891528e+01
6.755190378944013219e+01
8.311515538686563787e+01
6.465921390465356744e+00
5.774610248109635080e+01
5.188461199292162718e+01
7.453189892244640191e+01
8.246215321986763058e+01
7.688604059996507090e+01
9.673799133289688257e+01
6.175814617587822397e+01
5.674535740708329712e+01
2.526508033715131418e+01
9.331002040651978291e+01
6.832980830600104127e+01
2.933696563772403465e+01
4.166008331002733200e+01
4.216636126210775615e+01
7.019559757898494468e+01
3.415734686734461434e+01
8.459626840592264330e+01
6.478032944593893205e+01
2.970358470133269790e+01
3.487008458651480680e+01
8.608372598630887751e+01
6.564212724439711621e+01
7.072449693805734228e+01
1.431693379190579485e-01
9.925708722049452604e+01
4.007799669826266609e+01
5.436555781274962129e+01
4.717209979499927641e+01
1.103081462032964311e+01
6.863480363975740772e+01
8.892024594282547412e+01
9.626051570483589614e+01
5.709952371239499769e+01
5.844338090107518013e+01
7.066240488953739884e+01
7.637095811224141073e+01
9.415656930815434578e+01
7.245067657493873980e+01
9.028266405643682901e+01
2.036708908825767139e+01
1.674551863326347956e+01
3.579915704302727431e+00
7.269402356786972064e+01
7.684444801674902692e+01
6.354366236872550644e+01
8.517656263726158272e+01
7.386042394736236361e+01
8.911662408646947142e+00
4.887231899020091674e+01
5.136069446646081360e+01
7.543742402775465905e+01
7.628236508812113570e+00
4.592994108506028539e+01
9.286372557840271824e+00
2.266283763845162724e+01
2.579028046280843611e+01
6.359802219127542600e+01
2.793813855939826141e+01
7.299373388410053565e+01
8.286466041209614275e+01
8.149559672183900716e+01
8.139988870946794464e+01
3.492336686802413936e+01
7.065498194152149836e+01
3.419081109885357961e+00
7.007646226097425313e+01
5.333581208489076886e+01
6.900884054084242791e+01
7.918860965937669505e+01
2.333807792386981461e+01
1.593386559337650610e+00
1.730562760880571815e-01
9.482636649480117796e+01
3.320474124724130149e+01
4.668166238741695651e+01
6.043246326465258988e+01
4.923518632060519096e+00
1.901915717360605029e+01
7.827067581970126753e+00
8.181983874025910985e-01
9.869375965446300825e+01
5.870373003067644646e+01
6.704224560784449238e+01
2.765519593641341345e+01
9.303622813866240904e+01
8.495587335478294477e+00
3.371249990606819580e+01
3.698156330216173160e+01
1.823384139199337639e+01
6.601691351566851829e+00
4.776136424056252849e+01
8.473789008842534543e+01
9.860844814069153585e+01
9.086362531089457661e+01
6.603675720408111260e+01
3.236471810895241674e+01
1.452091684440511798e+01
8.633384435802047108e+01
2.956966573682045052e+01
5.353210772867385003e+01
8.971614122548274395e+01
6.803040410583101050e+01
1.871759670364792072e+01
4.140441337644484854e+00
2.855071295196727021e+01
5.090259211562155883e+01
6.148939175981071514e+01
2.600366268354317256e+01
5.945565264533492211e+01
5.623827302614711243e+01
7.344310717652564335e+01
1.470005807889733873e+01
2.980288324756592644e+01
9.864130153926322464e+01
8.385749554036094366e+01
1.354859218316911651e+01
7.482666755680979520e+01
1.255711053315476988e+01
9.447437663499120220e+01
4.107612437040009468e+01
5.178854697357962067e+01
7.875684351263334548e+00
9.483947131969205202e+01
6.607697272590820603e+01
5.464279536338268883e+01
6.204858104789311568e+01
6.166090142594293866e+01
9.234579606118113304e+01
2.532455218759119830e+01
3.279009785637278895e+01
3.098590544771365884e+01
5.205365166652642372e+00
8.543618233792406613e+01
6.351611314889903070e+01
1.259719927606215428e+01
7.710882355673847144e+01
1.874331625114133004e+01
2.304115293725711311e+01
3.482421745979693384e+01
6.930590797789093926e+00
2.913090159815456914e+01
5.395814070826779840e+01
1.951150144570178568e+01
7.124632798140177670e+01
9.411624811917610600e+01
1.561770870740967254e+01
8.869921630285748648e+00
6.035579250297325871e+01
4.201623152331593047e+01
7.252205759833285015e+01
4.250410110815033704e+01
7.226472918355966613e+01
6.019514733683099195e+01
2.844115482168912834e+01
2.261163996661329634e+01
5.936359659707247971e+01
5.917212516987525817e+01
8.766322004243056654e+01
2.921644318719300770e+01
8.491376981991082928e+00
1.045846345441752234e+01
1.748996805371705321e+01
3.759204128379857934e+01
9.671331007936345259e+00
4.542148874929466729e+01
1.468302640429717343e+01
5.886343284664366848e+01
6.102359406399695274e+01
3.906584713822827126e+01
3.029121191411005043e+01
9.332111807240595525e+00
2.951378274346548736e+01
3.211018141140861104e+01
6.500859129589044016e+01
2.632797348732617237e+01
6.916726717153093773e+01
2.354032497371657584e+01
1.778599421940210235e+01
9.638960472954607894e+01
9.017978287122548409e+01
9.496367314367446966e+01
6.109256945800341043e+01
2.964996755569769959e+01
3.328450989064871379e+01
8.200115783564658045e+01
2.696820988595269952e+01
8.164462980957308957e+01
9.817114792432789727e+01
3.619101972712983439e+01
6.009809854622366743e+01
4.283641343571227367e+01
3.892917736278316454e+01
8.352165174338456666e+01
6.729504712258938071e+01
5.292195522797871199e+00
5.327568929355377492e+01
7.822507634934875398e+01
3.916097074864575944e+01
6.600798277472279096e+01
2.678418680422631581e+01
5.219025131640827908e+01
1.801150523634761313e+01
4.879060221005106257e+01
1.141062599909325925e+01
1.908876316215304314e+01
2.344418563070390604e+01
3.854142857054772264e+01
2.894507554311386244e+01
4.021037731083269051e+01
5.268326790001823667e+01
7.928313535105890253e+01
9.007440529284428976e+01
2.529804554775524394e+01
8.323813778491860660e+01
7.521942686709456893e+01
6.303727771003975633e+00
2.576113648706849091e+01
6.506888796965411359e+01
6.445491720996376728e+01
7.329229437906528233e+01
1.793312546542058428e+01
6.699803403305909910e+01
8.564445913904161500e+01
5.659510128334481749e+01
9.894835113214296030e+01
5.511451802521097676e+01
1.226826297398897481e+01
5.107097055492729964e+01
3.815457814005965531e+01
3.948231896172282518e+01
8.498247194274412664e+01
1.988852070728025367e+01
1.076630579511189723e+01
2.674457554846004825e+01
1.994769420873836552e+01
1.489357404835494059e+01
9.048036152392701581e+01
6.564106217879135841e+01
4.287176512495953773e+01
4.704211527900370271e+01
1.676547504932187493e+01
7.738928766216700694e+01
6.355715993857422319e+01
2.594949123157729431e+01
6.366541322754034837e+01
5.469422753162621831e+01
9.984325136306749116e+00
8.676321911638254392e+01
6.023818889902866403e+01
2.896120959348566970e+01
5.629604882702018642e+01
6.639189513739511028e+01
9.147748121107292718e+01
4.392307892740387132e+01
2.679863461709775052e+01
5.290235423306225471e+01
4.279662429425184200e+01
6.183436385370188049e+01
1.775929935459182829e+01
4.135299978879847238e-01
6.683711889316235499e+00
5.548735147923122923e+01
6.429039693425154667e+01
3.960434189783723635e+00
6.724485401804003004e+01
4.712300788503256399e+01
2.655507301022230759e+00
8.923422694603249283e+01
2.043320497725381557e+01
8.184359705122979278e+00
3.825916947255008438e+01
9.208056314937752518e+01
1.857319523368605729e+01
1.518632996074794583e+01
1.987355912589672258e+00
5.202491874260292093e+01
6.295932889980581137e+01
6.597980437205131921e+01
7.934894526733243936e+01
7.309493396791827990e+01
6.788354883917166660e+01
9.187662610727271328e+01
9.803153691758889465e+01
8.095316240376882888e+01
5.225705138765523117e+01
3.306339589551262748e+01
1.023868734492542387e+01
8.617720105406849029e+01
6.553166438182783793e+01
3.565042280323203983e+01
7.443245567327998913e+01
4.539307098657236850e+01
9.512963774386903992e+01
4.618853366634866120e+01
7.526453840069203238e+01
8.192859467095015447e+00
9.094587917417010203e+01
8.758555877111950849e+01
8.519675397910219772e+00
8.503385150819674720e+00
9.610944228552619961e+01
4.569094343643226352e+01
3.539244469698177298e+00
4.000681993768782263e+01
6.702122434528826034e+01
5.712224857404788736e+01
4.484684272556682672e+00
9.156921857427366263e+01
2.788954501678417941e+01
4.906289589991499156e+01
3.811327152146866126e+01
2.132840601088668109e+01
1.844606182485034651e+01
1.078055738873989711e+01
5.900367759971518922e+01
2.480745201548342038e+01
6.256329072993065665e+01
5.260631677132311523e+01
2.810172063205523685e+01
7.571658274765515273e+01
3.557632838451954171e+01
4.416704003728006001e+01
3.868193519643109113e+01
4.086797963270515055e+01
4.724085900213018618e+01
6.467402022738396283e+01
6.786749327792101383e+01
2.817875609229565370e+01
9.300259358547261002e+01
4.692969103390309726e+01
1.452417810709490986e+01
4.393032114216617146e+01
1.524441299675456385e+01
1.058098275626265838e+01
4.481222208019573117e+01
3.956055707019958589e+01
7.040207986926449735e+01
5.237382480176972877e+01
9.598364733778051061e+01
1.901060916595059780e+01
5.460994352101145921e+01
9.345844623056672162e+01
7.935269025439110635e+01
6.525993519037794499e+01
7.424449395538229624e+01
2.585354887018041126e+01
7.459083219040241630e+00
6.093758906313709645e+01
8.134197002551670153e+01
5.212668154585097113e+01
2.168695996327742037e+01
2.567791646129188265e+01
8.379872886640283980e+01
3.962261968457212191e+01
1.600399371734868481e+01
6.778629913884942937e+01
1.005402515563015342e+01
1.329978271846621318e+01
1.886893281537151879e+01
7.007221931867823628e+01
9.052566178075022663e+01
1.262019741314276366e+01
5.106384782042254500e+01
8.855329369954132801e+01
1.903257969282801199e+01
6.741844633293226252e+01
5.986386240604263520e+01
1.132863605244405214e+01
1.144397305579305524e+01
9.811687003413811681e+01
3.186764340937259377e+01
9.112571561954840149e+01
9.347668372707057927e+01
8.003330261280588331e+01
8.746105985199463362e+01
3.527466306178185107e+01
7.395097451298622104e+01
4.771894988794450398e+01
2.341288776536365468e+00
3.932347428978047077e+01
4.957641978986367803e+01
1.317676829683411821e+00
1.342932026775400800e+00
9.433700050939070536e+01
4.032447819154797486e+01
7.911319390903356918e+01
8.497568716686750179e+01
9.001136438864681111e+01
4.766114456643236963e+01
2.906751692744067128e+01
5.161525388884174959e+01
9.341734900539164244e+01
4.014284215106922460e+00
8.941502270425417009e+00
2.157101885421206333e+01
2.175428204697488255e+01
9.152849520790435633e+01
3.200638494450946947e+00
1.691579418601106966e+01
2.435700663191592241e+01
3.617547013036626424e+01
3.115059701590017216e+00
7.930353031765464777e+01
7.156986504609858457e+01
7.631418967528101405e+01
6.377652595034943772e+01
5.858721562326062582e+01
5.775406347022994424e+01
3.885559320232978564e+01
6.035226373771757125e+01
3.827311853402481034e+01
8.312022907088906720e+01
3.584791487697997070e+01
3.208520659394340413e+01
8.199057606163361811e+01
2.854337756227697298e+01
1.111618417764166367e+01
8.097353049043198325e+01
3.297815891058098003e+01
6.861971918202621623e+01
7.358613186468853939e+01
1.683482521230066453e+01
5.988455963209113975e+01
1.526406522786651898e+01
3.884865987317161284e+01
3.029986586813819827e+01
7.622072788312188152e+01
6.026833901710833175e+01
5.347836261692160065e+01
9.365024794351716864e+00
6.817408070724938796e+01
5.498493560654758028e+01
8.964139882119464176e+01
2.111420867534570078e+01
9.079618853962270464e+01
8.717514729150556718e+01
1.396271508741319067e+01
2.516551546277386819e+01
7.247980856989319420e+01
5.421265769769032516e+01
3.509147777905419474e+01
8.386100657853613427e+01
5.545561346893087773e+01
2.189317314660002012e+01
8.800307489837409491e+01
4.658961116191527907e+01
4.708062351576529636e+01
4.934134304564440043e+01
9.779596575077744092e+01
9.667155391427587574e+01
9.085916464934258840e+01
1.177614330311546098e+01
4.041925395199054094e+01
5.436336482028152517e+01
8.901020124241641440e+01
6.672613833081619816e+00
7.817616874291549323e+01
1.816328661859149918e+01
9.787532794464759434e+01
5.203254310675992400e+01
3.594018189597669721e+00
2.598370413391738509e+01
3.017278811501519087e+01
6.778925432882743962e+01
1.873939596534422947e+01
2.753483489841056553e+01
5.330289092786180305e+01
9.063776308953603689e+01
2.598530231960477366e+01
6.901270900869972991e+01
3.190030173604828789e+01
4.219474449430848040e+01
2.633562734100364366e+01
1.234050913338640143e+01
6.664567424810735474e+01
5.688780918530522968e+01
6.741716301179890181e+00
7.843083284882867190e+01
2.933541475507325202e+01
5.350315593384017632e+01
2.426924529979751455e+01
3.813116042968469799e+01
8.891848991424484439e+01
5.645015915380100324e+01
2.334519369104339859e+01
8.421645931136859531e+01
7.397990745098921650e+01
3.478416573729221284e+01
8.974563255215998936e+01
3.265012730822674314e+01
5.055514720551478547e+01
2.725496877749515789e+01
1.564011280984956009e+01
9.975342644683472315e+01
6.724296703132905861e+01
7.794069147069386361e+01
2.961105538373597312e+01
1.871872299061600842e+01
4.802857062513599118e-02
5.992105870088114727e+01
1.035374449420827148e+01
1.647416149708825728e+01
1.613594288332866711e+01
5.256305753212173926e+01
1.047717217814786395e+01
5.123452296321643473e+01
2.476726644000606470e+01
7.074876796949631341e+01
6.507234762988067800e+00
8.750053757077084526e+01
2.265617809559541485e+01
3.508702613138105164e+01
7.256903575880991752e+01
3.441126543552712747e+01
6.542492076742453833e+01
7.041582159846592504e+01
7.066038369912240569e+01
3.634803484079396441e+01
9.079267130785728668e+00
6.870255829161797578e+01
6.994630660136374445e+01
8.854064113209680897e+00
4.633095314579769308e+01
9.725881512708049570e+01
3.787831401738728232e+00
9.385790967938916651e+01
3.695458446877707104e+01
8.052338831430901678e+01
7.431326537181401193e+01
7.167009415968784936e+01
2.231566616599756081e+00
7.711682344079034124e+01
7.949200675008644623e+01
6.220314326946857619e+01
2.323272973266047359e+01
3.747414233418113838e+01
1.916424285611094547e+01
7.874602681503961321e+01
9.283398342676260029e+01
5.712523319137999778e+01
3.872722682203693978e+01
2.806717722265372750e+00
8.826163692701099706e+01
2.029919950730801759e+01
9.113540195458524806e+01
3.387030422394743567e+01
4.551479296871894320e+01
7.955323557252623345e+01
1.454195334008128171e+01
6.922876284496773280e+01
7.882783470115293767e+01
1.374079134170058580e+01
8.580104018617653594e+01
8.527034316372090927e+01
5.882035634490625853e+01
5.243290194917770464e+01
9.241194043768923905e+01
9.048341386723535607e+01
6.530609336274363841e+01
1.270909087279864558e+01
3.962508637211604423e+01
6.815061291239135244e+01
2.740047647318216661e+01
6.434094728368954463e+01
6.175595758364583077e+00
8.528210906562271987e+01
4.598783119114213491e+01
2.542412744019648585e+01
9.716789741173190009e+01
1.047400856593228013e+01
7.638420703908622045e+01
7.083211710247860893e+00
9.952581623429709623e+01
5.619781166760122915e+01
9.806782211520204839e+01
5.380862523913225459e+01
8.860014600093022352e+01
8.675281005341265939e+01
5.711370682761832995e+01
9.915844909158239773e+01
1.787695554416227495e+01
2.699959695222700162e+01
7.061800169410619787e+01
3.572707180959569229e+01
6.823007815754476724e+01
4.571930697066950700e+01
6.655052315020994058e+01
6.336265192653204537e+01
7.593264865489146587e+01
4.243011408043728494e+01
7.820355595571264473e+01
3.623627709321630874e+01
6.481747236322506467e+01
9.260942767339363968e+01
6.773403209334003350e+01
5.925018029379671702e+01
2.961790406719973134e+01
6.394013163541952594e+01
3.130216744560269149e+01
6.686608641670834174e+01
6.652547056214437760e+01
5.146106091631593671e+01
3.982952772230281369e+01
6.662265582681135356e+01
1.018510352655124152e+01
6.523499680721860727e+01
5.174453414953368480e+01
9.099494366422121061e+01
4.223901297386839815e+01
5.940929935355703151e+01
5.385147175235259454e+01
6.651385167135876486e+01
7.550051463220755465e+01
9.538730746469516930e+01
7.735253999050695484e+01
6.567859770172054823e+01
6.482763049891512708e+01
7.273315523514975212e+01
9.374550219284610364e+01
5.133733124677905835e+01
9.648012913351770692e+01
2.423792590269333402e+01
1.808819041179090448e+01
2.419889386751854587e+01
4.070788795644967450e+01
1.435371311637900771e+00
3.616723245688597643e+01
1.743074277897309798e+01
5.791177031919054485e+01
2.448175197594275687e+01
7.580166868490278986e-01
1.342056702886836916e+01
5.883254984901338247e+01
4.105331831283361055e+01
8.290629726289365919e+01
4.964316202596609173e+01
1.829885513903497696e+01
1.558295136918064117e+01
4.416214915522520812e+01
2.823918284623181307e+01
9.220371463220237729e+01
7.080984146439297433e+01
4.740587133338037518e+01
1.736820233388205281e+01
4.581409901456091660e+01
6.882458236675006447e+01
5.366575032261569334e+01
7.268098898090721605e+01
5.040647907388507321e+00
7.261502798672391634e+01
6.412070382311353001e+01
8.052387862155792675e+01
5.518389190799324240e+01
3.121848399020873543e+01
1.195761950771671067e+01
9.392383623168798579e+01
9.175463267813840673e+01
7.055987935339490491e+01
7.159170260347568870e+00
5.924664064161191135e+01
1.894678405629734996e+00
8.855332682636817765e+01
2.501946911308333554e+01
8.661980218710711199e+01
2.891368890661361046e+00
3.838403573647899236e+01
3.989223591185033513e+01
6.980069141262039523e+01
8.174420863944045834e+01
9.007064163054842254e+01
1.719235147957271082e+01
3.332708646578903711e+01
7.845022692839341971e+01
9.903341452674186485e+01
2.261404146901213608e+00
7.443257530229429619e+01
8.521641987108930394e+00
1.254824419011736403e+01
6.498730676881478985e+01
3.234259253422231239e+01
7.447390826081839066e+01
2.337578562594486797e+01
3.753039953209022173e+01
3.639186701909229527e+01
2.559978695772124890e+00
6.568467135188843997e+01
7.976575928105305024e+01
6.910275704114361872e+01
6.483460406866419135e+01
1.210711795041427052e+01
8.718708787356777634e+01
7.578833043148807747e+01
7.526202899082188935e+01
6.151472947601804719e+01
2.656048685280675414e+01
2.946695603846948330e+01
6.294661366084078935e+01
4.327044700977094038e+01
5.957876901956846893e+01
3.505126561034023069e+01
8.314602025527152307e+01
7.912836595782155769e+01
7.542481641125197811e+00
7.920382022944718869e+01
2.702728030048054819e+01
3.249575914354507944e+01
6.054094175827388113e+01
2.057198321407987152e+01
6.335506818681859897e+01
3.593027524978047182e+01
9.853508106016852253e+01
7.534762628477616886e+01
4.176431957070801104e+01
4.048448139077501651e+01
8.082213219210066413e+00
7.499031078314361309e+01
4.235931034653764016e+01
4.367264219965911565e+01
3.676515993381588032e+01
2.012012676671740508e+01
7.957553609634283021e+01
5.943561254983001874e+01
8.760279991213434414e+01
1.044456346001291180e+01
3.946244024409604378e+01
9.711470880976191822e+00
4.238914237413451502e+01
3.260858954444945113e+01
1.013137383489274335e+01
2.810285940321794840e+01
5.654340792909395930e+01
2.166979852357830971e+00
3.140366042457615237e+01
6.547875631690133957e+01
4.635273976061936452e+01
8.089423556772527490e+01
2.916159882298332562e+01
5.157646938251501467e+01
6.287198993569958816e+01
8.893366081063895479e+01
2.141964368355183623e+01
1.811364821769518940e+01
3.696386215217572158e+01
6.623644026861306600e+01
6.444083202998686488e+01
8.474143305222295908e+01
6.299774819513829982e+01
5.086565594072456342e+00
3.253375295341884055e+01
2.998943729415254467e+01
9.074284876686749612e+01
5.054685261432749854e+01
3.070773561986538525e+01
6.834496704891030561e+01
6.162123265563828056e+01
2.700695997763838818e+01
1.481320386934406130e+01
7.975810879016698607e+00
4.438500537157580084e+01
4.953485526861422272e+01
9.937079270372828432e+01
5.526807748153505173e+01
7.856476018146595663e+01
9.417658724437782958e-01
6.460719538648987736e+01
4.222795795085534110e+01
5.074150266720140934e+01
1.428238180847779581e+01
7.561887994895127463e+01
7.246109297330988852e+01
4.772255693289400114e+01
9.858285262181102837e+01
3.041869910436476587e+01
6.842191949674939622e+01
8.898254498724720918e+01
1.918409922267044720e+01
1.360080259707059369e+01
3.258715404279044492e+01
1.523445408995679529e+01
2.378651711127320922e+01
1.111309360473160623e+01
3.417960913701806192e+01
4.882956309652657012e+01
9.585131050361020755e+01
2.573903650383357888e+00
1.448852237352091876e+01
4.799425785992625038e+01
9.541555777152805717e+01
4.816001718925154762e+01
9.125385788288912181e+01
2.964686794748068266e+01
2.025193718437068302e+00
1.373172173024883591e+00
1.718823777694741395e+01
2.296241181179016166e+01
8.267183097445442286e+01
8.569658478687763647e+01
6.309889400032793105e+01
2.496418891040291754e+01
4.690798112205696668e+01
3.236066714938746713e+01
8.030747258200224792e+01
8.705149837214871411e+01
2.756089224267639537e+01
9.541890155375742211e+01
3.736481896340412590e+01
2.705737723402353723e+01
9.378013546871073913e+01
4.762133126127137217e+01
7.386980035612356055e+00
6.619044034899435047e-01
1.637646094262235064e+00
1.062758122594669175e+01
4.092775002929650441e+01
5.539653000276430816e+01
4.575528469031881684e+01
8.178187594241592251e+01
2.332581052257710752e+01
7.141965532610289813e+01
5.428618457126827934e+01
6.871585966072295548e+01
3.991929829701656995e+00
3.269020532723049399e+01
1.364501651187370967e+01
7.776153494514828424e+01
6.841590296547454386e+01
6.897137369640799420e+01
4.609375871263895164e+01
9.817284517606039174e+01
2.585418905296281622e+01
5.923036740163734493e+00
4.844472738994545580e+01
9.080020591299592070e+01
7.762357283824331944e+01
1.002864347949376977e+01
6.518357649078285476e+01
3.135064930301695441e+01
8.799650747205058110e+01
8.240749533925228576e+00
8.797098340341258371e-01
8.725125861216056933e+01
5.335984355393308398e+00
2.745230513780249026e+01
5.302819061354434638e+01
9.578062272209186290e+01
8.815295029303112528e+01
5.207477054599733179e+01
6.590274941030625655e+01
4.894782783149030791e+01
9.442477715332773869e+01
5.153458167759076503e+01
7.175909416709870925e+01
4.152592618081622078e+01
6.964401886327310365e+01
5.573405360378820461e+01
8.695553691800247975e+01
1.986713334787049146e+00
4.360297517494701225e+01
8.742439422528669013e+00
7.289269451551410839e+01
3.972830410846203364e+01
1.914419279791977857e+01
9.268631230865307202e+01
2.833222920872894335e+01
9.954631293261905967e+01
5.239008557288082457e+00
9.884976321340343475e+01
1.324767854234932862e+01
5.457829438133639854e+01
5.766873084001058203e+01
2.983118814038176936e+01
8.839443624307060077e+01
2.650605719291827711e+01
3.361943604410122788e+01
5.982989418062823717e+01
2.420014399657948090e+01
5.758616845738036005e+01
9.149513930512134152e+01
9.961987564546109297e+01
2.184252391338058530e+01
4.767360929142502357e+01
3.683612742734649714e+01
2.571514373274097487e+00
1.429474669271489873e+01
3.503558840866345747e+01
4.386679502527847063e+01
1.813881354118340727e+00
6.844548640376022774e+01
5.623512061618056634e+01
7.545880429559952063e+01
7.300654771038898616e+01
7.280508003274292150e+01
3.951059113568311432e+01
5.777442093659978184e+01
1.944169119574293703e+01
8.905242909119698425e+01
9.364750253781868139e+01
2.872679214098959832e+01
1.965825398391828216e+01
1.730736712781644115e+01
7.731585837413202000e+01
6.372286304892937636e+01
9.663260908277743511e+01
1.928997369085278990e+01
4.450615651796480421e+01
9.111210477646767458e+01
5.346142056548794130e+01
1.562848836305279576e+01
6.034351212599019476e+01
8.950127659981086481e+01
9.031137785218969327e+01
5.781207059860724939e+01
5.667334029350030988e+01
8.241670926424433219e+01
6.773038465821986165e+01
8.029956536760917629e+01
4.913423282407647719e+01
7.544273411743628799e+01
3.159378575807360079e+01
2.001089710961688795e+01
7.787370020338818222e+01
9.608431020289232549e+01
6.143210947462095817e+01
1.730812939210916213e+01
2.211366651193830180e+01
2.970722502156760569e+01
5.775779858461383753e+01
1.343947611761900873e+01
6.274826099465643381e+01
6.386930786709545060e+01
2.939248852909637222e+00
7.572909676797785039e+01
2.449012306729564514e+01
4.751589211320834494e+01
5.858628478825734476e+01
8.519872055832345836e+01
7.395575461603909773e+00
5.685773406814745812e+01
1.662408305993908897e+01
3.877525264711041331e+01
4.813380558666084141e+01
4.705621082527844834e+00
3.369116194643040352e+00
2.687586498905949384e+01
9.492594707879253235e+01
6.508015572983597963e+01
8.097048948340891172e+00
4.555147361451329147e+01
7.195527652461655066e+01
2.463359402541164300e+01
1.092180640680420112e+01
1.740305535028230377e+00
5.819872957093731003e+01
2.109849301586529435e+01
8.418958218962457352e+01
3.862690533880880395e+01
9.165040284965574813e+01
6.400152212707766353e+01
5.077110285556973679e+01
3.352408513519893063e+01
2.894116861898828930e+01
8.580016425302220284e+01
5.661912893786947620e+01
9.432311570489149588e+00
2.102609976935660896e+01
5.639477754659880304e+01
1.608775984564647654e+00
7.614255028028266281e+01
9.381496122160754680e+01
2.773003704495235056e+01
7.850599804502115830e+01
7.969662983302976045e+01
7.894633978756725412e+01
9.544345431206656372e+01
2.828714314994055101e+01
9.469167778728721885e+01
9.223447328953700719e+01
4.560717808625517478e+01
7.148383860560501546e+01
8.514622102164565831e+01
2.339474122269212941e+01
1.896134202204603625e+01
7.461744016403952173e+01
6.263385510223422870e+01
9.826546155858729037e+00
8.064041608985959897e+01
4.118831063537044912e+01
8.184072407504136493e+01
8.754536942833293267e+01
5.164832309611743000e+01
4.922866687619475989e+00
3.079548076775785503e+01
6.321276884065461843e+01
2.764004028497920729e+01
4.508715964221152461e+01
5.585124093359217312e+01
7.001861659599623522e+01
1.323151640248471139e+01
3.818899384208494752e+01
7.699490474464629131e+01
7.124432542726721351e+01
6.004732843771063244e+01
5.870073907438605687e+01
8.005529995442883262e+01
6.677299945659204639e+01
9.634275550293811818e+01
2.658505311435812501e+01
5.927612782149287796e+01
9.868989329343253303e+01
8.988868393474696461e+01
7.194203588138677219e+01
8.562187846707274730e+01
6.356693472892425234e+01
8.046160355783035811e+01
5.938906188814394227e+01
2.208651890909240123e+01
7.130066739178364799e+01
5.315150405397795197e+01
3.807305475895989844e+01
3.339483796311684927e+01
8.648816075865869379e+01
9.208130130215937470e+01
2.355630922691513973e+01
5.179632737745554216e+00
4.724236678693200986e+01
3.240022874506760786e+01
7.741887079398792082e+01
7.683350291422247835e+01
8.256060689074587344e+01
6.485555305743059762e+01
2.740554793050987570e+01
4.001670472879056462e+01
2.810392333514197816e+01
9.312257422889059910e+01
2.797770998390270947e+01
1.036076890057295863e+01
8.054598176410495114e+01
5.278068293925707977e+00
6.422728072042516168e+00
1.097135117691899708e+01
5.189383283181866346e+01
7.264941397504418319e+01
6.917302690102479801e+01
9.916589524550887802e+01
1.365355132854494435e+01
9.554853844215300285e+01
1.759305385800310617e+01
1.009582037311822589e+01
2.802961838229569480e+01
5.424306279853971091e+01
4.324869662525975400e+01
2.878395556342765360e+01
4.279159024544928513e+01
9.149699132046674777e+01
9.665169546853370264e+00
4.107970181487365835e+01
4.641114784876387489e+01
8.369803247011653013e+01
8.727231004059700581e+01
7.766912944348199233e+01
5.346089537387510582e+00
6.378543687214156677e+01
1.763829302310309188e+01
4.049078388468211642e+01
5.297879601549010431e+01
5.081416332397091651e+01
1.931601496569133047e+01
1.002523528767963512e+01
4.094814396533072198e+01
5.022108449544558084e+01
8.206067921679952804e+01
2.361456681446664163e+01
6.802537881692390442e+01
9.073020710974921599e+01
9.420300896710375582e+01
9.373908211346403618e+01
9.826287495670726457e+01
3.589124042959903704e+01
9.174417238996257495e+00
8.703137247173664548e+01
5.930315509583665801e+01
4.923751792615194134e+00
3.419081506292788220e+01
9.805627875515907022e+01
4.454893071673928517e+01
4.040405336993346808e+00
4.511574748444703431e+01
8.942745997597974394e+01
9.812805663084759544e+01
1.222111123261344545e+01
3.883418682610722072e+01
3.045249188992182887e+00
7.464341548228358647e+01
6.947695640056632271e+01
7.920945721092500946e+01
5.948824030497490867e+00
1.015080159234436152e+01
1.473924046448545866e+01
8.117984759654328641e+00
1.938111533811346376e+01
1.143691190151017167e+01
4.061719030020479693e+01
5.461437607580624842e+01
1.389593801237534265e+01
7.341302176322599848e+01
9.930273992350893764e+01
7.987979345260204411e+01
3.249024781633058634e+00
1.917212348345335116e+01
7.240943612746373503e+01
6.317342722305565417e+01
7.431901865547720831e+01
3.094939855543822205e+01
4.735913132207812737e+01
6.192328340182962521e+00
3.004678525866222216e+01
9.441255707002795816e+01
9.029205202747225201e+01
7.801598865883690337e+01
1.190763588181475896e+01
8.862344057039006628e-02
9.212860166973125331e+01
8.871005376160677969e+00
6.664747128857699465e+01
8.645692877652660968e+01
7.652762229910663905e+01
3.425442599339164929e+01
3.380245706208465606e+01
2.607476536398327482e+01
1.871033644355777170e+01
5.280899865020942485e+01
1.279282457940178475e+00
5.581729832027194504e+01
4.215152129319299235e+01
8.334694493121391190e+01
8.803445113280045575e+01
2.732098015790302981e+01
3.041141100665391050e+01
4.280796736293244464e+01
5.640848337437419957e+01
5.569279203020616187e+00
4.744156607108029888e+00
3.536155048065752027e+01
6.610936721416733519e+01
2.993070010733837094e+01
5.080967839575548339e+01
3.405529480520015539e+01
6.453492483945582592e+01
3.094717571508801512e+01
2.098990778338805185e+01
8.516816900543729218e+01
4.623414297748340829e+01
9.212323696638443948e+01
1.341401012797573955e+01
8.400242482065589655e+00
6.525503265101649220e+01
9.905309504860429115e+01
8.191078774070145130e+01
2.906980234687056708e+01
7.160894977597156696e+01
3.861538101099999665e+01
6.137382168144100802e+01
1.358768835962146326e+01
4.907737136364100650e+01
2.196765305452240824e+01
1.282131171268152681e+00
1.936146245647367792e+01
8.594857552880220908e+01
9.087070058084009361e+01
3.359269539122675496e+01
6.906452415974838743e+01
3.185326029208179754e-01
7.626239718158689840e+00
1.892941764270559446e+01
9.389908743447779216e+01
1.446969587619962816e+01
5.075843369163231245e+01
6.049109707357419552e+01
6.687332432557846928e+00
8.710103591002864221e+01
6.253839926080640765e+01
5.958166675431535708e+01
6.556963846780577398e+01
2.768829020352696801e+01
7.390914737970413739e+01
4.032497762966439581e+01
1.278709309103842617e+00
9.754653568580312140e+01
7.146175042004709610e+01
2.226094112022611782e+01
9.511503767452926184e+01
8.267467362481794169e+01
7.098005592808979713e+01
7.741882699713245586e+01
4.624632981105693119e+01
1.222105688134661428e+01
9.477270819693011106e+01
2.103267777652425607e+01
2.877060255515040410e+00
4.937916759151395496e+00
9.062249371617576799e+01
8.718218481528747077e+01
7.251031719391665575e+00
2.058796572625527688e+01
3.542832200215185878e+01
3.709235639065635581e+01
7.088531684179011805e+00
5.000967540177229154e+01
7.457021064401550348e+01
9.140072520037523418e+01
7.041843362948606000e+01
3.368141381272692314e+01
7.538827053641639964e+01
1.185405237841999870e+01
3.574212125563366271e+01
2.521697753783343998e+01
7.277918230515216180e+01
4.491140561539118892e+01
2.933829358273971621e+01
7.812208947810844961e+01
2.507897573150584947e+01
8.990628956824950535e+01
6.878300569317546831e+01
3.739902313763825248e+01
9.971112706397732950e+01
4.928265892231718937e+01
7.057121205725843538e+01
8.617212029141803953e+01
3.629562750521708736e+00
1.745864737151963197e+01
4.229956706502109398e+01
4.602853174085832677e+01
2.169349561508780866e+01
2.254643482322538084e+00
3.766765874577936302e+01
4.942174393223761797e+01
5.206091748540664099e+01
7.025850659891233363e+01
4.383557315949760635e+01
2.411012356924606692e+01
2.325660081700143778e+01
4.387056536057556144e+01
1.676829739642455763e+01
3.284246243524968634e+01
3.576515853749230445e+01
5.540342686867884936e+01
6.624906689164340889e+01
7.298148144345270794e+01
2.009007379440045327e+01
1.709658026663274200e+01
9.334170075247544673e+01
1.565288211769518867e+01
3.130229828622739063e+01
6.739893662322023715e+01
7.097998215541101885e+00
8.816597023035851066e+01
9.667434706182712034e+01
4.479975043148560587e+01
4.576548542382720086e+01
6.135425921413406591e+00
8.248829206321779850e+01
6.934209476042030929e+01
3.659126302544567721e+01
4.389242029238628362e+01
2.987093398071048966e+01
3.818479576865888703e+01
5.192997174064070265e+01
6.858793945044585882e+01
7.064549253547944829e+01
6.572530321094998840e+01
5.449420542287985114e+01
7.076610755670653674e+00
9.507564869318723311e+01
9.001110411548468448e+01
8.611696938020612890e+01
5.409411512043143944e+01
1.046921478049411824e+00
9.415840956581276089e+01
2.249358909436063314e+01
9.415448741445955250e+01
3.417938842415595246e+01
9.793572275756375234e+01
9.752722367184466634e+01
2.016059543915843477e+01
3.904219277844076430e+01
1.467705529857272850e+01
4.016849745074085831e+01
1.154667465815149008e+01
4.235778548128122623e+01
2.028482464027526788e+01
5.537853234185905649e+01
4.581253132097992165e+01
5.167265876533894442e+01
1.776762362975883391e+01
5.967653673614240262e+01
1.063776772582810715e+01
5.530929906724206546e+01
7.167403522978365515e+01
2.349095242090566416e+01
9.362711460940501240e+01
5.890016633377717881e+01
9.834442188058645229e+00
2.639237218495038562e+00
4.030491342319819381e+01
4.119352210003085446e+01
2.385328007277728446e+01
5.529557338967720881e+01
4.790061056322080191e+01
8.421924670011934211e+01
8.083945559092721567e+01
7.589057272495831796e+01
5.332962764040138914e+00
5.398125743928153497e+01
2.965534924978009457e+01
4.349173580698722219e+01
6.194007426984038034e+01
3.024631832909735607e+01
2.041267282661530658e+01
9.719696162211208446e+01
7.867832626449887812e+01
1.252008749735816728e+01
4.821393780915391858e+01
9.797465829779095969e+00
4.018861227265870895e+01
1.665114310827491195e+01
1.830321704675773731e+01
2.853257812927211390e+01
1.409713802667694793e+01
2.519099950554053535e+01
7.858940212383359381e+01
6.368725813006237857e+00
2.037662862170853728e+01
3.883116143601969839e+01
5.047414759489223002e+01
4.319488805323211977e+01
2.070506304580410628e+01
7.058105885229007015e+01
1.616527416822328789e+01
9.453075282050804162e+00
8.381610468748681342e+01
1.459929922456648654e+01
2.736645115762254932e+01
4.744506406135053567e+01
5.671957576104558640e+00
6.067196080374556999e+01
6.174584733890648636e+01
2.549317035333975667e+01
5.069916949479921442e+01
5.975731466528436897e+01
2.943266758086332402e+01
1.455571873303461672e+01
1.606396347429820537e+01
8.965327819935620823e+01
9.077888082184742302e+01
9.799446993110035464e+01
2.144650991888133973e+01
8.059467447362633763e+00
5.900202124066416332e+01
8.394267853324647888e+01
3.954891527949207131e+01
9.011354910426113918e+01
6.042945387465969986e+00
5.690792696465823752e+01
1.131128885082687319e+01
2.373856801875365719e+01
7.099865216557979863e+01
6.942086537426740733e+01
1.726611421382484579e+00
5.687575471478570677e+01
2.719805823701163661e+01
5.404832791042201023e+01
2.799133083069012073e+01
7.339252612606482273e+01
2.379286167137835051e+01
3.787494584602926295e+01
3.400371486572451829e+01
1.289180318561727923e+01
9.801347786950630336e+01
7.989948725843790100e+01
8.178181173870164855e+01
3.144156354030812750e+01
3.992638828783422156e+01
1.731240410330014967e-01
5.824702454146519415e+01
6.182954700527434255e+01
4.932436094567938767e+01
3.415614137657843941e+01
1.712535643343475655e+01
2.959284012946761244e+00
7.991228784872704693e+01
8.278497347316616128e+01
1.106732803061383308e+01
4.028144146059510433e+01
5.307624522463331118e+01
7.400491809154777911e+01
2.748099089713600307e+01
9.867952047074085442e+01
9.377785855823556460e+01
4.115071509653385107e+01
6.579133646870897678e+01
4.545490849998144967e+01
5.665621210769556271e+00
9.021301834298431288e+01
9.781891921721896210e+01
6.476710515531685530e+01
4.789159564131833946e+01
5.615246645888203147e+01
5.562376895479650329e+01
9.553100642114907259e+01
3.704631475853028633e+01
9.122281004878168176e+01
6.516424692853843226e+01
6.160633628801492989e+01
3.345378121223853185e+01
5.112727317044895869e+01
2.309602752407058546e+01
3.933555745699760564e+01
5.875885255832585585e+01
8.747439633162535699e+00
9.632818849963493335e+01
1.543963045461088690e+01
2.954462923025040766e+01
9.689978512272631406e+01
5.877596088589109868e+00
2.552256944790077853e+01
5.634267173642518856e+01
1.651046964927752470e+01
4.009668607387298067e+01
2.177597122459073997e+00
1.593299300965238530e+01
4.706708095198381869e+01
6.066232831695902661e+01
8.228327264432422794e+01
4.979312968786323523e+01
7.804385346781124611e+01
9.061427465499909317e+01
6.268420705500336965e+01
1.140807197723737687e+01
5.511988269077714619e+01
7.415681296602539163e+00
9.849271295425367612e+01
7.595888314921950268e+01
1.069238568113916088e+01
7.723339606133880864e+01
9.516382266841057458e+01
1.722770832172976085e+01
3.515585756914930471e+01
4.273891781884258023e+01
7.842367779214747259e+01
5.599690990656801404e+01
3.191071192831610404e+01
7.869187602646312030e+01
7.359762550849160334e+01
3.508532289254584491e+00
8.348157431550990282e+01
1.038323779985972450e+01
1.741820241304473527e+01
3.077496540332296249e+01
1.074102290156032602e+01
2.282860480026177541e+01
6.947856949682903860e+01
3.873683236040685074e+01
6.001109058302874644e+01
7.948276122327550297e+01
1.492931222043839590e+01
9.775324033374133137e+00
9.684182158829483456e+01
8.632421025013162819e+01
9.791389227482348190e+01
6.714966926245158341e+00
2.507007709032312803e+01
4.370629033420958542e+00
9.446889813460430219e+01
7.003981368740167568e+01
8.993676685224374978e+01
6.627121330439426572e+01
2.362949009212335127e+01
7.375642167498901358e+01
2.913487300352957021e+01
5.486092566452789043e+01
2.799379728105344523e+00
1.190258624395831255e+01
1.959227632326285828e+01
2.211590627396400421e+01
8.431789196326731428e+01
2.910675944976474128e+01
9.255751283159177945e+01
8.594849896196578243e+01
8.424306813613182499e+01
8.403710752750875201e+01
6.756075573998492700e+01
6.916213327209015915e+01
4.163130031498538841e+01
1.027439342207949835e+01
5.642331892474496868e+01
8.249547728822770409e+01
6.001862274137117481e+01
7.731985389030813849e+01
2.689433393093432212e+00
4.945353039420717778e+01
4.868293145276311407e+01
2.979240876775930502e+01
1.389481066216374749e+01
9.433577537325318474e+01
2.914685107405577824e+01
7.273878879939796605e+01
8.254518679238552181e+01
2.866216986095204700e+00
6.749588323493743758e+01
2.472286337653254407e+01
7.880718537119115297e+01
6.262637760338976278e+01
8.237045655396218535e+01
9.678849948369344247e+01
2.468758884606662107e+01
1.040231874085306707e-01
5.486139952389101637e+01
9.179015777780222152e+01
4.839209732322655810e+01
2.737687619168046638e+01
9.629364585861274861e+01
8.127416938602750918e+01
1.061217539438374935e+00
4.114456872432562307e+01
2.128978558560815770e+01
4.644907060392874598e+01
4.499466259960193071e+01
7.417594045666342595e+01
9.089621993219788010e+01
9.968308151651993398e+01
7.612164346873171894e+01
4.683110628076575210e+01
1.158194033656241295e+01
2.686607585802824882e+00
9.937122247080102966e+01
6.503516943022603414e+01
5.733835574389388512e+01
3.425667483252063050e+01
6.450191411981785450e+01
9.098865654499805089e+01
2.487634065161650199e+01
7.473987334747796751e+01
9.128077158881102093e+01
6.531122025762591932e+01
5.902202358485018863e+01
5.039603498204270693e+01
6.274823480844484891e+01
3.737470290054888267e+01
9.751415537693674196e+01
1.132093427325534485e+01
2.414505690086522449e+01
5.704373226397030550e+01
9.878083135830725325e+01
5.212576860615111229e+01
6.468008038565075424e+01
8.626592482408608475e+01
4.766679859279307863e+01
5.305083719484341742e+01
4.644238265968914448e+01
1.428077433222395598e+01
2.808451596266103856e+00
8.368337093628660739e+01
7.729349699351951131e+01
1.329966200998146064e+01
8.137336944931887217e+01
2.445187765305345451e+01
4.671594906505988121e+01
5.631218219657946378e+01
7.108528878278362129e+01
5.669700418062401326e+01
8.288455706844992221e+01
8.663836476559005462e+01
4.627244118370630588e+01
6.716989777874780998e+01
7.804736226931717624e+01
8.796359292689372467e+01
8.895008267373860633e+01
9.009372779264165843e+01
1.272665489081044043e+01
9.855716210294322366e+01
8.307807379425968008e+01
1.387062365603799563e+01
5.335087946482709498e+01
7.614368513432626173e+01
6.213525491865191697e+01
1.909937815482465329e+00
8.875506564273987919e+01
5.707678033266372353e+00
4.130362298231921159e+01
1.250244215028249961e+01
8.813277477395653037e+00
8.449915229535022831e+01
8.446033200737814184e+01
9.981855247992807278e+01
8.286364642832883476e+01
4.465049610973514937e+00
9.157422197282883758e+00
1.087781274109420693e+01
3.063908614927231966e+01
6.894786881886901142e+01
6.306093072738774197e+01
2.545718107537333452e+01
2.903427441831873779e+01
5.830016756717091653e+01
2.366402538935286071e+00
5.403708504698963822e+01
8.278347987964194488e+01
4.328040545722130616e+01
2.522675634329497640e+01
2.840296111838103243e+01
8.722858295225111647e+01
6.791183709871498309e+01
6.052188336394759460e+01
1.665092164830245380e+01
6.039376055186521342e+01
7.205256190211953538e+01
8.007486605612753294e+01
3.329975411862798040e+01
4.743871557501416447e+01
3.383875455469147653e+01
9.296951615728508500e+01
7.915713723193137241e+01
9.316750484274808741e+01
5.465347907263857508e+01
1.792031923136103799e+01
3.675822501372388729e+01
1.503430008154135145e+01
8.398465109508870796e+01
3.967218797925313822e+01
1.931890112054209752e+01
8.092364537024148774e+01
2.979034251090448748e+01
4.352478019514828134e+01
9.040210199792146284e+01
6.351548100884163262e+01
5.047605156894865530e+01
1.964290541540417578e+01
2.576277354337183212e+01
2.284791480661443330e+01
4.771660344297470147e+01
3.632738309994009995e+01
2.848365290351170387e+01
5.295713216373676424e-01
7.379516671275759165e+01
3.812188551930395874e+01
1.405689779854393251e+01
6.405794752407810222e+01
1.916829952098890644e+01
8.447656851616788742e+01
2.239418119399075735e+01
7.551948013140440708e+01
6.773739468326384383e+01
9.325766009228013331e+01
6.313343179363237567e+01
9.835963281151100546e+01
2.079473602344290484e+01
8.898595757835798281e+01
9.386109646998424694e+01
5.237668375727877468e+00
3.676524892249205578e+01
9.338662823159540949e+01
1.570834906600981906e+00
4.042902902789151653e+01
4.365813329943301824e+01
7.842745945817223685e+01
1.381594910026933221e+01
8.479527210555670713e-01
6.858828507876982883e+01
3.815748334453168411e+01
2.247376328514242161e+01
4.938056995623877299e+01
9.933133400575414385e+01
2.096883197455405679e+01
2.811959870996033573e+01
5.195083386477120513e+01
4.823831536006954224e+01
2.246556346398374160e+01
8.813079695403457947e+01
3.633276399575569826e+01
8.077306846210740687e+00
3.151831439602127460e+01
3.540326947066837704e+01
4.218417375169069317e+01
3.424611305663896843e+01
6.682245849774716362e+01
6.739397584601285018e+01
2.921785981029285750e+01
7.866958511527791131e+01
7.497843015591055860e+01
4.474693461011024453e+01
8.041688596702182679e+01
5.511905962190755126e-01
2.727835268839884364e+00
7.584727924795234344e+01
7.517883609244800880e+01
1.042516024492891091e+01
1.043631696889247884e+01
4.108020677119477426e+01
2.194092697824125793e+01
6.806337373210233466e+01
6.777302925123441923e+01
8.842636187015307314e+01
5.179926834414101222e+01
4.342581537240430833e+00
6.566611420791885223e+01
3.743724206951121403e+01
3.613625915861524618e+01
7.612156957334565277e+01
4.493981158749929250e+01
5.746081606028810285e+01
7.990228197380221786e+01
4.039685907725575476e+01
2.867028457059095370e+00
4.947168964525013735e+01
2.976072439273229620e+01
7.853485149905755236e+01
9.559949079226051083e+01
3.884209324451494183e+01
3.224689930820334638e+01
3.154905522297297793e+01
6.309734577776011832e+01
1.196703046175536755e+01
6.300509663237023972e+01
7.861650913634223059e+01
4.272015458221184758e+01
9.550962735612955612e+01
4.931982798298918169e+01
5.940324758310140396e+01
5.239396162030968185e+01
7.487704199278613260e+01
8.822770932364659302e+01
7.248455782226528754e+01
3.491804956671902005e+01
4.648620326775692035e+01
8.374439437130784825e+01
9.942418904923295031e+01
7.435429168290893642e+01
8.374603927419437355e+01
6.274341009829882410e+01
5.457696769484602584e+01
4.350976490729973278e+01
2.785604880520944349e+01
5.123964694495926153e+01
4.866754318071251362e+01
5.947360496718602008e+01
2.683263457309603695e+00
6.600926796296425891e+01
7.647606210141641725e+01
6.259744143816082129e+00
7.768234739309697545e+01
4.377047545823339192e+01
7.958725748797691324e+01
6.259260211749047897e+01
6.243814575807380152e+01
4.941567608238766240e+01
3.503736214265123294e+01
1.753601664628977730e+01
2.228499300027597663e+00
6.085407631177746879e+01
5.169065885746177003e+01
8.906569483632851814e+01
5.113263085168697586e+01
9.341066364679937806e+01
9.596058515447116122e+01
9.438375992340175458e+01
9.050573946624615473e+01
1.654433054868296082e+01
6.811879587500446576e+01
4.212244157625918461e+01
3.672775310831924145e+01
8.104842585141061306e+01
8.452504450435426975e+01
2.321296188124404125e+01
4.654640853017951940e+01
7.912953748182964375e+01
8.718650068973296641e+01
6.124100305325220006e+01
9.185998622166614780e+01
9.577681269939844810e+01
7.638792501726847206e+01
5.058311302162445600e+01
6.878261940136354724e+01
9.228556569224940631e+01
9.725366124334942697e+01
9.343767308727558429e+01
7.345191917227541012e+01
6.763064114842636343e+01
3.898528460832506592e+00
5.420339543583789776e+01
9.158738558164635890e+01
1.422055971549616160e+01
3.872867143849936156e+01
2.037510104936295363e+01
4.881222390335957328e+01
5.320813578011049572e+01
1.651939564728911591e+01
3.003495149011559207e+01
7.261330226180932357e+01
1.649596985534063265e+01
2.132843013573768687e+01
5.230978220114032240e+01
6.859392517820462842e+01
3.833578989878350107e+00
2.173907509327470677e+01
9.709601734713115206e+01
5.995377314754578890e+01
2.644829226347154005e+01
2.402646664029074586e+01
2.990496626422869397e+01
5.659799370629969673e+01
9.858482015654979591e+01
5.633806761949183795e+01
1.277481649982720135e+01
9.471200659362366991e+00
4.995105300322543229e+01
3.226545471555928657e+01
3.253801596978605204e+01
8.891083121337358364e+01
7.322469464877752898e+01
1.214218294605429183e+00
5.659242314299615373e+01
9.814366575155845851e+01
6.172804954522976573e+01
5.835539332284269420e+01
9.207178029612620662e+01
6.074957937926441787e+01
1.308440799053640546e+01
9.669310618115514444e+01
6.630834141078625521e+01
2.111550934232304755e+01
6.254660800845740454e+01
1.546670809858958862e+01
7.704995236737319431e+01
8.299026428830813984e+01
4.893567371073356043e+01
8.442416899185739965e+01
3.144587213929257530e+01
7.707716754422055949e+00
2.485019004357081940e+01
7.058094950535183898e+01
4.045192470389841333e+01
8.156502322837609142e+01
6.962979909079568586e+01
2.859019846164510170e+01
5.186704727397158621e+01
9.681162724081494275e+01
5.521394669901701491e+01
6.059558765493533627e+01
5.280430148609190155e+01
4.783296564458156297e+01
1.099948899359771737e+01
8.325502435809383428e+00
6.857883990008163266e+01
8.480380571744809970e+01
8.590687459124234238e+01
8.254920745306760921e+01
5.877165398564621057e+01
4.229084892303824894e+00
8.271502207844878285e+01
9.322585890488917926e+01
1.168246966628686501e+01
6.840719818441122868e+01
4.842234568669390171e-03
8.768596510039975556e+01
8.006211897004979505e+01
2.055556999024044273e+01
6.196907808368084858e+01
8.060170333553750766e+01
3.397564361620561613e+01
7.735841922361778700e+01
4.290625194462849379e+01
6.367339947436341419e+01
7.618961490355009403e+01
4.251050422336602708e+01
5.226824944349801427e+01
5.755958727560733479e+01
6.769068280687650940e+01
2.801690728297636568e+01
7.854714040321812263e+01
5.638946245158024340e+01
4.872774508374922675e+01
9.758725053350204348e+01
2.912364482190681514e+01
9.711028692249415428e+01
1.012634686781684934e+01
5.681762354724934028e+01
8.834773611172764163e+00
5.325599297870095938e+01
2.988672913170024970e+01
1.080739815917599600e+01
3.429436538044075178e+01
3.888983425080787271e+01
4.280967136385161353e+00
9.538282362671115777e+01
5.946108539041405905e+00
2.292421120787396660e+01
8.306918531524478055e+01
8.561491364511650204e+01
9.093370035054513778e+01
4.458768040809874122e+01
9.272225524533239138e+01
9.899283051093588526e+00
8.772823967382934995e+01
4.657888202452479476e+01
2.647097303798848600e+01
3.699915321770169641e+01
6.879869633121282391e+01
1.435502570051723126e+01
2.106754039233007347e+01
5.252850971281424108e+01
6.122005115588584800e+01
5.917624139783615078e+01
1.601160174161746497e+01
9.245016566534775393e+01
7.854394736914822772e+01
2.716317241896084766e+01
4.564452804927321239e+01
6.745625983084218547e+01
3.854014087578072623e+00
4.927918243203087911e+01
1.017973950149316842e+01
5.255720095707901862e+01
2.349683751323923175e+01
7.942979177347596931e+01
3.435570178224983806e+01
7.281562894382480522e+01
4.379603393650057797e+01
9.274884809040829126e+00
6.407754100796390162e+01
4.583999726048521950e+01
3.950191522505661368e+01
1.668303619747565492e+01
1.960268512762786131e+00
5.181415740369843093e+00
9.082084387649329926e+01
5.059476695501552435e-01
9.446733646534720918e+00
9.359883842316955338e+01
8.455118549984351972e+00
2.122938694635097079e+01
2.289526564238485307e+01
3.795820208888800451e+00
3.053593039559680022e+01
7.765658678431246642e+01
6.366411889480616537e+01
1.510601650927480044e+01
2.988471970313264592e+01
9.292356203794685143e+01
5.929009654136130081e+01
7.889295800603774467e+01
4.619157907958554432e+01
4.655092408631721668e+01
1.419455200036867648e+00
2.103205254790378831e+01
1.765086983811230326e+01
9.655898987367961261e-01
3.803159780643547094e+01
9.620119934295632902e+01
6.939530946265158207e+01
9.784359480987041024e+01
9.875386557955788192e+01
7.671697017513072581e+01
4.688374969297002082e+01
5.056979293385901286e+01
3.640422767494537482e+01
5.934524159724114867e+01
5.777099518279315760e+01
2.218610360903496925e+01
3.120081445073199689e+01
7.511084977605048607e+01
3.119867531494856649e+01
1.593108665057030393e+01
7.374343955223906732e+01
2.786054271489278733e+01
1.535918578944405155e+01
1.573211161704579553e+01
3.542228852434536890e+00
8.201279096119422718e+01
7.155854087683244380e+00
8.318786634576794370e+01
9.992752560496705883e+01
1.085653703011317717e+01
7.960512958066186684e+01
5.113595449895894518e+01
5.647973497311560465e+01
3.430478205791240498e+01
2.842660337588529629e+01
1.804118720323369018e+01
7.236541306283604058e+01
7.870285726405903404e+01
5.505846816400732280e+01
8.511470688565643172e+01
4.007825496049754577e+00
6.500446560590145850e+01
7.509077241714024353e+00
7.202525164802531243e+00
4.218104644952790494e+01
3.216931885093811161e+01
5.761588458093923748e+01
8.804560146795616049e+01
5.454119122807540521e+01
3.099069078121950938e+01
9.812567178769579357e+01
6.134619553859374719e+01
7.890398189417607000e+01
8.100715488542719811e+01
3.110138462262052172e+01
6.376229983909398769e+00
5.209451875873494231e+00
5.092733563595349722e+01
6.065433403064843532e+01
5.831917192675013695e+01
9.868527276155577965e+01
1.288663377057583936e+01
1.776528252171679512e+01
7.362825487829843496e+01
9.551576932541119902e+01
5.338868750112224504e+00
7.715975813317375298e+01
2.786025541385652815e+01
2.480789191310998021e+01
6.720361493964908561e+01
7.550056963703602264e+01
9.386944351113582741e+01
2.915062212467530856e+01
9.037321793441270756e+01
4.130354820295066531e+01
1.443356553885071136e+01
3.058031705020503210e+01
6.141467403444355000e+01
6.567021203709835220e+01
6.679727308609595404e+00
8.611517315836593411e+01
9.773326290357536550e+01
7.159893808728054410e+01
9.224859546179775549e+00
9.419915143231388299e+01
9.323502530266781108e+00
6.595799187274160147e+01
5.036206053859886111e+01
1.825955881030365546e+01
1.633353416044581863e+01
5.645361630720375956e+01
9.041105277116095351e+01
3.362987000263741066e+01
8.847444900038786386e+01
2.531993528239957669e+01
2.372863500199184728e+01
8.137170015111757948e+01
6.465929100322996703e+01
9.506289812190327382e+01
3.399366376631122222e+01
9.596051434562930638e+01
9.033887800363108056e+01
2.236177276711999085e+01
6.181188598458167149e+01
9.656667245900248986e+01
8.987377068984201856e+01
1.077487015410865112e+01
4.798721035686960334e+01
6.754248057705616759e+01
7.936992528071186825e+01
8.019304188280487722e+01
9.389099227164173556e+01
9.697529611520032233e+01
6.595182298157612877e+01
4.179685699396144116e+01
5.406811704379376238e+01
1.942559030978540235e+01
5.669894518424209195e+01
9.728642704242621164e+01
7.196034914566945417e+01
4.176913472272649841e+01
6.057907354332818528e+01
8.697081344039592210e+00
7.989763950765114942e+01
5.945275536990406806e+01
9.145516107075495427e+01
9.482354265509783886e+00
9.464157123267035843e+01
8.681251986453777647e+01
6.990377846999655276e+01
3.074141104365508781e+01
1.151654267091322126e+01
7.906509596365413017e+01
8.189870881962821159e+01
9.008143290033129347e+01
2.773692280189038328e+01
1.377209748219022600e+01
7.428176185917500618e+01
9.226945952680932095e+00
4.015463939009378258e+00
1.811712474550718355e+01
6.788699407775594352e+01
1.440941642287208957e+01
6.240041862618033264e+01
4.003246813408816251e+01
6.398931264247965345e+01
9.927795936863790871e+01
6.525322128617816020e+00
3.378180065844352953e+01
7.081561487745875638e+01
5.954432452685716015e+01
8.894995480614851147e+01
2.284535897201123156e+00
9.160669192930429006e+01
1.620093775861383278e+01
5.510320076378516774e+01
5.424745407374227568e+01
8.611657343205114046e+01
9.590147047674788894e+01
8.029236735072970532e+01
7.213876036140607084e+01
4.822885280371183825e+01
7.311720065698179383e+01
5.254740010176139720e+01
3.240301194581147826e+01
3.371051299844416604e+01
3.887748728331293080e+01
5.645990048899711411e+01
5.102778137603741015e+01
7.430206235692293149e+01
7.583246744524359428e+01
2.979603904808060122e+01
7.162118217618607119e+00
6.194008957693205275e+01
9.693063581820238994e+01
6.644151625282736973e+01
2.276353974287249571e+01
8.841198592980471460e+01
2.901223785077008444e+01
2.294999459754552973e+01
3.982476038165819432e+01
7.123173322394973184e+01
4.944269885104534268e+01
1.169636120314851979e+01
6.544204057438207656e+01
3.377206118006122182e+01
3.816012242318321768e+01
5.942423755639647531e+00
1.195012800298453826e+01
9.593585253179301731e+01
1.543199569153470563e+01
9.252611832544795334e+01
8.790632795523353593e+01
1.476176216307929501e+01
9.314500051678132309e+01
9.552582406082893840e+01
8.598829742466885762e+01
8.587988989793257133e+01
2.266924477796814585e+01
6.305624375426164363e+01
3.615814440435482169e+01
7.496572845839993704e+01
8.424049467918884204e+01
5.733313596347186802e+01
8.886478962599547060e+01
9.003560823227662269e+00
9.052518461199449007e+01
8.370636613171214435e+01
2.024405417583380284e+01
6.736857466740980271e+01
3.015074257380329215e+01
6.067217291599530427e+01
8.579871509467415081e+01
2.935912945288140463e+01
4.963860216123239155e+01
8.326643497080580403e+01
2.268910647007065151e+01
3.140628661814608336e+01
6.063038836825180766e+01
4.020939841249943925e+01
3.015363933372702121e+01
6.324118473781683747e+01
3.585892390570566590e+01
5.415210016051537423e+01
2.519783595344478044e+01
1.016533929768073108e+01
6.489516708363170494e+01
2.355910048540903290e+01
3.377812341484529668e+01
7.265330733171309419e+01
5.698608274206983282e+01
6.758254563984883134e+01
5.631225059822956069e+01
2.415937090112898389e+01
8.290637914782070084e+01
5.639034315408964204e+01
1.870673112758757384e+01
7.643963981492902349e+01
8.332690419243573388e+01
8.531594551035699681e+01
3.051208541720058420e+01
1.225957138996547346e+00
1.459451362983404898e+01
9.387314068814882262e+01
2.094547846271834857e+01
8.229895043760053852e+01
1.096448042901359088e+01
9.701022951837209973e+01
8.016468177493136693e+01
5.321389778247541358e+01
4.522772157482123134e+01
6.244513967163174328e+01
5.049191148210779545e+01
7.616399867527553624e+01
2.887273977283360082e+01
5.906358009222890004e+00
7.776366287956845724e+01
2.800234385604030152e+01
5.640503894856909994e+01
8.364965245010628792e+01
3.498884832497661801e+00
1.507956581132341434e+01
9.139119528558392602e-01
2.414309343355312976e+01
7.527991445127501891e+01
9.338401626523253185e+01
5.410554718122943285e+01
1.813133508931467119e+01
3.505226844715578949e+01
9.597920793871450584e-01
3.219651693844415519e+01
7.076961173037576991e+00
5.367621921359748427e+01
3.526025438100317899e+01
7.003694215097965525e+01
7.253404283031585464e+01
2.500480059830759672e+01
7.484336389881450202e+01
9.528202545101569854e+01
9.390750321642234155e+01
6.846093772218966933e+01
7.076790948728991282e+01
5.264389987451754394e+01
3.739763507449289648e+01
4.978995354987705468e+01
4.412327034539593740e+01
4.657514907737348864e+01
6.212739125361787274e+01
6.172351406224959902e+01
9.938483960822202334e+01
2.643285796405790933e+01
7.895558860250633870e+01
7.566996635022915996e+01
5.848344967794201210e+01
1.240287372615901340e+01
4.336653042688465298e+00
1.370551188704325440e+01
9.720215595434900102e-01
6.354639105426382883e+01
4.306273042932316741e+01
4.683224423172597284e+01
4.543023830311224742e+01
8.040526826584260434e+00
9.997746146939535095e+01
8.845233616605341354e+01
8.521703867588907144e+01
2.368247074128053598e+01
2.787748080530149153e+01
2.540121519931745198e+01
4.607670446598849168e+01
5.749255942369195793e+01
7.794116913251158962e-03
3.823090931855281838e+01
4.484491088079320065e+01
4.559973865398752935e+01
6.277967712988478866e+01
1.996774768267723843e+01
6.881792668627495502e+00
2.652230156789426729e+01
3.880554034924612949e+01
8.451927846129537159e+01
7.732631173370674560e+01
6.297405339742787334e+01
8.313842948902302510e+01
7.532015910203477915e+01
1.623757543675777981e+01
7.048563011811891954e+01
3.013379210662661123e+01
8.295351772798332135e+00
4.960847271375408951e+01
9.755229784740599541e+01
8.456120788898380169e+01
2.114033379559956316e+01
2.625054969329732035e+00
7.468021596437860410e+01
9.438710942223627498e+00
7.258431683730343309e+01
2.591943190528771623e+01
5.303709988702863853e+01
5.816655151911267296e+01
6.903342086808413569e+01
9.515196728181999219e+01
5.845479245989994155e+01
1.490456111952859253e+01
2.696230347573612818e+01
2.039386389009161249e+01
3.521538477610774720e+01
5.856541224542757362e+01
5.661977260919721289e+01
7.963198046076888659e+01
6.612289131872000780e+01
4.164187917709863029e+01
5.090507550134010017e+01
7.230698622276980814e+01
3.908501071776709779e+01
6.681756870814086824e+01
6.920760385914516633e+01
9.018940190471541030e+01
7.854761230154993257e+01
4.692310868626697840e+01
4.656194547153108232e+01
7.880911496570249142e+01
7.909625004290739980e+01
9.993493982045720259e+00
4.815519683389388916e+01
1.947814102271034997e+01
3.096855965292132495e+01
3.416497006387186985e+01
5.095053440226601538e+01
8.468474800730389518e+01
1.040625212059959104e+01
4.929325750992246213e+01
2.511479705225355730e+01
1.787130342646286962e+01
9.652937271946761655e+01
7.138218339752267383e+00
9.721237140627209783e+01
4.538965203378124613e+01
1.221963550640123941e+01
5.689923251131099136e+01
2.575724618708316171e+01
4.152836252105005599e+01
9.824583686874375132e+01
1.673979967012676440e+01
6.061842672815240007e+01
4.089577434941497813e+01
9.471894428478631767e+01
7.037307277404380557e+00
3.359141531954109894e+01
8.148467428472510221e+01
4.144468007494427297e+01
2.130230716415256609e+01
1.072305450191085541e+01
6.966703041333175861e+01
3.400144321084091104e+01
4.644301865620359848e+00
5.307324796296460789e+01
3.038518049269546140e+01
5.715934377192617433e+01
2.502696800894195306e+01
3.230191540620955948e+01
7.274104868367973609e+01
8.593876478040616007e+01
6.498149702195827615e+01
3.166103202905210523e+01
7.752904316133826512e+01
3.340949716764908572e+01
9.197968804607226545e+00
5.008283526901897886e+01
9.932176882352446512e+01
6.751189168886313041e+01
2.123802627236319651e+01
5.332063298099631865e+00
7.862662968840878364e+01
5.857417494628735000e+01
4.435546740661875731e+01
5.818587273925705006e+01
9.656034487663740151e+01
2.821312399885070832e+01
9.683853527999299615e+01
9.102628832311266294e+00
6.341680863720806371e+01
6.533361403392117950e+01
7.376437754389093016e+01
5.405150925362766756e+00
3.936812928443498549e+01
7.785472208685985152e+01
3.077105090494408657e+01
4.722808341130691900e+01
4.895275831777215814e+01
4.638725277908840638e+01
9.560845709688459237e+01
9.951159115773886299e+01
9.457802039740171196e+00
8.377871422917088751e+01
4.266725173534295124e+01
8.768093995533969576e+01
8.756848729007626275e+01
8.659596697674025734e+01
3.475907129609174007e+01
2.949409124576270003e+01
1.286555243509089941e+01
2.316462390681950367e+00
6.586952643422623055e+01
1.947862815986822937e+01
9.057997372355937671e+01
9.758857467716673284e+01
9.860904701109187442e+01
2.853590130952835580e+01
6.013516390660388566e+01
3.659560840434599527e+01
6.899847676339452107e+01
7.366766175590537102e+01
8.386458875797383428e+01
6.838626778298640829e+01
7.816490734226219672e+01
2.167699398341400752e+01
6.396237154093164179e+01
4.268293868922476975e+01
9.925379113366622619e+01
5.517771178746257021e+01
5.417805585907770194e+01
6.963799998307720784e+01
6.237836093732779119e+01
6.168671659693421105e+01
7.112293009690276335e+01
2.745099618215627402e+01
1.599705907140113226e+01
3.250319965592404259e+01
2.967232906584483842e+01
5.635579432591035953e+01
2.634601631890724960e+01
3.091226516613659925e+01
2.850969391705093781e+00
6.062450232487526236e+00
2.470236065287356730e+00
1.412645794206378547e+01
9.260408392148480061e+01
6.051656129252786798e+01
3.296506420103949608e+01
1.389808551940840964e+01
4.931020857860899298e+01
9.629368520419913580e+01
3.049750865910614195e+01
3.770919152060729118e+01
2.611506705968665898e+01
8.233021371352546680e+01
4.962711799528141121e+00
7.869240000063026486e+00
3.307395520017660573e+01
9.853537704209666970e+01
9.612409876648500529e+01
2.141628093525650556e+01
3.156928538299340659e+01
6.119392741028841698e+01
4.116298068489599871e+01
8.260807451692696191e+01
8.197108034400713450e+01
2.372373034102939116e+01
4.000428048548915427e+01
8.670777839422049738e+01
8.047495553812849778e+01
4.581660548644475028e+01
8.346766112132443993e+01
8.011487674548064319e+01
7.350419852893763206e+00
4.231953654684559041e+01
4.642434415835862183e+01
8.013957161945860719e+00
4.079426747347913818e+01
1.552714727603555822e+01
1.754223283659558419e+01
1.494187099025701126e+00
7.991435349406962985e+01
3.304978416497669258e+01
3.347409421676745467e+01
9.861041248718277075e+01
4.163443917618467083e+01
7.321072532326682847e+01
5.422350548229424305e+01
8.714770070162398952e+01
4.717169528013983637e+01
5.491598229965297406e+01
6.940089487943265567e+01
4.560052159045936548e+01
5.747827549273380754e+01
8.089748607668335012e+01
3.775226300989580608e+01
9.549419768893285365e+00
5.542453686054687978e+01
8.300090143135493292e+01
7.645084877190946315e+01
2.564641812755269612e+01
2.781076443568184686e+01
3.621891093164034459e+01
3.587773375515249796e+01
1.421563953236865174e+01
9.024321485722748548e+01
8.864508819391831196e+01
2.621997554911167327e+01
1.300734166354637900e+01
1.634090896580180186e+01
8.046034788673267713e+01
3.746060792430483133e+01
7.520458872173389864e+01
4.552931446383205838e+01
4.975974512711919573e+01
4.795893173410743771e+01
9.544924205839923559e+01
4.417646942732397264e+01
7.610709723411130767e+01
3.601697740249187873e+00
7.714448362783458890e+01
4.127972272640938201e+01
9.678041729435521745e+01
6.297502637027990602e+01
9.183915690558674783e+01
7.873707525220460468e+01
4.619870916390878790e+01
8.773160320153976954e+01
3.545031450799236694e+01
4.510355930970780491e+01
6.525660935028496112e+01
7.579427998302767477e+00
1.869167286113781046e+01
7.671211177446795659e+01
3.246747294740215395e+00
5.882908904994751254e+01
6.704822509054771729e+01
4.907282552632409534e+01
7.118816032176817998e+01
2.916163871969486010e+01
6.597029513232487830e+01
1.290730849729978580e+01
2.315783822408193871e+01
1.807467544539412785e+01
9.934485671776891991e+01
4.154863258544943960e+01
8.363606495247829287e+01
5.031436843002683190e+01
4.644721494537059669e+01
8.976513684827719430e+01
9.558295137222283699e+01
1.705834262746287422e+01
1.065890098891139104e+01
6.953377153487005913e+00
2.350957222020100268e+00
9.774208128512645999e+01
5.006236815257670969e+01
7.411575129945853746e+01
4.912639290884600740e+01
2.742727936742445038e+01
2.752962843943316074e+01
5.674400654904812313e+01
1.428339410173416013e+01
9.369457832456808433e+01
1.145743100749041510e+00
8.093472314914798460e+01
7.731892450086223789e+01
5.296398610003348750e+01
5.549693436121403067e+01
6.915711808734450017e+01
5.745198256955655580e+01
8.883114909900956491e+01
9.558952972661546710e+01
8.744506303160115124e+01
6.805729550937650174e+01
6.857565829206721730e+01
3.688504744831144677e+01
6.376743753987137353e+01
2.423386982001467516e+01
3.530195677719662228e+01
6.318734530237155411e+01
5.377022084432829985e+01
8.046693451730969571e+01
5.864698765159111105e+01
8.195372008419104759e+01
5.005191015638555996e+01
7.862972462437359411e+01
2.420110482213396708e+01
3.501481608504198562e+01
4.685653356940527914e+01
5.556918590057713381e+00
8.076718147227110478e+01
4.619528138570274933e+01
2.037797627754541807e+01
2.236871365337117368e+01
7.820013114228608231e+00
1.362034413875687910e+01
6.348108102019910604e+01
1.248028406893245723e+01
7.131384533285498151e+01
4.126288232375892306e+01
8.640132200388794104e+01
1.795310111816977994e+01
5.871873207197584321e+01
6.802789071844497926e+01
2.323092388138352504e+01
8.021344895143611708e-01
5.912770486569205275e+01
3.653130491183566164e+01
3.338558467789982842e+01
7.301078422918742206e+01
4.028649111827682106e+01
4.505291758801909907e+00
7.331136042049162427e+01
1.923163255914817071e+01
6.146861366378667668e+01
2.172399713226839069e+01
8.969867006023969225e+01
2.741214011336965228e+01
7.153286264826252250e+01
1.643712380407222895e+01
4.645524903268432126e+01
2.402498337055078892e+01
5.648379864461796274e+01
3.178987548267436836e+01
8.534212519161788180e+01
6.278270032756294583e+00
3.827341512210563934e+01
5.447473987556842445e+01
6.227180412163981771e+01
3.204894720664006513e+01
6.174526964709803778e+00
6.183006835768266285e+01
7.832118825598061562e+01
6.667994825987443619e+01
4.044167628369053347e+01
8.249238365795613959e+01
4.096417629923676884e+01
9.798723727691991314e+01
7.461385587118050466e+01
5.073674084148260377e+00
3.969672051971650006e+01
2.254322310744192492e+01
1.473030047615727689e+01
4.807314696349445171e+01
1.715834727281838568e+01
9.669444526160178555e+01
6.625870933410377006e+01
8.202912036730272405e+01
6.238678083210643877e+01
6.421574061157171798e+01
9.038629679693102048e+01
3.126696071996518711e+01
6.677955766241173308e+01
3.717740597730687568e+01
1.359085111426576731e+01
5.167404006888421009e+01
1.586353172236778519e+01
5.317577978150866969e+00
3.844548529167117579e+01
4.018504856992732854e-01
3.847669527179126447e+01
5.775634890882000150e+01
2.926793694116802769e+01
9.102180585320952844e+01
1.366634075738697440e+01
4.793879414003420436e+01
6.927338635942803080e+00
5.432657267080189456e+01
6.137202567347048898e+01
5.643983084145910567e+01
2.434184189367998385e+01
9.564184438021118240e+01
5.118935028771518603e+01
3.481148406948495477e+01
4.582328324849927981e+01
6.387765209419858792e+01
1.870684607755664786e+01
4.419722880053691227e+01
5.322512902643007493e+01
8.244313700630942776e+01
3.205108895101083988e+01
1.836953267442681437e+01
5.364753524333463020e+01
5.823797999235951295e+01
6.168039408441053695e+01
3.083710377632155186e+01
6.105898124996488008e+01
3.051106542488290074e+01
8.774725798873137705e+01
5.193357629142254694e+01
7.158642471183878797e+01
5.575601361437887249e+01
9.870315405193553104e+00
1.548112947331816613e+01
4.830098504425285455e+01
9.192376321524588434e+01
5.307644194909800461e+01
6.686235042621567004e+01
9.761379694737949819e+01
1.066134286704769707e+01
7.506624672132367948e+01
5.506073030608686025e+01
2.514227878855135145e+01
3.801263988324035381e+01
4.501978309881859985e+01
5.154323093020196467e+01
5.975182372939676867e+01
7.332572201665611544e+01
7.333545286153227494e+01
7.241062361154141058e+01
6.288143148301992369e+01
6.392243919607710723e+01
3.517750697865825771e+01
2.916252706202932998e+01
2.484785218415713715e+01
7.170041762042905020e+01
5.761980817199291494e+01
6.183897460427567694e+01
9.786438803559624944e+01
6.801975753005848446e+01
7.001740377302612117e+00
5.317032695457607616e+01
4.285177553549382878e+01
9.642774192080539208e+00
7.294125308146432474e+01
4.307833815893259555e+01
4.063547919466625302e+00
3.365136236001534797e+01
5.655773892005746717e+01
7.250066459922582851e+01
1.691486765392008351e+01
7.199071169352806976e+01
8.202917757727109915e+01
8.191157412559772411e+01
7.399845497132425010e+01
4.727767469924558696e+01
1.114140676665709151e+00
3.482621507024359175e+01
8.748603168312583023e+01
2.729613067734792953e+00
6.162227471048588967e+01
1.382043454751761224e+01
4.751051840728707276e+01
7.294815190038055164e+01
8.659670116246149973e+01
4.255430622814861152e+01
9.138038179748923540e+01
4.746595110983808041e+01
3.250023031797454109e+01
8.133557368882377148e+01
7.810945065828769884e+01
6.135212695031891883e+01
4.760760758610089738e+01
2.239830042758961248e+00
2.629444514919257969e+01
8.964810049484223953e+01
1.975151788966358168e+01
7.584040412308182511e+01
7.840655171097343157e+01
9.166753776081455385e+01
6.607710486984090892e+01
1.482789034015289431e+01
1.345465404895106509e+01
7.373489640162392789e+01
9.330668732873160565e+00
5.944926550817218924e+01
6.349453409898351453e+01
1.981786106106253698e+01
8.304953933950335454e+01
6.068408193012398044e+01
4.736705286181403096e+01
9.088080248556636320e+01
7.834527676322511525e+01
9.316257389748801643e+01
7.562566146842009118e+01
1.876855095606403268e+01
9.162840973198055394e+01
2.776757267568592624e+01
7.916674565198407265e+01
3.974717045250630854e+00
8.453084530590419376e+01
5.344421025499701550e+00
6.812456206708135653e+01
1.647355742375683363e+01
2.647031885147814734e+01
9.484132557987059897e+01
4.952554099865502479e+01
1.014461929040404442e+01
1.775806359520541022e+01
1.232753629479948998e+01
8.552523634721664791e+01
9.397549533771318409e+01
7.061160386512072762e+01
2.236975819598421111e+01
4.505708292500725065e+01
4.572144220286480731e+01
3.214176174296770228e+01
7.081430620375886065e+01
5.239312208405210214e+01
1.841007374521341688e+01
5.742376722645581566e+01
7.504842433384406597e+00
7.147639305260472042e+01
4.936861449611485853e+01
7.235385216579534529e+01
9.887168376580798679e+01
4.209429568983759395e+01
4.849201703257545404e+01
2.318803037362767583e+01
9.889375168102442615e+01
7.570298189008374834e+01
8.520986109528585928e+01
3.288580491120784188e+01
5.842021765539420386e+01
7.782102612808309061e+01
1.046002715094126501e+01
1.821425557104294768e+01
2.366235680064612268e+01
8.233354643809018114e+01
6.278245425543305203e+01
3.687067236339582621e+01
2.597285278951627774e+01
4.646737205952666372e+00
2.311447958169243577e+01
8.017243924677559619e+01
9.156542550023726790e+01
6.071933694794072522e+01
5.183586598192817263e+01
8.420120636234296185e+00
9.583371158062760742e+01
5.983637684114708577e+01
9.862311184775684580e+01
6.922332571714697735e+01
4.517155525821679873e+01
1.028249158593397272e+00
8.188729641536385273e+00
7.759482383062321631e+00
4.966173227552166480e+01
7.237863424624035247e+01
5.337456087361458046e+00
2.956684066147292711e+01
7.668394789531640754e+01
1.827852737523521043e+01
4.794873602824043246e+01
6.762082149342751869e+00
3.808340000550020932e+01
5.235499360135874269e+01
1.170924826007393449e+01
4.312204690304256616e+01
3.962803053627907701e+01
8.456864944737884571e+01
3.512807507954860142e+01
6.861199695825237654e+01
8.183769853864913557e+01
9.580630670249010450e+01
8.771324034401413883e+01
4.358858033859186776e+01
3.934843311549618416e+00
1.517968193201492078e+01
4.162427230821377577e+01
3.124186776209846172e+01
8.010643491571917707e+01
7.997240280546492386e+01
5.414681309103005447e+01
3.846171444565664643e+01
8.810130044252176162e+01
9.665061042947975523e+01
6.983947759061376814e+01
2.447617920934887081e+01
3.621351054303227812e+01
8.559908880945599208e+01
9.943635337806478347e+00
8.051224299241208371e+01
2.285132871460834281e+01
2.699196481255061730e+00
4.294017999013468767e+01
7.833667358208144549e+01
7.308227937481372294e+01
8.690177922535362143e+01
8.923920807351247220e+01
8.339575454131851018e+01
4.946272483498339767e+01
2.550725821718192776e+01
3.201540335320252062e+00
8.888589621424989673e+01
4.498744222674051230e+01
5.079770105180481110e+00
2.691173227416815550e+01
5.138943982735489158e+01
6.461203410905024924e+00
2.865147463940461847e+01
2.154321138390243817e+01
4.374732086115863439e+01
1.271120734250787976e+01
6.171982444270442159e+01
6.466292718903028458e+01
6.294560795880230586e+01
1.101354916717620647e+01
9.707745189764601434e+01
2.683549321021664369e+01
6.369359307987262042e+01
1.786379304477685537e+01
6.414951141265427736e+01
9.207340974497013519e+01
2.810305904861560933e+01
7.286788119197151303e+00
8.192015529192566703e+01
9.562746668034598940e+01
1.346515188490877790e+01
1.584422886673348962e+01
3.818019251259781299e+01
5.910976224071441720e+01
2.801333973548494427e+01
6.646328232698857619e+01
7.764834490528304656e+00
7.160932438606160133e+00
7.736745578136517310e+00
3.906984305183996042e+01
9.101450614383828963e+01
2.007157836751369828e+01
7.654408262420099618e+01
6.361567114322799199e+01
1.380452956513343921e+01
8.474762965332331532e+01
9.635312142675186919e+01
3.478871224078255153e+01
6.388258241870783394e+01
3.248474355128412583e+01
3.795769039390120270e+01
8.162280250036765494e+01
7.060342948638935923e+01
8.245939190208140701e+00
4.957553500479108521e+01
7.203604278211005862e+01
3.446745864604771015e+01
3.225974706649903112e+01
1.383233197430921990e+00
2.954905647428757121e+01
6.271087450058038115e+01
9.977369200320363518e+01
2.115769374988276752e+01
8.768075664717741802e+01
8.150109403275645548e+01
6.947540188596154564e+01
8.071166778382938389e+01
7.894453405428072301e+01
4.714889074627773624e+01
4.111937421918632651e+00
7.489895172871182183e+01
7.917413126095723896e+01
4.389684389171099710e+00
9.799234532289733579e+01
7.399448276124212498e+01
2.689378891183605802e+01
8.833297041023946861e+00
1.257948990251729349e+01
2.097055783769331683e+01
2.486812691408789533e+01
3.871741944322860718e+01
4.972937985503649116e+01
1.808066376814576515e+01
7.859700675861414254e+01
6.389358471062066513e+01
5.807039897387515026e+01
1.885858942282696660e+01
4.951050474434251214e+01
7.575277535180856603e+01
7.463861131587187003e+01
2.753562199497083807e+00
7.345368717840233330e+01
6.156856994529506011e+01
1.679981495947052750e+01
6.714304910149246552e+01
6.249805506755549089e+01
4.708775721002876935e+01
6.276804080488490456e+01
7.115785587933184786e+01
8.682091286886610249e+01
3.900888684941762108e+01
6.627403096672895799e+01
5.167095608891229830e+01
3.405097006421781458e+01
2.533445483863405912e+01
2.170367785938679361e+01
5.870454814951217770e+01
5.094143516115425996e+01
4.747250182273230479e+01
7.801947721293277027e+01
7.462620881507319837e+01
1.463404525389093713e+01
9.113498014658357249e+01
1.685225802529648576e+01
8.553675015649918834e+00
1.119580321313629057e+00
7.452963232296485785e+01
7.800795339109544102e+01
7.013650005321207459e+01
1.946386896320890969e+01
3.565378787385502335e+01
7.098193983363825055e+01
1.371132190767034942e+01
3.167048268951744294e+00
4.553097402402678284e+01
4.155135014099504787e+01
7.987685496617991099e+00
5.176317813179211669e+01
4.667916974749222447e+01
1.595224077856745026e+01
2.334695056537069391e+01
9.004423616404121589e+00
9.724741474624210014e-01
3.116950577711908821e+01
1.961257510412758265e+01
4.615108953843969175e+01
5.742264915187222130e+01
2.194097400839770629e+01
4.036335506460666522e+01
2.968518109422476670e+01
4.208639771042091837e+01
6.472504553241867598e+01
8.985798836956486468e+01
7.220464682544508150e+01
5.111277191550856713e+01
5.613523650881774074e+01
1.692143066059347234e+01
6.134694240873820092e+01
9.946122260837138640e+01
7.490311801090390986e+01
1.888766598609452529e+01
4.594242082175578901e+01
1.236560056291249410e+01
3.585945156780277898e+01
3.506377442384067677e+00
2.604930600581130307e+01
3.655170549697057680e+01
6.254498065575241128e+01
9.364498097756033701e+01
1.617713573483082712e+01
3.290991236332160241e+01
8.008678461347751920e+01
2.769796936232075169e+01
3.951575520576656686e+01
4.585416531534664841e+01
8.768773064290168406e+01
5.037554282027441843e+01
2.121463003894340460e+01
2.445632842030603982e+01
9.739752517661854370e+01
4.848017016230367204e+01
3.031958065560864668e+01
4.736941226312602993e+01
8.734630741895482231e+01
6.653051193932053309e+01
5.894564906536869131e+01
7.019903224820961896e+01
5.804665957646171215e-01
3.482996591219063021e+01
8.699204828637052245e+00
5.256335807432704144e+01
7.223232006415844353e+01
7.036301881229056221e+01
9.538487252749706613e+01
7.271971613355179898e+01
8.378898897095383802e+01
7.027180437508750543e+00
6.956775599408864252e+01
1.248759368640076595e+01
7.175754519932959852e+01
4.261161313536908324e+01
7.185403011746707591e+01
7.040720822697004166e+01
5.180363435423569740e+01
2.976504989348337560e+01
8.046022689144984952e+01
5.286588644234431200e+01
3.436410227923739313e+01
8.255681258359579999e+01
4.194048815263201391e+01
3.448259126868833135e+01
2.975641430981865909e+01
5.107143495492238827e+01
2.457710681055003121e+01
4.097981407613511351e+01
3.300996734651209152e+01
6.348316166867995491e+01
7.445979278162624837e+01
4.616850353266347184e+01
8.928062834394745551e+01
6.192652348650285887e+01
7.857359050206046902e+01
9.256337916514736719e+01
4.878698497003441048e+01
7.837645887797413025e+01
2.573481452180562812e+01
1.860112446473126724e+01
2.099136558980353584e+01
6.588383220823604347e+01
6.547154616404537997e+00
6.712591381699517967e+00
2.852762944880880980e+01
2.399509903901289221e+01
9.971521255449096088e+01
2.026295327300188376e+01
8.472690639407719715e+00
9.788334346662036012e+01
5.865683192488157971e+01
2.367420218000012611e+01
3.465252635351843935e+01
1.626468235914207838e+01
9.343861643411052853e+01
4.694922683863264012e+01
4.352754753921321651e+01
6.838824003185726497e+01
8.530045683537548484e+01
5.652854294765378995e+01
6.038840131505982356e+01
6.555340954486488236e+00
9.656901055489768737e+01
7.013953318012336524e+01
6.214273337025741029e+01
7.205210513454404975e+01
1.069676495603751931e+01
2.348600428987779321e+00
2.095967801826508037e+01
6.408537491971968336e+01
3.793392702079712109e+01
9.791443806040934561e+00
5.287831402805019110e+01
3.875066396975553573e+01
6.588165882056117084e+01
1.592522343271789431e+01
6.925926165223523867e+01
5.573853480521272274e+01
3.375278120901703538e+00
5.815617828395790667e+01
4.360249807622674467e+01
4.587326563938464830e+00
7.425789659010517241e+00
8.985913703311379663e+01
4.827809532563289707e+01
7.624627599698051483e+01
5.036570511152567065e+01
3.343465110347911917e+01
4.046411798567508811e+01
7.467787202118115886e+01
4.909658824123614806e+01
3.342578272645968696e+01
4.248327824061063041e+01
4.320974167182880876e+01
8.181108786207641970e+01
1.958450174902723973e+01
2.050443095594592791e+01
1.009104520267946015e+01
9.099519229612084814e+01
8.310268364361655813e+01
8.572825176577542550e+01
9.638506614897805491e+01
1.831981082159692775e+01
9.592175265485192881e+01
4.734627709476395552e+01
4.334845912322220585e+01
1.510431110055377957e+01
5.521589786006443035e+01
9.407967700518908316e+01
8.508961727296468780e+01
1.908874753733438467e+01
8.399215665829382260e+01
9.475838227453088791e+01
7.098893335762880952e+01
4.669413966170905894e+01
2.488730636469288626e+01
1.598026878374043669e+01
6.660843196132680077e+01
4.736922241126929833e+01
7.508147444912322044e+01
6.000517662775709482e+01
5.358489488333312067e+01
3.788682081499074883e+01
9.069851330893794739e+01
3.352727687109779975e+00
2.612590136615221681e+01
4.554680522329759640e+01
1.210605211682980187e+00
5.172126457646515263e+01
9.921614373604597859e+01
3.423639755936765994e+01
6.347655783089827253e+01
7.151824254194069397e+01
9.630764653314636803e+01
8.019297118274455727e+01
1.049674980292114590e+01
5.126023315197525676e+01
3.936786111892343065e+00
2.527958385297145583e+01
5.775352409372640494e+01
8.393829315516856582e+01
7.357799961324748494e+01
2.939544242043924527e+01
2.228513737743062961e+01
1.816184201085416916e+01
6.705871947353863050e+01
4.418823767213362430e+01
1.193635776796081416e+01
5.654824760746392798e+01
7.197702554571782230e+01
1.597816310496661352e+01
4.651090693614293770e+01
4.163235132767319868e+01
8.503064630197576079e+00
3.849286468374106818e+01
1.466400485244742136e+01
7.282687836748014121e-01
6.950957211817221371e+00
6.686480873499989208e-01
2.284905553193640060e+01
9.862544825231005063e+01
6.539355260616811449e+01
1.564433328620696884e+01
8.606067812485142099e+01
2.944651294104642147e+01
4.688634680925108711e+01
6.239111708670679235e+01
4.998729975329313646e+01
6.315653763921028485e+01
6.964391690306176486e+01
3.168432590000276150e+01
5.888830950103167794e+01
5.044952710395133266e+01
5.371092347246642085e+00
2.721919927828914254e+01
3.105306218398995455e-01
9.472511314723574571e+01
7.978748186473843873e+01
7.051408249228485658e+01
1.707660687293128632e+01
2.191914025612667771e+01
9.923475033248338661e+01
3.566365970421130527e+01
8.058454231748889640e+00
5.969661135682768816e+01
3.806163440460863523e+00
2.621131118551157613e+01
7.505697060973950840e+01
7.469834943415743567e+01
2.965879216294823451e+01
5.433854040652366990e+01
9.248708398864177127e+01
8.155392012612992403e+01
8.490585172247951107e+01
8.036421148005223358e+01
5.865078659643867809e+01
2.110314232760328679e+01
4.943786184403317918e+01
7.914052721664951662e+01
8.496622056942510426e+01
7.964657199659536957e+01
5.898458214526280585e+01
4.339635021266563086e+00
3.034406391756967381e+01
7.814801339016635495e+01
4.967316262927390369e+01
7.193681245176399841e+01
2.775966347321393712e+01
3.387966222687658302e+01
7.048090250498614751e+01
1.935263176664926377e+01
9.768674468254236842e+01
5.627960367583506596e-01
8.513032892571000332e+01
6.211749507542323556e+01
8.874947462828641775e+00
7.048445765763545978e+01
8.692293335718390779e+01
9.057263160041793526e+01
7.824004097246017864e+00
9.718540459415415000e+01
4.575670192773434763e+01
6.906332212903573975e+01
6.762634884139121993e+01
3.754734170007311178e+01
9.841675722440744778e+01
7.666133930970904942e+01
2.048485037554407384e+01
4.861294407829204545e+01
4.557076173148794140e+01
5.496626414231818814e+01
4.335262986879031644e+01
3.242765381201440089e+00
8.531248737254824732e+01
2.916683072052635950e+01
3.673518675047299098e+01
2.659816791027193972e+01
8.837798966830604286e+01
1.541745383103095790e+01
7.789334150281729308e+01
2.770559711015408055e+01
5.228023471910007913e+01
4.409797120546870985e+01
8.867371597500481073e+01
8.086589410476302930e+01
3.856744389643590409e+01
4.550093556227865577e+01
9.365746740453244001e+01
3.058523103658981057e+01
3.367145431860542004e+01
8.664276926473441165e+01
3.023491752870663873e+01
8.103881341557972462e+00
9.495571764779938917e+01
8.724914699378871319e+00
2.244048634306669143e+01
5.076919041339385075e+01
9.355314394092066266e+01
5.646052733732391005e+01
4.833412654106599149e+01
7.668664238313962755e+01
5.593497789063645342e+01
9.685201419818955060e+01
4.837396141362945912e+01
2.801613557651511144e+01
2.277701375383393056e+01
4.588988031706291792e+01
9.937257261266060482e+01
3.492327221140715210e+01
6.933651749856886681e+01
9.350565620308785242e+01
8.562863638229305252e+01
8.544282686805034643e+01
9.898034830936227024e+01
3.566981661774637491e+00
8.995537308778766317e+01
4.941734326525140375e+01
1.055257433250357302e+01
2.761842602376363143e+00
3.139608930667974107e+01
1.162165742930165635e+01
5.821505373525442906e+01
7.707650053517987487e+01
4.010369113114937534e+01
5.162022095063082361e+01
9.707022413721165321e+01
3.099242164546236467e+01
4.361246286193006938e+01
8.423546954356586980e+01
3.176335822350946358e+01
7.620268699104553889e+01
6.137062992119774663e+01
1.178946424080823441e+01
2.372261213254770595e+01
6.319062021698953657e+01
2.924250305027022989e+01
4.670141294599999071e+01
9.280631079651266191e+01
3.116860604547692049e+01
2.510849175169986935e+01
4.855768320177521247e+01
9.747371355227095080e+01
2.808857525954988432e+01
8.886001289035898765e+01
2.310788227759597024e+00
9.826628240105155498e+01
7.411810860965968573e+01
4.065278371972994620e+01
3.131669844820551418e+01
2.296841308145579674e+01
6.778491561068393878e+01
1.468703508869164764e+01
5.820211201172980253e+01
4.098637693942868054e+01
2.849196712928350195e+01
5.959836036343829591e+01
7.365023917618678695e+01
3.658621888841913261e+01
7.651206721500822994e+01
4.062106112455082041e+01
8.841873191537020205e+01
9.099820171333780650e+01
2.604508041090690540e+01
5.708278051071168591e+01
5.962547588129225318e+01
5.074004935918332393e+01
3.232258091921721643e+01
6.867073101498900201e+01
4.173941710392293913e+01
5.349710600953453365e+01
2.098051249452126399e+01
6.395357121181128690e+01
9.843598101211522078e+01
4.340658750608488248e+01
7.242468322179335871e+01
1.383827963998075461e+01
7.627270214311178620e+01
5.281649436561610855e+01
2.177498648098088552e+01
7.507005753122142266e+01
4.357142340841734551e+01
7.529119677473711647e+01
9.439354700165087309e+01
7.705190482949132047e+01
8.524922094119409621e+01
5.018575093074345261e+01
5.281385556889037503e+01
7.966076579445601880e+00
7.547134727751587491e+01
7.343940816303771157e+01
2.558330460927716743e+01
1.831347074744236281e+01
2.341367059161977338e+01
7.410836156306623934e+01
8.144727054591915305e+01
1.657745805497260605e+01
5.642190699531555254e+01
3.645490009845870816e+01
8.318685842634756966e+01
9.310773159364993035e+01
1.002927057680345158e+01
8.471583109681901647e+01
5.421175425338752518e+01
8.676358296922380475e+01
5.520045514819660326e+01
4.339028139315212229e+01
7.556551051297647348e+01
2.605349819402455935e+01
5.230674868444626924e+01
3.881802960725011786e+01
4.197119274466543004e+01
8.068193711012686720e+01
2.150117853592536932e+01
8.556145235715838737e+00
7.985966218042452169e+01
1.836043637410370621e+01
5.132393396528460983e+01
2.492840136743990076e+00
7.198027520081168973e+01
3.287987204157551702e+01
2.726334326061665791e+01
9.700664420743818539e+01
7.265112672104815772e+01
1.389400696773864752e+01
6.806977421537493456e+01
4.993959382467421904e+01
9.643933515535530887e+01
7.438875402536775994e+01
9.587273525055604750e+01
6.999621331482933329e+01
7.517047741530384997e+01
2.977297179664244453e+01
6.006231431983744784e+01
3.310331483858215051e+01
8.820318977034450825e+01
2.011791696674942642e+01
6.696169120223071758e+00
8.113930781747073695e+01
9.399884064750065704e+01
1.096154746703412641e+01
8.318343434389862523e+01
9.978000823380428130e+01
6.745780850365379777e+00
2.568285668466856464e+01
3.314016428757706478e+01
5.381247864061955255e+01
5.610885483367273707e+01
1.242247564969356510e+00
4.409130757911582066e+01
8.793869976845779490e+01
6.065759942274672056e+01
5.134464219447048094e+01
8.804543133201153182e+01
6.938848294907450054e+01
9.822301433602964593e-01
1.301092988148726448e+01
1.634549687997451883e+01
4.723681186824668998e+01
1.608549313230468414e+01
1.023593672267449861e+01
8.900161991576578657e+01
5.117568627838809903e+01
1.962239309089869366e+01
8.271100775475743205e+01
6.853293188525668711e+01
1.004832546064360344e+01
7.163237510396773189e+01
6.135792089320454323e+01
7.038317506709078941e+01
4.701825857103258954e+01
8.928582615525073152e+01
9.037962616842645502e+01
1.572043910146574319e+01
6.078881284174332222e+01
2.693033635786945545e+00
9.591038564599830352e+01
9.510876463215122101e+01
4.847545570059104136e+01
7.304135692534067914e+01
4.074157523719568275e+01
3.372588372984998983e+01
9.299832211391127146e+01
9.828009132021142236e+00
4.374585642304531774e+01
1.481942063903086648e+01
7.469467223189290905e+01
3.095622500130201615e+01
8.874291737077859921e+01
4.719668210237456663e+01
4.206134455414922257e+00
6.988233268104990259e+01
2.082597591212231691e+01
5.751415931133666248e+01
1.272357914145465507e+01
2.786018460068496694e+01
4.973200349276731913e+01
3.165689303117613651e+00
6.358292522245775302e+01
7.080484251055743528e+01
3.000660061505033838e+00
8.160892585054068604e+01
3.680650760276667199e+01
2.915717379414710564e+01
9.974645720632400980e+01
9.898182124954878702e+00
9.346603225118616365e+01
6.040083633129944474e+01
6.772346237458444307e+01
9.691638706532063452e+01
1.962396577085378979e+01
6.497227083246437473e+01
9.059347125982681348e+01
3.377037306019659013e+00
9.273431858821723495e+00
4.061344023121007751e+01
5.768573321553564170e+01
9.448775018367432210e+01
2.721132390371536758e+01
3.640479751693046495e+01
4.855572930479687699e+01
7.083444313120041613e+01
7.047547674717566224e+01
4.624317709734433635e+01
5.991314227454308394e+01
9.251859300664422392e+01
3.962928290253353580e+00
8.910478468813536779e+01
4.473556570759963336e+01
3.878676924893024136e+01
5.050799471439690791e+01
2.485960701885003843e+00
6.404614414526309929e+01
7.968054340996452822e+01
4.793502751063527967e+00
5.241474111546037307e+01
1.532375688108934497e+01
2.142991317844034072e+00
4.856091909615319935e+01
3.511856870272544029e+01
5.133408317577124080e+01
1.204000363386960082e+01
1.417520062837551720e+01
9.989587112324403506e+01
8.093103604191381351e+01
5.363229059801115284e+01
1.536341370177865073e+01
7.700555519501290291e+01
1.209370733723464930e+01
2.175610708117996595e+01
5.679975080783883357e+01
2.662611302989535034e+01
9.686526411228204836e+01
9.241365383286752433e+01
5.210666251282069794e+01
1.630149651023247159e+01
9.531359626864552581e+01
2.981497526950970212e+01
7.467118619957114234e+00
9.226900172702133318e+01
8.465679458466566132e+01
5.667412455823073003e+01
7.932434371789291561e+01
7.436343067542250651e+01
1.147877338875583675e+01
3.488611365570524470e+01
3.369730283396435766e+01
8.378575386542793524e+01
9.241351848101845690e+01
2.789153984870744551e+01
1.886660049682713591e+01
1.191150080165981340e+00
3.906853669040994959e+01
2.974659969922299751e-01
8.412216446455036589e+01
5.884151319707888916e+01
1.797942803463183736e+01
6.169217598322701690e+01
8.689945048458173460e+01
5.746629528691688904e+01
3.258607514319344745e+01
9.892274815001501054e+01
2.314267291431352191e+01
3.953826624977286741e+01
5.757345763158332375e+01
6.150339536915063832e+01
4.588764678184277557e+01
1.570479693309488844e+01
8.424968321339501642e+01
3.263684005552136558e+00
9.081454156885895657e+01
8.505380529982619464e+01
2.730772628815282133e+01
3.370237541051417196e+01
8.187593165379267646e+01
4.406525929668772790e+01
2.700414950013478688e+01
2.270771553710363477e+01
6.540303450612900349e+01
1.944866903814495984e+01
2.341221564482752626e+01
5.467620106570536542e-01
8.674249685583021119e+01
6.622288084782023532e+01
7.908989206600038813e+01
7.391311085326846353e+01
1.052784054468807184e+01
7.390399929130119006e+01
7.474084159260333138e+01
6.732204718474503125e+01
8.026650920467859862e+01
9.785257673748371587e+01
2.466099837209726431e+01
6.463673266956475061e+01
4.219790335400056591e+01
1.178102885714631398e+01
7.619101043641895998e+00
7.098025429075438097e+00
6.472652650610044134e+01
7.866609136820743231e+01
2.949384322707393480e+00
7.330884114668781137e+01
4.031001683214459064e+01
3.056542564127780892e+01
3.447096197289256647e+00
4.849493774318059280e+00
1.154267565335864720e+00
2.368295219258749285e+01
3.706020724574830183e+01
2.912171703194292860e+01
2.749188562887714227e+01
4.512904678424185789e+01
4.502735236945615327e+01
1.689147516236777502e+00
3.628684455520661345e+01
3.984535055900093425e+01
5.295663005793169731e+01
5.767358037536330073e+01
8.087874233725139561e+01
5.739758278482507592e+01
2.947095176110403614e+00
6.363284210868879853e+00
4.192407387863572410e+01
4.713677865845649961e+01
9.787556485708716991e+01
8.818247656084592734e+01
1.308782030842162669e+01
5.900787954225403809e+01
2.554954071871364718e+01
3.046607945897851266e+01
3.387159484663568776e+01
5.879115737285517440e+01
8.815758165858528628e+01
7.357342953239631811e+01
4.564643484917245786e+01
3.719749212428364871e+01
8.134674253795739673e+01
1.130477932806591745e+01
4.484639831600388504e+01
3.406449318358954770e+01
1.768929130874481359e+01
8.534383908138185859e+01
5.984266136847396211e+01
2.700022407395610458e+01
9.821781378363408521e+01
4.547895314045675974e+01
4.803223040819592171e+01
7.546810699012709733e+01
2.401530858338832886e+01
2.323258400416870018e+01
1.535857407817358222e+01
4.354573231846627124e+01
6.277298376097601107e+01
6.528099099384594695e+01
9.572192101136202780e+01
2.458876605408675431e+01
5.776538135580653233e+01
2.392477495315452529e+01
7.014054554188227542e+01
6.741164645194812977e+01
2.017278756065787881e+00
1.606327762154380423e+01
6.407755848235797203e+01
5.856432313081586472e+01
2.008300061814420800e+01
1.148111999549348283e+01
3.085674919793351023e+01
9.951202975400130768e+00
3.667636648046016745e+01
8.345361938854910022e+01
5.326916244590770333e+01
2.401310648235421841e+00
6.393299701144967884e+01
9.751912765322191490e+01
2.629841298206037070e+00
9.234150794169326559e+01
9.975622088835277168e+01
2.322641426539157194e+01
9.607654960463266036e+01
4.821043441548555464e+00
2.350365479130468316e+01
5.675575524195710386e+01
9.183301956547839495e+01
1.356499499643835094e+01
1.179646855584642928e+01
5.066574013804397936e+01
6.638455368353814379e+01
6.841556562907868511e+01
3.348031375011687771e+01
1.032191813814270454e+01
2.444063787903263574e+01
3.294357593444803456e+01
5.823801986323780966e+01
9.661001684130877720e+01
5.979084361745167087e+01
8.191265605584293041e+01
4.870785221736731074e+01
8.631959262818944012e+01
4.412388489655485557e+01
9.242897424817499541e+01
4.192176248439998432e+01
2.004165313735758502e+01
8.752475953215568438e+01
8.976946995193027590e+01
1.093514056970168458e+00
9.405187511401836176e+00
6.110213386977721939e+01
6.677179648639940979e+01
6.911447139069079526e+01
3.177467018585221581e+01
7.590605751066399876e+01
1.313626989553844382e+01
7.925861422548787516e+01
2.484038011160825121e+01
9.221468898611925624e+01
7.726062599266523989e+01
1.544330593307368105e+01
5.265095796122240301e+01
9.739256803692146036e+01
1.911785205462807014e+01
4.945731294862303429e+01
2.107741265268626663e+01
2.152475113942369234e+01
2.387437001693690775e+01
5.786046314801971135e+01
6.033593291160565286e+01
1.738170272548361694e+01
5.046324211017285677e+01
6.189297631836952718e+01
6.441136641900932602e+01
3.127071079075843940e+01
2.762746830190809888e+01
3.073108200127256850e+01
6.649804953569193344e+01
4.862860170132156412e+01
5.545768641072032068e+01
4.534451274817370603e+01
8.866426447908172293e+01
2.763254291023839926e+01
6.786105340952381937e+01
8.977709930976669739e+01
4.125571831374086784e+00
7.940124698449756124e+01
8.653823049837822623e+01
8.648678256047426771e+01
5.352019989963611124e+01
3.423276526799827479e+01
7.188198498315539098e+01
8.880938028320096578e+01
7.290308941140170873e+01
3.658608912371378352e+01
7.514954924952521154e+00
6.358858186338805041e+01
6.487990713260980158e+01
5.720606636728715699e+01
5.574120616009579976e+01
4.960661101138695983e+01
1.622911283612841160e+01
5.242094536025874163e+01
9.738999496612181872e+01
8.202109799726736128e+01
8.082387901162408639e+01
8.895957839279546420e+01
6.790296780485671491e+01
4.775505902974563455e+00
5.926186439068613510e+01
7.354287940965681969e+01
9.608531022544187294e+01
8.812965359336027404e+01
6.600249157417675860e+01
5.927421751254692595e+01
7.959641631453561672e+01
3.688836353607899099e+01
6.827619709081646704e+01
5.455564076393758199e+01
8.638292286194845815e+01
8.077210319105608960e+01
5.938548172730483543e+01
5.458302837560806609e+01
4.364691679082788056e+01
7.702240687698943589e+01
2.911063332943146875e+01
9.153026807207828597e+01
5.318952012453672751e+01
1.827708643526572274e+01
2.112237400748908556e+01
2.199606375263598679e+01
9.196251906713895607e+01
8.972382045532484085e+01
3.473052250680866138e+01
9.993420693401957067e+01
7.700600144781911638e+01
3.612462632099210680e+01
7.007861824155776276e+01
3.284132466436773257e+00
7.546443066680467382e+01
3.086953223365662780e+01
5.521514261492497155e+01
8.905932111776519378e+01
6.928189231594578246e+01
9.760065400055052010e+01
1.147936960964304198e+01
4.002052605903882565e+00
5.091402266002107524e+01
1.622243794434152786e+00
6.148462031642991832e+01
4.239283587866255942e+01
1.298694338416813743e+01
8.839364227873878121e+01
5.998782334726431031e+01
8.086813029241793060e+01
7.600033048826604798e+00
9.500689168282021058e+01
3.443740105119398009e+01
5.964596065929712410e+01
1.624647108186618638e+01
7.254541091389833696e+01
6.054426448166039165e+01
8.033847880769459948e+01
9.235777175397518590e+01
1.974448915842780394e+01
6.965375854553242618e+01
4.374710089006249802e+01
6.635845136547457912e+01
1.957504658453526147e+01
6.164877838052799319e+01
9.986066665599813064e+01
2.239058612093144518e+01
6.169059020737773835e+01
5.915821734692793399e+01
3.724056675677184103e+01
9.911642079481278245e+01
9.517303485433495780e+01
6.366785909738178617e+01
1.856511036873060760e+01
6.726541986375977444e+00
9.677599885975321570e+01
5.404025450036584743e+01
1.998460852890462291e+01
2.431585425376226084e+01
8.213362449826432510e+01
7.011781555629546858e+01
1.717368988571614707e+01
1.046643956227369898e+01
9.974401899062964105e+01
3.968595073297718301e+01
1.256049383598378810e+00
6.010320806408953054e-01
6.590894814458866335e+01
6.245615220099382014e+01
6.486785100884921462e+01
2.019499054683312522e+01
1.283948928409510692e+01
6.016176015756807516e+01
5.543181747116349101e+01
8.701575146612360356e+01
7.968246257132668120e+01
8.396867730434709642e+01
9.241008535932832046e+01
1.223314665264838652e+01
7.767820121736066596e+01
3.938662783756217323e+01
9.167019451065148417e+01
4.599331166502140888e+01
3.357006344326391201e+01
6.602083995332503719e+01
9.343367274128344491e+01
5.929078553651566352e+01
4.113250542597878479e+01
8.009132782636453385e+01
7.580573709183951792e+01
8.565673090209429574e+01
5.921670756314901496e+01
8.037348091367978498e+01
7.625001256247728065e+01
3.907534428840730989e+00
7.485397766327961833e+00
3.193200817550918558e+01
4.207167765948349825e+01
9.859744897137477437e+01
3.531476457702188299e+01
9.870426038917122469e+01
9.257997368233765201e+01
8.365183889187318300e+01
5.816756486483802746e+01
5.207218026411550937e+01
5.858033874385863982e+01
6.104801508592435511e+01
6.057363046119505157e+01
1.503047743416441318e+00
6.606744818151794618e+01
1.946579943042160465e+01
2.310909309101073461e+01
2.352255855268047213e+01
9.440528940479710229e+01
5.744994276556701607e+01
3.761967294499451953e+01
4.892624556100588507e+01
2.803480482644316041e+00
7.476197796235950932e+01
6.675627018076465902e+01
6.810034800415660072e+01
7.470857112906948316e+01
8.428135637847732653e+01
9.527444597267475501e+01
8.889786429303703130e+01
3.915136589787967836e+01
8.044465738012905831e+01
1.136581735406746496e+01
3.211672050044910520e+01
3.724270406909959519e+01
8.300191604596514594e+01
6.955997336967449485e+01
8.559740437327749873e+01
5.427547782258618270e+01
1.986250353921488099e+01
9.992308376644946577e+01
2.537241904753333444e+01
2.766618844630504981e+01
7.130639874414292478e+01
2.541346441887591823e+01
5.255654138178471868e+01
4.150720563103731564e+01
5.458865217452889596e+01
6.174347791984129685e+01
8.939951321569448339e+01
6.039998626847784635e+01
7.861666485590711773e+01
5.419719531740278740e+01
5.419900469117843045e+01
5.235679256212129928e+01
9.195844718032684284e+01
1.337966752146083671e+01
2.133723268713044874e+01
5.168511536942601481e+01
1.018084873028195503e+01
7.137478077074787564e+01
6.155189173441327455e+01
4.613124331266883615e+01
8.220325114577950387e+01
9.736449452336833588e+01
3.290410195836468432e+01
5.989175837047856277e+01
1.080547672709042395e+00
3.813454026336057012e+01
3.831642329100142064e+01
2.876587152956541260e+01
7.291775515519039175e+01
2.452547996275596986e+01
7.454183580707784529e+01
9.923626712532458782e+01
2.211775156332388548e+01
3.703704757361746402e+01
5.948311699597491753e+01
2.802132455479912210e+01
9.292585369044873289e+01
5.561060507675791342e+01
8.357977308287910034e+01
9.747630692720187540e+01
9.676586601542281230e+00
8.871559873248564543e+01
6.146715457329564458e+01
6.595545690170480668e+01
8.534941208114180711e+01
4.833700399787820601e+01
3.975099569165054447e+01
4.969324298393610206e+01
3.019716564916312507e+01
1.695501311657987742e+01
2.340653841277154967e+01
8.387236391786071010e+01
7.560765195703359609e+01
4.804194918820427063e+01
2.091290923384082490e+01
7.274089862108549198e+01
3.237311073839968145e+01
9.058651094457289332e+01
8.965278149237765604e+01
8.030501835017368251e+01
1.704908229880032167e+01
4.165235688826884797e+01
8.206812207781074164e+01
7.286617396324088247e+01
2.768597719751898367e+01
8.011305852317944698e+01
5.085927357476577271e+01
6.861914610804458903e+01
8.754495977578599764e+01
5.004395123406305856e+01
2.422497113193163898e+01
7.549740634646356341e+01
9.347024478653986890e-01
1.414155369033931464e+00
8.450753152926340306e+01
9.157205407629081151e+01
7.681093796651716765e+00
7.103230829477772090e+01
3.025541491522545456e+01
1.537501656004762651e+01
6.649095977612169861e+01
4.826376791039590586e+01
4.490005132046876923e+01
6.851877060095668526e+01
5.374885191633892134e+01
1.035321512470364169e+01
2.439941135347987000e+01
1.791990205956324189e+01
9.377364075868233328e+01
7.107888165587770857e+01
7.528317784000839197e+01
1.686979205155535411e+01
3.895922546328680625e+01
7.860929592180598391e+00
4.983850203583284610e+01
9.338917487999057698e+01
7.650535653367637678e+01
9.886715438993014970e+01
6.213677486698829711e+01
2.206187446806610097e+01
8.725617469427170647e+01
1.959531068761764061e+01
2.529393149268421848e+00
5.932730482473127154e+01
6.060720834386755485e+01
4.109915731920460757e+01
5.744047372163660725e+01
6.696913823462574555e+01
7.350836591148447496e+01
8.258539276717894495e+01
7.897833851835308394e+01
2.457296363140748507e+00
8.452615373513641828e+01
7.455418527240706794e+01
1.335318628342786518e+01
7.611129063428570873e+01
8.552699502524548336e+01
2.794059093696976603e+01
5.184301144496006231e+01
7.299353203246101884e+01
3.858611938937950470e+01
8.047460124756840116e+01
3.039850085538434854e+01
8.032247686049220192e+01
6.467116794623476039e+01
6.068814081694092977e+01
8.123131587062611914e+01
8.182239546491503290e+01
1.323665128806505997e+01
4.403005616199779126e+01
5.152490504289585260e+01
2.471164444865383558e+01
2.983879718248584467e+01
9.072663315576660636e+01
4.247192801452484900e+01
7.066024330836019374e+01
7.365614833933129546e+01
4.019789868982407199e+01
5.031858794356863740e+01
8.442201163422849675e+01
9.962985717961234400e+01
7.770012780258133489e+01
4.212575470813271039e+01
9.106300554025182237e+01
6.865619815475355381e+01
3.793484297715033904e+01
8.098939076940806103e+01
8.830636232926046603e+01
5.100024819151622779e+01
8.681959696577055752e+01
4.162741607439680536e+01
4.460319245223859497e+01
8.213938775302906947e+01
8.366000038752817147e+01
3.156484780673724089e+01
9.039209578160622982e-01
6.596924075149776456e+01
1.496442941865084819e+01
3.095450443264926577e+01
5.993191957965925099e+01
6.205467380295431923e+01
4.227624271672239331e+01
1.983848754407225812e+01
3.033227374801927834e+00
4.751625851620562457e+01
3.731519058069650896e+01
7.758339073707560374e+01
5.362654426032865018e+00
5.768613341141701767e+01
5.308920932113095859e+01
5.239573578806038512e+01
5.622467007379139403e+00
2.346357189727313752e+01
9.000604965228331977e+00
9.246297302916156013e+01
3.236953698109352473e+01
3.991084899765685634e+01
9.214878587783400121e+01
5.923908802621750169e+01
1.622596234108763014e+01
8.647283727315954138e+01
6.918838897379253616e+00
9.378500130504119348e-01
8.680129399211369901e+01
1.180893385651604532e+01
8.678338393877616852e+01
4.010185432006777262e+01
6.975570489351021308e+01
2.952388338586192518e+01
3.303574714188884087e+01
7.820437368146060919e+01
7.478693878688773111e+01
5.116271292061893661e+01
3.953962135618176177e+01
1.618941250368247609e+01
9.905317019746999563e+01
1.561735985584454767e+01
2.649196629906405320e+01
2.297297660720222368e+01
3.996555642807514630e+01
5.930308985970490454e+01
6.428571461901221085e+01
9.235862043068428306e+01
5.804478159966915740e+01
8.762452241319790858e+01
6.791442741992320009e+01
5.547687608053659858e+01
3.700084144128445729e+01
8.939945033883954295e+01
4.451897672360618685e+01
2.688326522738261204e+01
3.397435550474870780e+01
5.086659941830335185e+01
7.515993830973577872e+01
5.887336647298332082e+01
5.506131660179263321e+01
2.708007624122792478e+01
5.192977675748183941e+01
2.454635566976081051e+01
8.639308163474183289e+01
7.150402244372892824e+01
3.757926041852649490e+01
4.805788994661589442e+01
8.444578291189279184e+01
5.038431484276427597e+01
7.280504243228244832e+01
2.749099576377811616e+01
9.466882365728865523e+01
3.030973748808074575e+01
8.469915280030872395e+01
4.048161654868309256e+00
4.552045392699848492e+01
1.431728911158930373e+01
6.983349331198650134e+01
8.543423966743657161e+01
3.476673330161281683e+01
9.521154549834329828e+01
6.774713877114592719e+01
8.543309181183244050e+01
7.409695827746884333e+01
4.845445669587815729e+01
2.605429359422817370e+01
1.577194769538131602e+01
5.652618130663643825e+01
1.623518168943257578e+01
3.291691043978938325e+01
3.344192748742930377e+01
4.589979011547320198e+01
3.701490106445083228e+01
3.003942390036198162e+01
8.640790963534008995e+01
3.645826786263751984e+01
2.697067769321107633e+01
5.420388369094215619e+01
4.513832805102070722e+01
3.585120594295410967e+01
6.948634132348342973e+01
8.975692523596029559e+01
8.396702591296022433e+01
5.462288982125729220e+00
5.727043237861126812e+01
6.206391503554657874e+01
9.185242677258356991e+01
7.360529267325753722e+01
4.340624680252599177e+01
8.360455187748067374e+01
3.376392982491377381e+01
6.393875817113489290e+01
8.368137352242777638e+01
3.562410953143862002e+01
1.518295292688531717e+01
8.527206625497941062e+00
7.250885451752661481e+01
1.733097246841369810e+01
2.162499405572926392e+01
4.432481588190169219e+01
4.293017815627403166e+01
6.321271038647101648e+01
8.969424358081944604e+00
3.216577338877129222e+01
3.970993927587892358e+01
7.369520651859706106e+01
1.588818411643970663e+01
4.893558837022682440e+01
4.796246545516977022e+01
7.579733895292291379e+01
1.960409628246343416e+01
5.966758844278142959e+01
6.458463414200880948e+01
6.053660862212634441e+01
6.987066491623362197e+01
3.271208497780552449e+01
8.176684949476018005e+01
1.416414885269201562e+00
1.252952394409472348e+01
8.911082410034154577e+00
5.669968085010334846e+01
5.905029164132271546e+01
4.533987836181984932e+01
2.262718396137730625e+00
4.214104259256471607e+01
5.639934574799624301e+01
5.936081764872969124e+00
8.456418385387979697e+01
4.801177330393575460e+01
4.036790139033578839e+01
8.887623674912063620e+01
7.845401254813640435e+01
4.166334991928498965e+01
6.616758694425884357e+01
4.975668222344877023e+01
7.818479994553598544e+01
8.096745083846347768e+01
1.179223506519795350e+01
7.632341621831614020e+01
9.879958085682038416e+01
2.111048790853071822e+01
9.118608205279511481e+01
3.935224361137304072e+01
9.169802312491266605e+01
8.375610679839951445e+00
7.759195552661130080e+01
8.756330083754285454e+01
5.576952119951785392e+01
3.616371018234917045e+01
3.169611383281226580e+01
1.227635534843594201e+01
4.410916293169554336e+01
4.293222075662915671e+01
8.738150456664934040e+01
8.259770350031934072e+01
3.015080575688259401e+01
3.007793823347493145e+01
9.629513549373605485e+01
7.421247716587411958e+01
1.415755080585434555e+01
4.292317409876136480e+01
5.748528972207733290e+00
9.520173903211301081e+01
8.855116644071600263e+01
5.488206805586037795e-01
4.372181431264388074e+00
9.416382580826055460e+01
7.416437104371354394e+01
3.244988029730421175e+01
2.496775501698391508e+01
4.644579266730954714e+01
9.498915232310410772e+01
3.936484677443837654e+01
3.389718849024603298e+00
4.386287008878364091e+00
4.130095891828035093e+01
4.820293551255124953e+01
8.802633372594735306e+01
8.554210766652595055e+01
6.696166930127496641e+01
6.679122936325944693e+01
4.662493906772633068e+01
5.969869185132963452e+01
9.813577905242274824e+01
1.932407134732263643e+01
6.316048933765917894e+01
2.818986238146550249e+01
7.372814801615247404e+01
9.912095332794422120e+01
3.074640924095484174e-01
7.901744963177293357e+01
7.944697388142991201e+01
5.217617132080498976e+01
7.086360784814593217e+01
9.518819386047239561e+01
3.801364665959305000e+01
5.648766738012271560e+01
2.580457111590982322e+01
5.683355594649602693e+01
9.828594589969191020e+01
2.054485142992779068e+00
1.784118079350420771e+01
2.395577900456959952e+01
3.693622524088945624e+01
8.310500048883025670e+01
6.821716051690279414e+01
5.157646382144047692e+01
2.857209742639298256e+01
7.099113343472644999e+01
2.454115933887099743e+01
1.005383018488348412e+01
7.911430499938583694e+01
5.810846898103311275e+01
3.209008980198638028e+01
4.947011498352308223e+01
9.202843429846664947e+01
7.936973018453031159e+01
3.837058862830644301e+01
6.473895038411305336e+01
6.310770818569005058e+01
1.408326790744189871e+01
9.908116860944485893e+01
3.420783675803995560e+00
7.041929166285926556e+01
7.980430698139659285e+01
4.736134417958617604e+01
4.827871459851916569e+01
4.621806375408743861e+01
6.910672305980315855e+01
5.596613306030970847e+01
5.591271096868222656e+00
5.927226976563138017e+00
2.281094356648832999e+01
3.568996762513866372e+01
4.856698031906311286e+01
6.541184070507152626e+01
8.733542307788334824e+01
2.196771688393598509e+01
1.283532402036617981e+01
1.404554035393967837e+01
5.687527051282666690e+01
5.931185416848274627e+01
9.952462654716953239e+01
6.909147435398188009e+01
7.607757199488831645e+01
3.906314144713935832e+01
4.579394708588843343e+01
6.451760240043597605e+01
9.232239795888428091e+01
5.738052027882718420e+01
5.050736056883309288e+00
7.646943280750406302e+01
2.083056583161457809e+00
9.809012168387448583e+01
1.160018281320779288e+01
1.036547043391863276e+01
8.460179542468240754e+01
1.068089469102306843e+01
5.121214235254544889e+00
6.903329489982915845e+01
7.482220880247689365e+01
4.208132724856008622e+01
7.091719627938053350e+01
3.851806748585481444e+01
1.622090207298457898e+01
6.770132730019140865e+01
6.329265167183759644e+01
1.669457899582220506e+01
7.908497897861084880e+01
9.372772230823301243e+01
9.897514341555398687e+01
2.816809470569258167e+01
6.434157248792186579e+01
9.296897436061361475e+01
2.753432254787305666e+01
7.750050605697693129e+01
9.000941432762374461e+01
3.377163587206649709e+01
5.577759323417165405e+01
3.617516724131255756e+01
3.491228672509216580e+01
4.894480676912527528e+00
8.017405091676788231e+01
7.927969197048916783e+01
3.358408540437839207e+01
3.683721026941428534e+01
8.469028691087409300e+01
3.113111524258156493e+01
9.421593883212040055e+01
9.604763558577703009e+01
2.766150468300153520e+01
4.203247813056649562e+01
6.344753644326783792e+00
6.439556564587572041e+01
8.532752895688308570e+01
1.422155508956193160e+01
7.108634501209006373e+01
6.736063545638450023e+01
5.466127212341209685e+00
3.339658995596185065e+01
4.333481344628491172e+01
3.635245897397969372e+01
6.843925754748082113e+01
3.175734245273753587e+01
3.255550731719431923e+01
7.002030331210558245e+01
4.706573053645524141e-02
8.482138368910159443e+01
9.867908471926196512e+01
6.877937458347324196e+01
1.157994175653346325e+01
4.037008688317950345e+01
3.074998921960179388e+01
7.830932130889402742e+01
7.072704676384663003e+01
4.986545638524244595e+01
8.476677062403143736e+01
6.235289741843340749e+01
5.478563134496122444e+01
9.249997960987526824e+01
1.717752408058881386e+01
1.940762525185026988e+01
8.593796423587617994e+01
7.613597882883696855e+01
9.672869888796556381e+01
3.615538819644902446e+01
3.650301082873308189e+01
4.246864749913573434e+01
6.349283385584077166e+01
1.458531522160603267e+01
2.492119720895219359e+01
3.544622922653758224e+01
8.866263913344695879e+01
1.433719189376413361e+01
6.904592536226424215e+01
7.129982085461411145e+01
8.191870341360292684e+01
1.048813618176953710e+01
4.482693695695438407e+00
6.826710609107668404e+01
5.760376008956974658e+01
9.976468462293436801e+01
5.567994835240247653e+01
4.368674193077044521e+01
1.211014750742003265e+01
1.813366763048616193e+01
9.187374511344067685e+01
5.808608879464775043e+01
3.313823094691002069e+01
5.118798736038452546e+01
8.774187629602310778e+01
1.092489720696183753e+01
3.779295846500345846e+01
1.906398998965288527e+01
7.742234832776232167e+01
9.877005664323547762e+01
4.664141132752930297e-01
8.830081136887049809e+01
1.359678317829906646e+01
4.014027726501299043e+01
7.550543225036308570e+01
2.440843992651802097e+01
9.502001531639578502e+01
8.206076460355289726e+01
1.789157739360256372e+01
5.512301091057045710e+01
4.145201996479995898e+01
5.953359518307190967e+01
1.423462235411338028e+01
2.499114403714792587e+01
5.741933693364013891e+01
6.743502903607605958e+01
9.117769561290650415e+01
4.136038881034919257e+01
7.457627612971904796e+01
1.243780339116529188e+00
7.437652362598437605e+01
3.944040179796095913e+01
1.306507978599152864e+01
7.658514261934439560e+01
5.625105965808230302e-01
1.602731997578256085e+01
9.592740200965397435e+01
3.661015819704334007e+01
9.369129132266546378e+01
4.980263751722200283e+01
4.410689965137810731e+01
6.967318387963348414e+01
1.572071862845980661e+00
3.514788464269407342e+01
2.416043089011465916e+00
4.574305735144012885e+01
2.893121408971494191e+01
5.499375816959553021e+01
2.753799825838916249e+01
8.215995205066879237e+01
9.619843922689092608e+01
9.178258597341168468e+01
7.119488531505832896e+01
6.805747721808529604e+01
3.300765038251467587e+01
3.694715550332491460e+01
4.025023105886292996e+01
6.882607831952124400e+01
2.175312798846468354e+01
8.084340779915126518e+01
7.947883386398784467e+01
4.269123464360413678e+00
7.895829428856185928e+01
8.686687030151732358e+01
8.182835837397929879e+01
2.045811251020190902e+00
6.455024142546399446e+01
3.062595128809529754e+01
9.421153446316647262e+01
5.773655590746514576e+01
6.668650861922810691e+01
9.991741517292832953e+01
4.282138848581862334e+00
8.505121673850459274e+01
3.449313338043528177e+01
8.535761327341370475e+01
4.004671044809413871e+01
3.198208282866088492e+00
1.942728982659449599e+01
4.349441848585689030e+01
1.042636639330959447e+01
3.003597326353443364e+01
4.169232988610727375e+01
2.496678403717763572e+01
8.689481456563457584e+01
2.538249210372671882e+01
4.783923832164879286e+01
4.605234219632103887e+00
2.846378929513465650e+01
8.289412756291908124e+01
8.607832002515340264e+01
9.794887921971053402e+01
8.487522934055404278e+01
5.369472810390587370e+01
8.018806635320768805e+01
8.338869855597708636e+01
5.608167163913034869e+01
9.823604410096929485e+01
4.590222089320835863e+01
5.342419832687699000e+01
4.822075634894473772e+00
1.592574652725984308e+01
3.527690661587138266e+01
2.341015643069546215e+01
9.628735664280226558e+01
1.808762326805643994e+01
4.648920951436689109e+01
6.752965897724843103e+01
3.569688372457316916e+01
8.012429119322085569e+01
7.906307542640203678e+01
7.788904084668625671e+01
6.521901758730598431e+01
4.803173219489366375e+01
4.607432482264250950e+01
2.824577279679183306e+01
9.477278424457634287e+01
2.484147363051893009e+01
7.036013020545566121e+01
4.949829436860875731e+00
1.876719970845292096e+01
8.442402810108862354e+01
2.879728694941372424e+01
9.756495299175946911e+01
6.797390608227794928e+01
1.674194889599389668e+01
1.649943279969978693e+00
3.030702797160458317e+01
5.984387135796303170e+01
9.323422498260505620e+01
6.883766924768460171e+01
7.751286749573941393e+01
9.681822648082948035e+01
5.694898862142883544e+00
8.287188129938692782e+01
4.474209030212471561e+01
1.263326462890895741e+01
9.322053042218729502e+01
1.864084657633345898e+01
4.488846945332216620e+01
4.066124396134682684e+01
3.212546908486633157e+01
5.622516443399406683e+01
8.844416775492773297e+01
5.742399008788681414e+01
7.358556275149004477e+01
8.147115669983625708e+01
5.896795460003393430e+01
4.287306917207197898e+01
1.344953693025453489e+01
3.541063188157787067e+01
9.344851446197982625e+01
6.176525243669141929e+01
6.879803838106272451e+01
8.145222981188273081e+01
4.100631286604651393e+01
1.439416248826337252e+01
5.599488686449654296e+01
5.753327664233400895e+01
5.812387335506746666e+01
8.873521568819217009e+01
1.088236353284698410e+01
9.250954058621152498e+00
6.633576545344430997e+01
8.885702929762462077e+01
4.766384775206825708e+01
5.939661031847141004e+01
5.182422051601509594e+00
4.496471617854203373e+01
4.040215259212489229e+01
6.271972171523677275e+01
2.124125359512348865e+01
6.888388873003736812e+00
9.387324134344876825e+01
3.264508363623031073e+01
2.454301863857388799e+00
3.711321431373353619e+01
2.713313766868326127e+01
6.370282753155902356e+01
3.928082779641813715e+01
9.064961364762575613e+01
9.725683866467960570e+01
7.981619193000483392e+01
6.139905490281096689e+01
9.588368473534809766e+01
2.266948816719563808e+01
9.005870604569493310e+01
3.798997135256058044e+01
8.916316316298802747e+01
2.467787273757170396e+01
4.183609572244242258e+01
8.677676118594499144e+01
1.229678942213810977e+01
9.018233359218109513e+01
9.984002826390147334e+01
9.579994646787348245e+01
9.139608996742994407e+01
5.151043109577049250e+01
3.493202688331107453e+01
4.526110178256135441e+01
2.816961402931820047e+01
6.086739242273011286e+01
7.413862454792787560e+01
6.010915528098267657e+01
1.565195588837351437e+01
3.305540720086685980e+00
1.703744576725784299e+01
2.894603407759132097e+01
3.459266984447125992e+01
7.838897181246244372e+01
5.769504738654854492e+01
1.312527325901150554e+01
9.261159961959042164e+01
8.237074417184450681e+01
3.310950078696154009e+01
2.592054619988579844e+01
4.099729888577103054e+01
6.735464882417765864e+01
6.988408890991070166e+01
1.539343821844819615e+01
2.439376719956830541e+01
9.730425125564259758e+01
6.129751224162512813e+01
1.154246948047732424e+01
2.888529654581355288e+01
3.679220035160611957e+01
2.295516008545637021e+01
3.577373025806615203e+01
8.081058807066212069e+01
4.875976729188669090e+00
1.049897273528984698e+01
8.629119861509053635e+01
2.619666746639693855e+01
6.478551916126852461e+01
4.027729973503091543e+01
8.059404931019281548e+01
8.201041203925152345e+00
1.229624647849747454e+01
6.413773699315190413e+01
8.943810478851299095e+00
1.595261944364247952e+01
6.389800959784727041e+01
3.936118824058360843e+01
1.008164533544269048e+01
8.789673437260994149e+01
2.289583106616336394e+01
7.035833658986651074e+01
2.677724030428706570e+01
2.489976023482734035e+01
1.690702786620417086e+01
7.159247183913501544e+01
8.786452460309216406e+01
1.467179368721990329e+01
8.764241265740555775e+01
9.121873967222200008e+01
2.316663354120155205e+01
3.844630059430187430e+00
7.346737050473815600e+01
3.146129520128812018e+01
4.258932043051824934e+01
1.145987688819097805e+01
7.848448472745769777e+01
6.580089646820333371e+01
1.858074680844054072e+01
6.523715810970381312e+01
5.441721545648414349e+01
5.788449217095670285e+00
6.305128812135536265e+01
8.377166220503424654e+01
6.760859227087979662e+01
4.905531455245595396e+01
8.986557775396762793e+01
7.388301202375549792e+01
9.073050599297913266e+01
5.347193694210034209e+01
2.376357091079579575e+01
1.916629933916851414e+01
4.472275964017435967e+01
4.042802354429019118e+01
3.400876764236548944e+00
9.491550340927254581e+01
9.801631937856022603e+01
3.945837107311999148e+01
2.385343480739135913e+01
9.592552965805245435e+01
4.210612729041262270e+01
2.638205170219670848e+01
7.978804593722404093e+01
9.251235648017465962e+01
8.342460486257064645e+01
2.452346210404267168e+01
4.688891327298838618e+00
3.882172922881716914e+01
8.334924266875113119e+01
7.174455735967700321e+01
4.461238679169500188e+01
4.055101370731495791e+00
7.109156056206364838e+01
1.562787795083595555e+01
3.865608517099749974e+01
1.547651300064407565e+01
7.508528622029912469e+01
8.714620349656205178e+01
4.657149414612297988e+01
2.053716250054787906e+01
6.396682184273485916e+01
3.197562175274316587e+01
9.187762719228479114e+01
3.107647693260743438e+01
1.253403729018368651e+01
9.993970852788737602e+01
1.814551710551523911e+01
4.844049059587823791e+01
4.331669110409874790e+00
6.735201390127663501e+01
6.239002270946134843e+01
5.356615975463617474e+01
1.324073482606594787e+01
7.109717321299663695e+01
6.259257066084544796e+00
7.421314351053158020e+01
7.150830305232780404e+01
5.966129503521033683e+01
1.143281375105853570e+01
7.617601362302156076e+01
6.905095110185111196e+01
2.749493146973017588e+01
9.310077642246514529e+01
4.700281706769104773e+01
2.733491700256588430e+01
7.959961352691227887e+01
9.992046958897155662e+01
2.338403886619000360e+01
8.668739769544532692e+01
6.835326404259521382e+01
7.462454682742945522e+01
4.454287598591878350e+01
1.839797217453132916e+01
4.897733995841531396e+01
5.657687353300762112e+01
4.808328033800712831e-02
9.507774420965408524e+01
6.506598978227631846e+01
7.733801248511406712e+00
2.549087954897907338e+01
7.638021883749314611e+01
3.353802019190755601e+01
9.635283700670839835e+01
7.190836477301844809e+01
2.414797540659460040e+01
2.382846733838380615e+01
5.352956776146044859e+01
1.383026304763222925e+01
9.737098392114818068e+01
4.665470065728600702e+01
6.016116303956914635e+01
6.578209267065750510e+01
4.252541570792931225e+01
4.751000201334313289e+01
7.307083268848909086e+01
8.233361403977806958e+01
1.024280110182065329e+01
1.480711321440518802e+01
9.615087408953888826e+01
8.685639685770610186e+01
6.385534462381270515e+01
7.716132684678551357e+01
1.772030310424305100e+01
8.156605718544281558e+01
3.416451976803895008e+01
2.824835856558133429e+01
1.877609749335958966e+01
2.079009227735860676e+01
9.514757297042519824e+00
3.139763735493300700e+01
1.848728218471917728e+01
7.552414159795192461e+01
1.905193065214295700e+01
5.410187191273143981e+01
3.749284914070315722e+01
7.509416748549336162e+00
4.618488840295764675e+01
4.366278201712931661e+01
5.534741699643264923e+01
6.011398337949498227e+01
9.647503553597928772e+01
9.067025098509554937e+01
4.199345973634117968e+01
3.810834276644868623e+01
8.595904724852788092e+01
7.507180069942907608e+01
6.397974994548264505e+01
2.678754516764163540e+01
2.310787212797510293e+01
7.586964512497380042e+01
3.434030046115997692e+01
1.844688546008633878e+01
9.120757308973172428e+01
6.373870026455254134e+01
8.698014516259087259e+01
1.123216528644680423e+01
6.810434563087716242e+01
8.745030181752862575e+01
4.499666930973407375e+01
5.628722193465113577e+01
5.561402501625790507e+01
2.338903270875080054e+01
6.125341509754979086e+01
8.418178022194988230e+00
9.152697747880681334e+01
3.630818069289316696e+01
4.309324207351303926e+01
2.685081233555477453e+01
6.688214173532333007e+01
5.835179387222594016e+01
2.090692513334388991e+01
7.206321345268173673e+01
4.569985131744579121e+01
4.769289447667674153e+01
1.095302585192853329e+01
7.109896210643877623e+01
7.475574979345265092e+01
3.909483318927188122e+01
4.211112684837118536e+01
4.317437280302986125e+01
5.563011128187012133e+01
3.420421128152519685e+01
5.485969331410899485e+01
8.443005714493916969e+01
7.672187792630299441e+01
8.880530694138177239e+01
8.345123086157680348e+01
2.386152877436878939e+01
8.099283014017241555e+01
6.518060904873617289e+01
6.864913482382942789e+01
9.999616028402878953e+01
9.724165916472395566e+01
2.630901165364153371e+01
7.723538367154016271e+01
3.799322625946219034e+01
8.814792746200740226e+01
3.058094940511622184e+01
5.583121377567962185e+01
6.447227926088076799e+01
9.979578315913163067e+01
1.337221871888111302e+01
8.909283744596270083e+01
7.414447366830559361e+01
9.710905596582892940e+01
6.872074602815742139e+01
1.277524375972560744e+00
7.881765826710143585e+01
7.589668966610830125e+00
2.717597600063537122e+00
7.532142120549164588e+01
3.061581763625203934e+01
2.961858304194340263e+01
9.813058380628061173e+01
7.306724537182608969e+01
1.780693453279603844e+01
4.163723609098823886e+01
2.243466077915622492e+01
7.161514931434321340e+01
1.307980627298296383e+01
9.110213511659698327e+01
5.713094234129459892e+01
7.893100626727013491e+01
4.365632835771304343e+00
8.302921477286805896e+01
8.916114259444189827e+01
5.292149279862105971e+01
1.084273562187015827e+01
4.583175480801073576e+01
6.933867213626207615e+01
3.084383982290902537e+01
3.291070970043522692e+01
5.171478940445108918e+01
8.763071201472854455e+01
6.583216307731237293e+01
3.153430865338906486e+01
9.814754925460631796e+01
4.285704793506683075e+01
3.298160742973051640e+01
3.655034038676623709e+01
8.430389152594952407e+01
5.405032621774509494e+01
3.184572533757279444e+01
3.943054170337938302e+01
4.778409734004448239e+01
8.719033491021596660e+01
3.746154078781594876e+01
4.416361560490565097e+01
8.079301491372767430e+01
4.422921296626090992e+01
8.519140551083593493e+01
9.879872655310541063e+01
6.680357273754444236e+01
5.828696315694548247e+01
4.083169684044803915e+01
8.690311057531437200e+01
5.047378223279692833e+01
8.959572585321946292e+01
2.668413235658364613e+01
2.613374553656637644e+01
2.638092070612778528e+01
8.518876974147160297e+01
6.221391998134198076e+01
9.827974230680325718e+00
1.736815205830333220e+00
4.601999272348412973e+01
3.317605224540815101e+01
6.794448843793394133e+01
2.116163805449908608e+01
5.210843040718202701e+01
1.887582033373773527e+01
7.992565909917775002e+01
4.384270791368670928e+01
7.761912240631309601e+01
7.732709495664614963e+01
8.016240187109636040e+00
5.070130369307037910e+01
9.872210040756905869e+01
3.684487627214559780e+01
3.093282830207094847e+01
5.710038535374933133e+01
5.072498817001756066e+01
8.742158151934668808e+01
1.158335467459611401e+01
3.213174431823353672e+01
2.450187146895700252e+01
4.495421821021238173e+01
2.165029218094024444e+01
3.496120526716774890e+01
1.964212663607669640e+01
3.138405505314816324e+01
5.994919733596441347e+01
9.972305144783668140e+01
1.900886772917032008e+00
9.979911279221306586e+01
7.262789710219944084e+01
2.148576455111816941e+00
3.905289405964944649e+01
8.675199021944118272e+01
4.030919497451145617e+01
7.501365204236856243e+01
1.599012840150244585e+01
2.606843160716702101e+01
2.759211037929372168e+01
9.428485519928602798e+01
2.890778350292599885e+00
6.389024565233719954e+01
4.207518077252606759e+01
6.396145512107896991e+01
2.191167723649724053e+01
1.877256344884786898e+01
2.189905726516719753e+01
2.161306390415688128e+01
8.178024429373931525e+01
6.969828382772122666e+01
9.917922718008428262e+01
5.111651977075338138e+00
7.607993916675215296e+00
1.605676500508921123e+01
5.502313607014903596e+01
1.455617146901285786e+01
9.816900167098951613e+01
7.603960376801522258e+00
7.921435993596949743e+01
9.388494318160304886e+01
6.056840211415401853e+01
7.009177437074107786e+01
9.628654495909005462e+00
5.590103667305649537e+01
6.788424326771608719e+01
7.169458824009451803e+01
1.354626370012614878e+01
1.146712978788073656e+01
4.665602566929251083e+01
7.133324293417496165e+01
7.810981839243072500e+01
7.841312831084337631e+01
1.266160479714665321e+01
3.919102798477314309e+01
1.392986720226128128e+01
6.678470235757158946e+01
5.452752643317869996e+01
9.508388425434888802e+01
8.425901173654501974e+01
4.911570887800811391e+01
5.969447746935357202e+01
3.896214503458751466e+01
3.189726206786045282e+01
6.363266694226857112e+01
3.164067084066785185e+01
4.231836158905844769e+01
9.842962241082452124e+01
1.922113697259077014e+01
3.395339570040349741e+01
4.404051404249965884e+01
6.304617940335822368e+01
3.413050702458450303e+01
4.294540610844177486e+00
1.870354711101804668e+01
8.535865331413901913e+01
1.770999490334707005e+01
8.754623767142926738e+01
2.124910303683127211e+01
5.178998552271492173e+01
4.373536917087815823e+01
3.754209693612035892e+01
1.495453543143252517e+01
6.214630098405056202e+01
4.084597149983883213e+01
9.985628442679507089e+01
1.456727186687825082e+01
2.024166673455374266e+00
5.923860177907032920e+01
5.839604905170432403e+01
7.452360790853880701e+01
7.784672775013160617e+01
5.586977302817057733e+01
7.562696483199201225e+01
7.822566162515957444e+01
8.641140141671101560e+01
3.051070679459214574e+01
9.471773956122409288e+01
1.505721078262519619e+01
3.388683800030951687e+01
2.724404813848641993e+01
2.459549017657499803e+01
2.389783733543054822e+01
7.117092205290276752e+01
1.406099920786252255e+01
2.560824252482122176e+01
6.090231291373294908e+01
7.254379450722092315e+01
9.430546067659453513e+01
2.266892345369775441e+01
4.123555345656617988e+01
4.094707142256832810e+01
1.312493030251292758e+01
7.140069608201203266e+01
6.642637353768419928e+01
9.633380066090421678e+01
8.816520838444308339e+00
6.935964190652005357e+01
1.828541838443198397e+00
7.939626025924594899e+01
1.614606973882581897e+00
3.800555517863669763e+01
5.933825606552213117e+01
3.752488538454328193e+01
7.136185753358178374e+01
2.281776987494110642e+01
1.978870438180203450e+01
6.558970555784466683e+01
9.777080161376471779e+01
8.141084301055034445e+00
9.854646016311515666e+01
1.034538625906566978e+01
1.828625264878311896e+01
5.915926498368509101e+01
9.622347883085812725e+01
1.241643391983505751e+01
5.632471983478259858e+01
5.397264301430305977e+01
1.843486366986746106e+01
8.367520128042367844e+01
1.984984555056774624e+01
4.264268178902883477e+01
1.633752673390835852e+01
2.343266234612170251e+01
5.264018335799403303e+01
4.533230705075735045e+01
8.597498241627172888e+01
6.382176890016378223e+00
9.008131240352113878e+01
6.362322489679361759e+00
5.875957045803714607e+01
6.657592614986106128e+01
7.880147797781377861e+00
9.603504695649230882e+01
1.350422139443121594e+01
2.831989639371251855e+01
7.416272080878206907e+01
9.384496113891938052e+00
9.140029896621592798e+01
4.233144234868394307e+01
9.811747119704051556e+00
8.381750620184503475e+01
6.956855829896079868e+00
1.910226254202128615e+01
5.571700901205666412e+01
9.514358825846434797e+01
8.454509578551710547e+01
6.919938441264891082e+01
6.843330363697367602e+01
4.500408732557129809e+01
6.239981809444151395e+01
1.019225217861841060e+00
5.188201293115377410e+01
6.464042671628271819e+01
5.505744903804602330e+01
3.583283383143657375e+01
8.922525381120742338e+01
1.599806696678313145e+01
8.593787259539732304e+01
3.443054879719175432e+01
3.910479117760436196e+01
1.373263424873296756e+01
5.026021264828555957e+01
5.139382089145103549e+01
9.997779022295371476e+01
5.842474419619614423e+01
1.376190628226967583e+01
4.828721961527951834e+01
6.481836425998068307e+01
5.175184392525247290e+01
5.966616690380928389e+01
4.106801199696549531e+01
6.417004915111502328e+01
8.095215096640390584e+01
4.839799341022717982e+01
4.363533672904203797e+01
6.661375423122871098e+01
3.751714723059495782e+01
2.916374849105551892e+00
4.683629322822135777e+01
1.914113897130167530e+01
8.062368718194461792e+01
5.172880150495602436e+01
6.983356947330129572e+01
5.832501664625186777e+01
3.221656938797010383e+01
5.708130630503788439e+01
6.397528699546642628e+01
2.097240405670498475e+01
9.324338157922549897e+01
2.399242934168970365e+01
5.809344948206529580e+01
2.059155553166107566e+01
7.438540059625820788e+01
9.056564929291347710e+01
7.699965844921598546e+01
3.608954784038799346e+01
4.310603967329787167e+01
6.724881658216402514e+01
7.072952542099005768e+01
7.609102524492334396e+01
3.011687542339859291e+01
5.738381906146113920e+01
1.061979481080840237e+01
6.875183593962221096e+01
2.452523642099018275e+01
9.780136126725783186e+01
4.381035826523297061e+01
7.254800997913616811e+01
6.140561731912431753e+01
9.407630654588555785e+01
7.830855628165140558e+01
4.016301543966105214e+01
5.117887357197281162e+00
7.262177510679792647e+01
7.693786856281431596e+01
4.021019422972364055e+01
7.378192278942647420e+01
1.111240040542516017e+00
8.817849233862861524e+01
9.249378749125959587e+01
3.203198077278502609e+01
1.219990759012367043e+01
9.326460482380205974e+01
6.966250416800484402e+01
8.252580568877745293e+01
3.442132747193278419e+01
6.510066524881314365e+01
2.459409048580009127e+01
9.326884648987136472e+01
4.142148335865383046e+01
3.421838060419143090e+01
9.950324912483276663e+00
3.760993964962883496e+01
3.115063453151518758e+01
4.592855883839416009e+01
2.566311075098820638e+01
5.057537582499958262e+01
6.446777164927135573e+01
9.726739969466410685e+01
7.180789761746360966e+01
4.658305744221416234e+01
2.761310398570635627e+01
6.542757154101911965e+01
6.355386854750720005e+01
5.719646053363275229e+01
6.332989691964358769e+01
9.080177679778206823e+01
6.922077563945340728e+01
7.516601850178930988e+01
2.246860206715427566e+01
2.338039885832657916e+01
5.283706584979570664e+01
6.467448529680885372e+01
6.528342333369385742e+00
9.936780051024184957e+01
8.221297158915986358e+01
7.485802637919670133e+01
7.158411610132537817e+01
2.876785028026777979e+01
3.492407721694099365e+01
3.361646701849261376e+01
7.970707996544389573e+01
6.621627180177155481e+01
4.316654701803776106e+01
4.576508510196053692e+01
7.307024087084155894e+01
9.948344133249420906e+01
1.527844257870548716e+01
2.952645346509545732e+01
8.778970404535158423e+01
9.983923454044590073e+01
2.130715558400434517e+01
1.798835775635675560e+01
6.486364357009297521e+01
2.408606036082490220e+01
7.300383735676770414e+01
2.791621651284810213e+01
9.907545069673443550e+01
4.746946783104822742e+01
8.516753131942236621e+01
2.306720352684393660e+01
3.702338426288763884e+01
7.907751494185794172e+01
6.792388597754876400e+01
1.783084948587710983e+01
3.596622026968547914e+01
1.875414354491828917e+01
3.378558618974696515e+01
6.644689863470897251e+01
5.004388420365055623e+01
5.085883626533673407e+01
5.934003466600756838e+00
9.885244076341348318e+01
2.600630298267611096e+01
5.691191884857260419e+01
4.372481581364823455e+01
5.282402476461712126e+00
3.656329016334051119e+01
8.097128858869143642e+01
9.709511233139544117e+01
6.592263845820886559e+01
9.945251701888746965e+00
2.013297751951004244e+01
2.668822885393583633e+01
3.706023457654781339e+01
4.014300975160147544e+01
7.992802290214397942e+01
6.478780891392420926e+01
8.763892556551368784e+01
2.980213160393891769e+01
8.179095751404819481e+00
6.961958285377600930e+01
2.563139560376749415e+01
4.272703490799778336e+01
5.721986251372339893e+01
8.461270374733963706e+01
2.750119227377837561e+01
3.633434061603117016e+01
7.279305427080544177e+01
5.047681035549389961e+00
3.759116085309246102e+01
9.926568104664332282e+01
4.480318993141551687e+00
8.723065581940765867e+01
1.084044825243505272e+01
6.102134202486508840e+00
7.518311469018546234e+01
9.738222255366947877e+01
6.133525768251886490e+01
8.338059687440091849e+00
8.478156070838560154e+00
3.314985536101369945e+01
6.527673738915885338e+01
8.908241359023880079e+01
7.788044956385043349e+01
4.711121634048841855e+01
7.588986470652756111e+01
2.005519672588545887e+01
3.554556087755306493e+01
3.196770952913684383e+01
2.545151598230940237e+01
3.822683062310369451e+01
8.790147607739083924e+01
7.788686355091066105e+01
2.102731353969884509e+01
8.154530132878434756e+00
4.271775402746141737e+01
5.382712114084088029e+01
7.466994867818789317e+01
9.146743655916547766e+01
4.253468457715580797e+00
8.453442598612568304e+01
6.000924449815262562e+01
3.937600221175441106e+01
8.923187884873638609e+01
6.401023458775168251e+01
6.171872244306708666e-01
9.211588590999400594e+01
7.980272533758223119e+01
9.384603072972745963e+01
9.297782120169476627e+01
4.195142338366711954e+01
2.948416319136090280e+01
7.799702646694278485e+01
2.465331743639009687e+01
9.806321585267413354e+01
4.753428260625180002e+01
2.817368211236757247e+01
9.042710716796736392e+01
9.257217859644163127e+01
4.304801737110140181e+01
8.734542088780774804e+01
8.317795823227027086e+01
4.011245781411787448e+01
2.284114952283868760e+01
4.626577004511047875e+01
5.295916517694301007e+01
9.488498922040071193e+01
5.058616548418075354e+01
7.906670461820503704e+01
1.888375438241471826e+01
9.050190117714319626e+01
2.753839849577715171e+01
7.383471775590983555e+01
7.210131486957470770e+01
5.036338341801943841e+01
6.724924859572176672e+01
8.411692308100833770e+01
5.413503226969268667e+01
5.209866813940537611e+01
7.403861460086292823e+01
7.662838227569643834e+01
4.268533129240596224e+01
8.143675069519393617e+01
8.525456358205713059e+01
5.052212260432678193e+01
9.197680516945091256e+01
2.490985820591173905e+01
4.990352584937946290e+01
1.868657886716786720e+01
8.869409904740426498e+01
5.688037810171053366e+00
6.526576263655514687e+00
4.464633549470915597e+01
7.190135750215220867e+01
5.440986774276956872e+00
4.463858458759673198e+01
2.507144392645658115e+01
2.161583087139700154e+01
2.665620829530258717e+01
2.384454518556379199e+01
1.717862642531831074e+00
3.409527607069146171e+01
3.918234253531451827e+01
6.470886480769931381e+01
5.063454950463474091e+01
6.282550547299042876e+01
1.050529914359826833e+01
7.156658434582473660e+01
5.185428190809510340e+01
4.828607499360296629e+01
3.530189007451036787e+01
7.953210269569902380e+01
9.922680038924936241e+01
3.697749881128867600e+01
3.513812306257120355e+01
4.383718152355110220e+01
5.751517606993643739e+01
2.775332850672159779e+01
4.537963671684338607e+01
4.287796317709260308e+01
8.040339524153532125e+01
9.761909180014531273e+01
6.830126395102405468e+01
1.791039823165354505e+01
9.684071070742684029e+00
9.639169353840027554e+01
2.347705814652952938e+01
9.724860305156553864e+01
8.859816458810715289e+01
4.164505736109047973e+01
2.084690625265271890e+01
1.913752073691624744e+01
1.937324158852538147e+01
7.159102731427766741e+01
9.006055100263496627e+01
4.834965141516979514e+01
6.272619494997211831e+00
2.378372973200374574e+01
2.541766845126637264e+01
3.283274302752173668e+01
1.895276361890312344e+01
6.595522454391628742e+01
5.994761109490372775e+01
4.996896697089992401e+00
8.109948694541445491e+01
8.382773639548119604e+01
7.467679002429757418e+01
2.762248159435546313e+01
3.073604456477103497e+01
4.269983606785198305e+01
3.568281642238559925e+01
7.132681395456420148e+01
9.534533602530281371e+01
1.946558305302992231e-01
3.067517257396349351e+01
9.695007758536941367e+01
6.013736821364388163e+01
3.426065126522943416e+01
3.078987540862938488e+01
2.531338156089686464e+01
3.251198614742819615e+01
3.290367961414793285e+01
5.748746121985826463e+00
5.389436825579251433e+01
1.834516032330344615e+01
4.344572119122610587e+01
9.595974853439895469e+01
7.609597227447373768e+01
2.017322859309694749e+01
6.498045281206066193e+01
6.981295211922052601e+01
7.430616308694179395e+01
1.933083201559540143e+01
5.436350914520551214e+01
2.762484224018217915e+01
3.892745870945629605e+01
8.340265834586530502e+01
8.405112727060222255e+01
5.001595011896971243e+01
2.204203379163083287e+00
2.787555192042511365e+01
5.173428688728121472e+01
3.079309944573237345e+01
7.532919395838533205e+00
7.167252945042255874e+01
1.600990948093030752e+01
8.678025305990549043e+01
7.130290298019636452e+01
1.843235881258692288e+01
6.076885103750544204e+01
2.427230281162925252e+01
2.771858430513780647e+01
8.596551852268156324e+01
6.592621895571318191e+01
8.341258023942019406e+01
7.491825048626424177e+01
1.510006876529384989e+01
1.978582950559048115e+01
4.393971892905595666e+01
7.594190135713218126e+01
4.220092367493991503e+01
9.369023423001254969e+01
2.247848016981140873e+01
9.552518730294097793e+01
7.714922817963133639e+01
8.629293588151897154e+01
4.114269319873899633e+01
3.871987991859067080e+01
6.900529371402048184e+01
4.833155604410114137e+01
4.625962966344305016e+01
4.739361565444671953e+01
7.879330077619672856e+00
9.483288463692008463e+01
2.612201850607845799e+01
3.470815021595756633e+01
5.203863188596611167e+01
8.710775297620907054e+01
5.737820464685206900e+01
9.657587040520554922e+01
6.292435322892280425e+01
6.331162358618321662e+01
9.632840083909871964e+01
7.050871115698804203e+01
9.043599773488089966e+01
7.769737723591046574e+01
1.590408792912206870e+01
9.861163593858185550e+01
8.643714070108936198e+01
1.414392338279649763e+01
6.016897022579051679e+01
7.565705391454028472e+01
3.625412739008461216e+01
8.229778654257502879e+00
7.991616366321814269e+01
9.906301588208445708e+01
6.295693852225328158e+01
4.028711059485734580e+01
5.798595911420756366e+00
4.553703647868135818e+01
6.179570544203466653e+01
8.579879898334974442e-02
9.626482596936607194e+01
8.271567582235201144e+01
4.281386310047648891e+01
8.101791678917612671e+01
3.194936766126388328e+00
5.179844899587227047e+01
4.952581449331774621e+01
9.939232785175386198e+01
3.798920052652751167e+01
6.440323283500806895e+01
9.748994116212950090e+00
7.980737490542068713e+01
3.259411796783805215e+01
7.407354172852026863e+01
2.118718985723288029e+01
2.194298889365927607e+01
1.274033348383818520e+01
1.254657755265931041e+00
7.902373175500305535e+01
9.062211368491362862e+01
4.202570022526435878e+01
2.453387692194554148e+01
9.702097064257633008e+01
1.055768138238375542e+01
9.913555671498448874e+01
4.607671697601595184e+01
7.756074944534164217e+01
5.001632349553345591e+01
1.765835130690784993e+01
5.518184248253976421e+01
5.254727861748731499e+01
7.956932842637046122e+01
5.659806144801772376e+01
7.744245705190579088e+01
1.061127853406242849e+01
4.700632318920471420e+01
5.196156798202792260e+01
5.441141467449106273e+01
5.976479181713568778e+01
1.012667876668379385e+01
8.136713492728098629e+01
8.084333915161478501e+01
3.184205744356354373e+01
1.490064067187912755e+01
4.653659815259717192e+01
6.476131276551211613e+01
1.221796364829674797e+00
2.242505858106926908e+01
9.716047199210352403e+01
2.128681468673932997e+01
6.187161953704356065e+00
2.503655283099631745e+01
4.248720327649404283e+01
8.977910006258618125e+01
9.518088466706240069e+01
7.730361070249691124e+01
3.111503106504045491e+01
7.893351868563611617e+01
4.950110701314714845e+01
9.821347650779181038e+01
2.055709609465741039e+01
4.736783769302783753e+01
4.336955217561945375e+01
3.110523681181480526e+01
7.439230164634047071e+00
2.459176999871758440e+01
8.775672849828472977e+01
4.397134480149862412e+01
7.103393473661884627e+01
9.842469847370549019e+01
5.783272782698858094e+01
2.230408357267306130e+01
9.058098135516929972e+01
6.128499262826486671e+01
8.909663590700920111e+01
4.591726334597088055e+01
5.841944515308774299e+01
5.438071728418536921e+00
1.620422142045301328e+01
5.153225722036724221e+01
6.908714782636711504e+01
2.820461175670179088e+01
8.649747182594497019e+01
8.986274929291289482e+01
8.521744161132370721e+01
6.263925549311771590e+01
3.933139616788842119e+01
8.330839176062954721e+01
4.237752994629908443e+01
7.932246408305128682e+01
2.988993068500753836e+01
6.979779795145918797e+01
8.720989547872480330e+01
4.809580590162272529e+01
2.031013964714239961e+01
7.364808267253398100e+00
4.530133572781266338e+01
6.956258992407461506e+01
4.311380575453883779e+01
5.869524664933223335e+00
6.376620583236858764e+00
5.199063483133111419e+01
6.264403891535364011e+01
8.837671592010988775e+01
2.515764209804923723e+01
3.344076052963051993e+00
8.391515075046820016e+01
4.967308688822210883e+01
7.230278787159119247e+01
7.824728154799234403e+01
7.667787570335264036e+01
9.423156853925689802e+01
8.146492926690208947e+01
5.151054449541605607e+01
4.915208619251802702e+01
3.253557646415222848e+01
3.150195154294022082e+00
3.423286047708173641e+01
1.271346112106864723e+01
9.074068296539101652e+01
7.592164292679159487e+00
9.445044208875393110e+01
4.628051586485683089e+01
6.476048792482119154e+01
6.728145113389518883e+01
2.330311174489130366e+01
8.899763961952390900e+01
3.425298149991883179e+01
4.106882123183787314e+01
7.742997895894532689e+01
2.047387594822905754e+01
2.502079105054417596e+01
9.558347289157204330e+01
4.965105822627954524e+01
7.363258202565253896e+01
6.971719575979197714e+01
1.201924984782185568e+01
7.856825001406697595e+01
8.444277375828601606e+00
4.851751421879795600e+01
9.218424944850538338e+01
4.677946809967783537e+01
4.568358333793535309e+01
1.563710252251093724e+00
2.025223253615304753e+00
4.337936066870778973e+01
5.390126270364208239e+01
4.525086118823244163e+01
2.648856018343304086e+01
6.474682287153935079e+01
2.660738484397208126e+01
1.400366873175599203e+01
4.562478382244739450e+00
9.686487542874544943e+01
6.718937378536860194e+01
9.864384518451562656e+01
8.362857357604404740e+01
7.119221512199425206e+01
9.454982025486702923e+01
9.654325839563855993e+01
6.713952932708188825e+01
8.609838681066575816e+01
5.676670711759229704e+01
1.497461803248378942e+01
2.936821809542584560e+01
2.054938269265151973e+01
9.768856823499049824e+01
4.369591764152426094e+01
6.210131196902165840e+01
6.012995214423932566e+01
4.699520261916769925e+01
6.208219044457199232e+01
4.061187415531611578e+01
2.179750786360692416e+01
9.627228640844771235e+01
7.346893522510380592e+01
6.594647302325118687e+01
8.143044666475972804e+01
4.612393516208255306e+01
5.741668447700939737e+01
9.112024445643230308e+01
5.666996325647910560e+00
8.854145190138339672e+00
1.974878739660736926e+01
8.480430757408304032e+01
6.157429190823250309e+01
7.233911373021695113e+01
6.251758081378674348e+01
8.151536195518383465e+01
6.302943312887908434e+01
6.255677243567225077e+01
6.772580508099009933e+01
3.297554218730097375e+01
1.431642648953764763e+01
4.627100478845521536e+01
3.291932874114558416e+01
7.298992680399535971e+01
9.475835526106493489e+01
4.901923731304788134e+01
3.501340524457353354e+01
2.659622385764833652e+01
6.483282153305258078e+01
4.849570973418016351e+00
2.285320844158069775e+01
1.268867362497035955e+01
2.783803594897692335e+01
9.555457438927207647e+01
5.432636425183623174e+01
2.878248582862136118e+01
9.897421836974322673e+01
2.864970366562524617e+01
1.098516143665004918e+01
7.572707807865448615e+01
9.204637979912526191e+01
8.364966253346111102e+01
4.404206123271897866e+01
2.516688839249281440e+00
2.419905610699662901e+01
6.076919388789873011e+01
8.981107505902079424e+01
4.442459433748735975e+00
6.294853068326313661e+01
2.703155641352663707e+01
4.094682206440383254e+01
8.772358525775044313e+01
4.456239976149433346e+01
8.457137097134580728e+00
2.862499380655114667e+00
8.896650274479203802e+01
4.061253907042603828e+01
2.216679592830802648e+01
5.754785444390032723e+01
7.658834911427634040e+01
6.319740865380855155e+01
1.174955445911699492e+01
3.315102395693209303e+01
7.288304002839848295e+01
3.147900486123962338e+01
4.967221367749880301e+01
1.705934658070517074e+01
3.252715639778952550e+01
2.445898561490942313e+01
6.665461041115177920e+01
5.908651203519394102e+01
7.037396713292849881e+01
8.616804809353882888e+01
3.345104155840850080e+00
7.928316420376818030e+01
8.644078398285049758e+00
5.391878906557102624e+01
3.270859091479773895e+01
7.772764976698526596e+01
3.530011704737896139e+01
7.943156913062796320e+01
1.151086427526244549e+01
9.309782602328239420e+01
8.907740274072247644e+01
2.922022293152163286e+01
4.516569824158737134e+01
2.108473445080736397e+01
2.592239451997968569e+00
2.735069523526033564e+01
4.514587721972694823e+01
1.632864604510283613e+01
6.123165959125138613e+01
1.983213485915335994e+01
5.792315658304979564e+01
6.036235847498719664e+01
8.526034254212440544e+01
9.631029020073201252e+01
5.776691766763534019e+01
8.016329604308965884e+01
4.741159555160528072e+01
2.951489968594881574e+01
7.536465141293383851e+01
3.608812428224301527e+01
3.537936365059862709e+01
5.735356459666445517e+01
5.429826778490581773e+01
9.395061849805284737e+01
6.021074877369139244e+01
6.851763286326708169e+01
5.059924340593601499e+01
4.045084611360446303e+01
4.429648882797432208e+01
4.311837893276910449e+01
8.710107231245677895e+01
8.413223268628497920e+01
6.524614177329546294e+01
3.926930962463251973e+01
2.475685699201730472e+01
1.368525296631139021e+01
4.432837756448397926e+01
2.786679122389321606e+01
5.891862917802117749e+01
1.834735474009441258e+00
9.607894929762987601e+01
4.199347021156826543e+01
9.426487027321361722e+01
8.992200268336321756e+01
6.183197112879174995e+01
4.428593525803022146e+01
8.911691670454279901e+00
3.268717608376459083e+01
2.297568966982175453e+01
4.764819504883720214e+01
4.497654148315452005e+01
9.624270742169079540e+01
1.841880482380601336e+01
5.747624632143782009e+01
8.753824787476986558e+01
3.081100328155493884e+01
3.756037075473144426e+01
4.989221545492289778e+01
7.115008357775784020e+01
6.094634108821303187e+01
5.692939157311663934e+01
7.637706255992175386e+01
8.414361032339812141e+00
2.585003049542562437e+01
5.739339600039604505e+01
5.697640597119249861e+01
7.411459063942002956e+01
8.716708943470345616e+01
5.483241457251764039e-01
1.175738531617934690e+01
4.546331286982368880e+01
5.395059206089257486e+01
5.286637651648044312e+01
5.341841369237489801e+01
9.162285899255921606e+01
4.809413515535585759e+01
2.015365353568288054e+00
9.906939853656132300e+01
7.865754687603696027e+01
1.604298228919676106e+00
9.023152089676203502e+01
2.837683148529737309e+01
8.319522708211344764e+01
8.091887898815180336e+01
5.240715160372664627e+01
8.162122781785647874e+01
9.637996896622735221e+01
9.791127410070721737e+01
3.988876670155659809e+01
5.062634628747311183e+01
2.127138656846976517e+01
1.602558471679046548e+01
3.827720005320387742e+01
8.692787229127880266e+01
6.897689150916448853e+01
8.685527171706817740e+01
2.291863098659643327e+01
7.510492006887299965e+01
6.954201692081576880e+01
1.147791961111729364e+01
1.896098164300209632e+01
6.668899378766350594e+01
4.647652904466469437e+01
8.116526750122440603e+01
8.996392737550163332e+00
3.622551120979183992e+01
6.839329907115903495e+01
3.410859725039551194e+01
5.332680808813251616e+01
8.670496079043476811e+01
3.110125708829719571e+01
6.935226211751688297e-02
9.237344049173974270e+01
4.311483639777716803e+01
9.396797319767745904e+00
1.111327416101221033e+01
4.597019831850950311e+01
2.480130685838004467e+01
2.059774954495458132e+01
6.330560909794047397e+00
8.141190705431996832e+01
1.708669239006485085e+01
5.315983749541233294e+01
8.658064344029361337e+01
5.417065094126146363e+01
6.368566387826287922e+01
6.120506421304693134e+01
9.493968605194068289e+01
2.215472515398439057e+01
1.528507857090626310e+01
3.413878790320688239e+01
1.264103338934021714e+01
2.780325141274584411e+01
6.410062222300170731e+01
4.255789603199642102e+01
1.490157016267400536e+01
6.507149371656866776e+01
1.324927738320534942e+01
6.757734160176741511e+01
4.289832334514586876e+01
8.782658309203064562e+01
2.995650320297044189e+01
8.053259537371062038e+01
1.389308193353018339e+01
8.829131262528751733e+01
6.292240817705931732e+01
7.929748502526466325e+01
7.973995562697341200e+01
7.172581321701223089e+01
5.235878209819833273e+01
3.359280821407524087e+01
2.328787095791905415e+01
4.069240483764148308e+01
2.710821130513359023e+01
9.343605526341886502e+01
5.126308102058673910e+01
4.124245578967931891e+01
1.343529523397302228e+01
7.714437566167198668e+01
2.134565669870499605e+01
2.870086856902136674e+01
1.808266857191753729e+00
9.853085816687897136e+01
7.648103027350538596e+00
1.200006219973018773e+01
4.699284235834514334e+01
2.368084464975255088e+01
7.398549490307983945e+01
8.421229140802677371e-01
4.047563112152939624e+01
9.746704314059836349e+01
6.108168339644749523e+01
1.119781432700085411e+01
2.875673828005910337e+01
7.910011357406874311e+01
4.115557404182928991e+01
7.323490754563802341e+01
8.187895280686848309e+01
6.860796336216246516e+00
1.596077825845438980e+01
1.449095948092371522e+01
7.076152111004549283e+01
9.037951352022510321e+01
5.950988264173028952e+00
9.631332231127684906e+01
4.025178119873166338e+01
3.745778211270238955e+01
7.850226242014993261e+01
3.595240822381308021e+01
8.763903203717813994e+01
6.747024724477073221e+01
4.403244514982868196e+01
7.033608061392608590e+01
2.960163100150688820e+01
1.020829861357340818e+01
8.709314326162210307e+01
7.838324964683364726e+01
9.555403788274361432e+01
4.532494562212852074e+00
3.513634338439064209e+01
3.770195437906161828e+01
1.984573260783085757e+01
9.403220443789113858e+01
3.521898090255461966e+01
8.535498221153805787e+01
5.461813625136461070e+01
4.483508441829700075e+01
2.624109894460799808e+01
5.942953246346651497e+01
5.780159458999093403e+01
6.741042340920535025e+01
6.454296671754316606e+01
5.587538883537054346e+01
6.250542526983237224e+01
6.241497882677487041e+01
2.943818561904197750e+01
9.478805870737309647e+01
9.392526924601503424e+01
4.032883756453459512e+01
6.629218967232142745e+01
8.066094803824024950e+01
3.398144924472160966e+01
4.424047828434646590e+01
7.317907231550883296e+01
2.885869259650588603e+01
9.648529531344246379e+01
4.983751855329858671e+01
2.902605914532662013e+01
3.384195657807713786e+01
9.126483608112538093e+01
2.032970856298245010e+01
6.770821124264743673e+01
3.679155598200261323e+01
7.585631648760983126e+01
8.394528631981724232e+01
8.008623874076529603e+01
3.602493530796413435e+00
2.698971283736187843e+01
9.707670381611342236e+01
5.043132611323999015e+01
6.259147205748860898e+01
9.658692125347050705e+01
8.493984436720003472e-01
8.885975805408283179e+01
6.978602057095962152e+01
4.231117799356217546e+01
5.389048883569144266e+01
4.165234089915629312e+01
2.736076577725496861e+01
8.642749134775060327e+01
3.816681344682950794e+01
2.455785462350748105e+01
3.533425620914818666e+01
9.365336804212432753e+00
1.128680345011027164e+01
9.037446936009439469e+01
7.347835225719012442e+01
3.241537938898883908e+01
1.695433699473403166e+01
4.012726245001949366e+01
1.301319130671496538e+01
1.345457771147129478e+01
2.185161174491877389e+01
1.163209965514546695e+01
4.008232936908562039e+01
7.332818072931345910e+01
6.716936764338827004e+01
8.658642550882319711e+01
7.931381266491037252e+01
9.133288196877924747e+01
5.139598143091401994e+01
5.022504550659611766e+00
5.849186659901910446e+01
2.339141443551090305e+01
6.523032745009179223e+01
1.629038861235831970e+00
2.176679262558598538e+01
1.454111588497697483e+01
9.329099758005608578e+01
6.632593789001242612e+01
7.834088166308505663e+01
6.718999332936952840e+01
7.543058422484281778e+01
3.366439136663479559e+01
5.417466212893851107e-01
5.510311337332633741e+01
7.660431766958222966e+01
4.957589713575598722e+01
7.119633150522817289e+01
9.869726893557023573e+01
3.407238480764959121e+01
9.403054731602010463e+01
5.538380654023956851e+01
9.887748100535250728e+01
9.895840223291308746e+00
3.721348384898161044e+01
7.486171730768364796e+01
4.485395117066137516e+01
8.789971464817848812e+01
8.436895532036110978e+01
6.890848467468518379e+01
5.686265322177322901e+01
8.006803933160230713e+01
1.162033154327057893e+01
3.297018514267259093e+01
9.053181446398988896e+01
3.763622582209009693e+01
3.063265011388519454e+01
9.708374826767311561e+01
6.059051548760954375e+01
6.834940163959109327e+01
7.540514304692821668e+01
4.409668785806806568e+01
6.397474803883027761e+01
8.039234038075392164e+01
4.695830410427915780e+01
5.407650762486271390e+01
9.946418068235239218e+01
1.309853324112244621e+01
7.204386282078935722e+01
6.328595517164947637e+01
5.841488126229732813e+01
5.667769262392818774e+01
4.374654704997274735e+01
6.117717183421083860e+01
9.637259159974654210e+01
3.078081721199121823e+00
5.012507571877819856e+01
3.875603873533292187e+01
7.316492394061435789e+01
7.325746160659053885e+01
9.392714917420302356e+01
7.122302219127290357e+01
8.850123227057153485e+01
7.544538974010036725e+01
4.482613821697791678e+01
7.863171515824193136e+01
9.605077744595709532e+01
7.282326885102210667e+01
1.072681162998017079e+01
8.752310595203137922e+00
8.406358252052810087e+01
6.465708243365067176e+01
5.640824262473122985e+01
5.766009454706827597e+01
8.229831396636237173e+01
3.739572757687613347e+01
7.050006147016459579e+01
2.518242623046698014e+01
8.339518122995364990e+01
9.587831537611258170e+01
9.659229441843301345e+01
3.274039298872503423e+01
2.036011830928865507e+01
8.575613553342547846e+01
9.488333204273769184e+01
4.877400521741963502e+01
5.874740795653563907e+01
9.191414679091732864e+01
8.006962603823764368e+01
3.227979404694892906e+01
4.046499747191037955e+01
3.202062032075338038e+01
4.409090054691478144e+01
2.026102269490682772e+01
3.893939050910942967e+01
6.388915465744263855e+01
9.094826522164139249e+01
3.921689292426670903e+01
7.997528212033921591e+01
6.398960609026880064e+01
5.016658736936185647e+01
2.925920306208791288e+01
9.033991838295409593e+01
3.159219210718700044e+00
4.522158624875025623e+01
3.092116718848032519e+01
3.142736884776870099e+01
8.632087365935862522e+01
5.932033185451999202e+01
6.060586456281005496e+01
4.368417220485709684e+00
7.952496661306275882e+01
9.481030321596718125e+01
1.209983758032795365e+01
2.773327472556000828e+01
3.102196278078276492e+01
3.344003811299124607e+01
2.398596813663002081e+01
5.183918620073745132e+01
8.235912951657542180e+01
4.253584414625640875e+01
6.064325234629198746e+01
2.687324720450849824e+01
3.713295383094052937e+01
6.779273476083609751e+01
1.263195390247936523e+01
6.695720214499839074e+01
6.442239853884504441e+01
4.384124645994467073e+01
4.711828774498245309e+01
5.428675143592377594e+01
9.707996527417050459e+01
3.730418552124509546e+01
7.548587359098148397e+01
8.391910637283069718e+01
6.693965218602674838e+01
3.095990099610979129e+01
5.974520322898366942e+01
4.307385772421876879e+01
8.043744927026301639e+01
4.351168110266701916e+01
4.893463078827118551e+01
8.038793258153211241e+01
7.810918889808863241e+01
7.962339921181050784e+01
2.353229071035763909e+01
5.001020762327599556e+01
3.914744119646823606e+01
6.292209811915736850e+01
1.713229276171409765e+01
1.036041436006063243e+00
3.326384635461884187e+01
3.673347998633948208e+01
8.121362906369485302e+01
7.384465079965019640e+01
1.627879781426080541e+01
5.371160728038042720e+01
8.379667995630036614e+00
7.722461433733718295e+00
7.177032428211452952e+01
5.477323933770983366e+00
1.405317876032959923e+01
3.487016268217809767e+01
5.126021229286376268e+01
5.088477211522079102e+01
9.392049609914127473e+01
7.451107272029810247e+01
1.796658443182342779e+01
3.534553773637417606e+01
7.265303019231647852e+01
9.793554874702013535e+01
4.677370120602095938e+01
3.474664754930274313e+01
8.590001514353899381e+01
2.638262061470414466e+01
2.623145210870361410e+01
3.239808559239521202e+01
7.937280816377779047e+00
8.385688452066159471e+01
1.507581982852617131e+01
5.544163183115951199e+01
8.797243212510240085e+01
9.307997713523077721e+01
2.432890045508056076e+01
4.792102038193801761e-01
6.973364665633530635e+00
5.315179920562459159e+01
9.854044479371451359e+01
6.253990201292055673e+01
1.466757126137557776e+01
7.957200483010185010e+00
1.632706785955032558e+01
6.268486073398891989e+01
1.899428385167546551e+01
2.938358716437458185e+01
9.012925739069342512e+01
5.839624044487935350e+01
7.520459654743085309e+01
1.061192218203665938e+00
6.784911164703103736e+01
2.844364482618101420e+01
7.372027092431655149e+01
1.649383722561907817e+01
1.600224244181275424e+01
7.625656931574606290e+01
8.333321398033749006e+01
5.794609941078351056e+01
7.213322110675878918e+00
1.666698373088859597e+00
3.920326745703197702e+01
5.689624459979775395e+01
8.682021209721835930e+01
2.638447871424525104e+01
5.706886493469632882e+01
6.938663402419201987e+01
2.341451193318172486e+01
6.778616460577327985e+01
9.172430507136860456e+01
7.633209467828172023e+01
4.605102273201146090e+01
2.898162286412156874e+01
1.726015647741635561e+01
2.436713839770476753e+01
8.288626053416359696e+01
2.018486609106376761e+01
1.449581750947696079e+01
1.505701702597752600e+01
8.242431342238289460e+01
7.749255315391620513e+01
5.807071200773327035e+01
4.470106795971587843e+01
3.427029258843294901e+00
5.281913520915534122e+01
4.026551881145262968e+01
6.029087114761587429e+01
1.467246379078785878e+01
6.524971994744328185e+01
9.364161882145188542e+01
5.108477442116411282e+01
1.515006964973971648e+01
4.556430675712442735e+01
5.047371741141479617e+01
1.365807441000986877e+01
1.640124449507893800e+01
7.938857893565460699e+01
1.161280439112041307e+01
1.908294137758794662e+01
2.854115049057170950e+01
1.086261869552421722e+01
8.395697056886749010e+01
5.148958930875284778e+01
5.763591799651719327e+01
6.198404434666072405e+01
7.760563496568566677e+01
1.792031582571165416e+01
6.834662937334533694e+01
7.238269440452117465e+01
1.263529626601117606e+01
1.339869623971716805e+01
3.373332257533966327e+01
4.411339323714383909e+01
7.133023194934864364e+01
6.885289049032995479e+01
2.799424506601727458e+01
3.448806973893928784e+01
6.579852018767965660e+01
2.462526742809026814e+01
2.178559194381645270e+01
7.057815403485879102e+00
3.865891842786965782e+01
8.370054167959483493e+01
9.059488964964357294e+00
6.890481861345543280e+01
8.595054541873410869e+01
4.515287820085683990e+01
3.318544822931297489e+01
3.972600022393956465e+01
1.649753350031615184e+01
7.742864434330482482e+01
4.908840386462801320e+01
6.187410010173410413e+00
9.069525816280899377e+00
2.490510720801789546e+01
3.945336374906610644e+01
4.113626761006425880e+01
1.571249062730110069e+01
6.368193156536250399e-02
1.023865403169524946e+01
4.622798729520997085e+01
4.246754131221049988e+01
9.331395702669800585e+01
9.271839006676107431e+01
5.234861879622978620e+01
9.956806787811642323e+01
9.406009199294506118e+01
5.599594166427348796e+01
9.655687893257965015e+01
5.407687374939085245e+00
5.928564262108042726e+01
4.050644620901425697e+01
3.916446046128181280e+01
8.040414432050917526e+01
1.448794890143990699e+01
5.537778408588558676e+01
4.427596077544760078e+01
3.744136063284425830e+01
3.163958014705809774e+01
4.916230895935997580e+01
5.475693093446945170e+01
1.644321064709686198e-01
2.902640037547644525e+01
7.270773574193609079e+01
7.834730920335375437e+00
8.052006721886930052e+01
3.068325821013448973e+01
3.427022775046939529e+00
3.829983469397190987e+01
4.770082420942955537e+00
1.484278551098847743e+01
5.714245476657035994e+01
8.469746522341495165e+01
9.367582630867701710e+01
4.749771874884917366e+01
5.373565866455762574e+01
4.661778845539843275e+01
8.818093278014671910e+00
6.545379384353278596e+00
6.664436366741124118e+01
9.210436327890845121e+01
6.116255585919805782e+00
9.300322422204230577e+01
5.955985278754171830e+00
2.216876135656908886e+00
7.422107471528440215e+01
5.765719532872428488e+01
7.000107036022207296e+00
8.091344768891895356e+00
1.374462815849726383e+01
4.322151442863608395e+01
8.320015086789140923e+01
7.612240122287214206e+01
9.563739563900900009e+01
1.921621007931341296e+01
7.176458115019211448e+01
5.896139525791060976e+01
9.087032659544492219e+01
1.433711532964899682e+01
9.097875098001871663e+01
5.255643297555108973e+01
7.721901337824121470e+00
2.128384348534018145e+00
1.275933436050511460e+01
3.858453420926725386e+01
7.708356750095560983e+01
4.946536411530170341e+01
2.599032938893054379e+01
1.139921274014976671e+00
6.103120663595718298e+01
3.981866180607548245e+01
7.998980577499962408e+01
9.002192108507928481e+01
3.337074424075569112e+01
2.839478446773003739e+01
1.212723701860889491e+01
8.036922460314887928e+01
6.290694300935854244e+01
6.856527574988965057e+01
6.672263308344818711e+01
6.185388489701438886e+01
9.126230038980681059e+01
2.727568783676981212e+01
8.838207267849612947e+01
1.885503836642364917e+01
8.607585893303016178e+01
3.605806489312536200e+01
1.741915781842433475e+01
1.018667062451982197e+01
7.792111111197603179e+01
5.447134615596448270e+01
2.808920095605405010e+01
2.594889441799034202e+01
7.953270715118780743e+01
9.908519307381104113e+01
6.164452665809862708e+01
3.080071461640782005e+01
8.392898291992200654e+01
3.361240403584921665e+01
6.229221710129795042e+01
1.575962259714377467e+01
4.667381279898717139e+01
6.592577395265122675e+01
9.853267440382515474e+01
7.895648787906725374e+01
3.111802884822523207e+00
5.876686974259275331e+01
9.423214604047349496e+01
6.654740826667060460e-02
8.718973273816543745e-01
5.902159554811010622e+01
4.968488886444291097e+01
4.252090742031276704e+01
3.928596263116449450e+01
7.669653746161209540e+01
9.724692037464299688e+01
7.270322767484155690e+01
4.080910754232757398e+01
3.345834105352203380e+01
5.336986551302581461e+01
1.961563643563912773e+00
7.763740398980889523e+00
8.085502599806090984e+01
5.543685394760512253e+01
6.676123039457490904e+01
9.644323578212052439e+01
1.462800301045684748e+01
9.073327560939078751e+01
5.840871142121800830e+01
6.512710783296006412e+01
5.255561999190261702e+01
2.887640635592288874e+01
2.686506868190847541e+01
6.238249177201393714e+00
9.289889615773972764e+01
6.739245439039524399e+01
2.391828514867469124e+01
9.180222569070627969e+01
9.627303653392289107e+01
1.090803392103008029e+01
1.391950623802030762e+01
2.728534647912723798e+01
2.207018161016164370e+01
9.699258245535553158e+01
2.506441654451475642e+01
7.109738386904929541e+00
4.384108641707970122e+01
9.381948246376329337e+01
1.396054210119837080e+01
2.754925056229817670e+01
3.976323514627103606e+01
5.958632869518009301e+01
6.755726723629746289e+01
8.006118890747846706e+01
4.830155577551708035e+01
3.715177651910581602e+01
8.559666893744048366e+01
2.061187921660101452e+01
1.259577132049757253e+01
5.244426360786997776e+01
6.800477095773955227e+01
6.303240982899050948e+01
4.340653346347003350e+01
9.897243255920351146e+00
1.643393584547220243e+01
9.361482722237690624e-02
4.961860894462780891e+01
1.811468155760580601e+01
9.843271289429312176e+00
2.023539413198195547e+01
7.478153990151312769e+01
8.347527996611019319e+01
3.231669134248804642e+00
3.520123840410062144e+01
4.048707871694860216e+01
1.977909281033771549e+01
5.949635630992325019e+01
9.387674581012961994e+01
1.968253823168880601e+01
9.119098926081072420e+01
9.469143552961149624e+01
9.705384362502078588e+00
7.295185522962505331e+01
1.249553628573394448e+01
8.165688903513017749e+01
9.974856021950098750e+01
3.286416216810764723e+01
9.607906280877888605e+01
9.911615306860306873e+01
5.864582909015396694e+01
2.850145614853891729e+01
2.284475555884062459e+01
5.159326847686897111e+01
4.556480417898001178e+01
7.957413218557530854e+01
6.873877738717622776e+01
5.678111868918192329e+01
5.400457952991368415e+01
8.011038045291755338e+01
2.586406919840289476e+01
6.082634267570118425e+01
3.879598099401228950e+01
6.278774890004368281e+00
2.618199736036523717e+01
1.602454067964738016e+01
1.031754733483949416e+01
1.505483462707175590e+01
4.212306157835929099e+01
7.808189689890940599e+01
9.230201861056870882e+01
7.014968217899740921e+01
7.430111675805764548e+01
8.404247452016517173e+01
3.885934328861716835e+01
9.263084127387004685e+01
3.941331031881554026e+01
7.257557762687277148e+01
5.671514279830438454e+01
9.592044628739496659e+01
2.845926731215239158e+01
3.020549758614705738e+01
1.659802226986085572e+01
2.759801052687581446e+01
2.278832662911245421e+01
8.985774835723626097e+01
5.705114949897919274e+01
1.288507361198553092e+01
3.542246602680138068e+01
5.215103244948767980e+01
5.787193440371839159e+01
1.196570648037503837e+01
2.092722933951193198e+01
4.427052399982815700e+01
2.602132611816841035e+01
3.561276729330518975e+01
7.028541899831762407e+01
7.952951525819128165e+01
4.237573375644686280e+01
7.728767179457007330e+01
1.121458734196534301e+00
9.088845017015229644e+01
2.097893972100781568e+01
2.843522499910725543e+01
4.077281784925501640e-01
4.676421245091304257e+01
8.503594855734502289e+01
4.457135665974018934e+01
5.813526374132887753e+01
9.985928358532936500e+01
5.605242576660762310e+00
4.864520302534150176e+01
9.697103771285782159e+01
2.872117688613921160e+01
4.994587831343728368e+01
1.853401639705941761e+01
4.489958789181973486e+01
9.431909430479596779e+01
3.052285781166693823e+01
4.764637088657035235e+01
4.783583033668230655e+01
6.007445191728042744e+01
5.529130553666907844e+01
2.903417853703886919e+01
3.182570020006657430e+01
3.513803019784544901e-01
1.448984662259689138e+00
6.670410013967259033e+01
2.059243629427732714e+01
2.398313960919260523e+01
9.905351823341884199e+01
8.066479889155667138e+01
8.781420522513916183e+01
3.879815335698637568e+01
5.402192075672603977e+01
4.741288991835828881e+01
4.655501986346818200e+01
5.825699468126316560e+01
5.350606037156316575e+01
5.415854678978580949e+01
7.526915178156546915e+01
9.793967732820097183e+01
1.368707393078710766e+01
8.710184996777334732e+01
6.760928794621703730e+01
9.069774538781946660e+01
6.110359025379084841e+01
1.885906238757278786e+01
7.916690773104039636e+01
8.991299871661330201e+01
5.636190294750404206e+01
2.537317991496205138e+01
8.272721792140211505e+01
6.630903638595212612e+01
9.745429882665638388e+01
6.928393329060411610e+00
6.212526844883439026e+01
1.858246415833792042e+01
1.452305198697191280e+01
1.518386821401602660e+01
6.964303743675548830e+00
2.338517828686129718e+01
3.956481996286191816e+01
1.921079491549316742e+01
1.639905042261492341e+01
7.329216422451300161e+01
8.873211623961428529e+01
3.847541876430328500e+01
2.383824759270872917e+01
2.253824872433347792e+01
9.287121683753118973e-01
7.581419909419984116e+00
7.606733601922833543e+01
4.726040360654357642e+01
2.698761947378588388e+01
5.798676697141723935e+01
1.734256930320849932e+01
3.856338240762858049e+01
5.437461221468302597e+01
7.002158463031838664e+01
1.277142049157055048e+01
1.449637590132221199e+01
7.070021198706214705e+01
5.418135315859308321e+01
4.917096730285111761e+01
8.823268320072050130e+01
4.349563420091362431e+00
6.197385525259080197e+01
6.146443658015326150e+01
5.384074961316544261e+01
7.040374160208839882e+00
5.106674175325531451e+01
3.763848396649522954e+01
2.551667322929338511e+01
9.640362402529576968e+01
9.475102378508871936e+01
2.774998255015292870e+01
5.705774866124217226e+01
5.109333460174920560e+01
2.580138104084750417e+00
5.107929032737026631e+01
6.476870749298304020e+01
5.655363446409933204e+01
6.206574563783507870e+01
8.305220050077217309e+01
2.402072638266844606e+01
6.479236940857381910e+01
3.813216891643181583e+01
7.962602093008086968e+01
5.914282909034618285e-01
4.946189251642938700e+01
2.883249799556760706e+01
2.715929285141830363e+01
6.534402619378543164e+00
3.829390360291530016e+01
5.681848894874954681e+01
3.298490845334516308e+01
5.840689724489478429e-01
6.253826219918244078e+01
3.806872224438797758e+01
3.135687996104148567e+01
8.222068293075504641e+01
2.202240614144930220e+01
3.252804243359938852e+01
4.469653562573950012e+01
1.674698988489577900e+01
9.156383017171808092e+01
1.263946389581336405e+01
4.240903854262949579e+01
1.497419625996162473e+01
5.692742782257005274e+01
6.350035013538393258e+01
2.497854189862841423e+01
4.223530109743577299e+01
9.151333552049446496e+01
1.946438577578988216e+01
8.545135912151437196e+01
9.323399388204879301e+01
3.570888401844612758e+01
9.811030125339641472e+01
6.030987366268830385e+01
9.779590729487111389e+01
8.868136492399391102e+01
4.287568492431736900e+01
9.673174245816319683e+01
1.065960946624400307e+01
6.532105512866961305e+01
3.429818143377681139e+01
1.710325543395335757e+01
7.688431412240421992e+01
1.932117594446352982e+01
4.025802981542274495e+01
4.387742229038781971e+00
5.320622555243327412e+01
9.955430021831026011e+01
9.583933578478897175e+01
5.996441493860353944e+01
3.861967579577216014e+01
5.673677762261009150e+01
4.751382612812649064e+00
2.530659268781163718e+01
8.375032491808393331e+01
7.369173291867619469e+01
5.470284010683825926e+01
8.913973372906347947e+00
6.660678004291807497e+01
3.980831750276259129e+01
8.062368410116773987e+01
2.739154463253790084e+00
6.833977380029159576e+01
8.115836099110521218e+01
1.943546354801626208e+01
8.290723444093117678e+01
5.787282099704065530e+01
3.267479966260200541e+00
8.636318309702224383e+01
6.109272407149170903e+01
3.950337164810474633e+01
6.542947212387720413e+01
8.356240117904775389e+01
8.586928768410871271e+01
4.660367265703246886e+00
6.751330460586983406e+01
4.224195478173249541e+01
2.030470119684320096e+01
1.212150423772462204e+01
2.557502198857983799e+01
9.791294771333743086e+01
7.291372030539237414e+01
2.435344664314582630e+01
8.805119775094905066e+00
1.394720568139594619e+01
8.254582522264019673e+00
2.884083225843134812e+01
3.735119825605072208e+01
6.110083801265309589e+00
7.385945629405898671e+01
3.246259310778705043e+01
9.580202829977950785e+01
1.687564640698537843e+01
3.295422118454490601e+01
7.358430665188630826e+01
6.660397640644879402e+01
9.296389807346916001e+00
8.540098208304041805e+01
5.939594194930554494e+01
6.495820601161291563e+01
4.439744675160941512e+01
5.581267964115519220e+01
8.465716181380504679e+01
6.243371184541783947e+01
3.200251143770069717e+01
2.313082112619087027e+01
7.587484912345885846e+01
9.046011098563474206e+01
1.395690360585532019e+01
9.628774534783080696e+01
2.175072519456103848e+01
