8.392934138469331629e+01
2.914850151643236842e+01
6.737370991826111322e+01
2.146587731079165806e+01
6.691966624644183526e+01
3.197258808749832326e+01
6.814400648490554602e+01
1.982324451080884486e+01
2.783882384891843742e+01
1.646616577371873280e+00
5.122970170063403117e+01
1.491570566210482696e+01
8.685306790359616969e+01
4.477083792849543187e+01
5.042069465156270525e+01
9.921595566854732340e+01
6.194339198616694375e+01
7.725117923995010472e+01
8.227541043038981172e+01
1.335475097171147141e+01
5.990505974662085720e+01
3.912380224215544899e+01
6.925093948271488387e+01
4.727030409583454329e+00
4.985537632933670693e+01
5.936076045958982661e+01
2.772280473137088563e+01
3.774392791753452769e+01
3.146914335470547641e+01
8.418922002087305145e+01
2.570886350692887135e+01
4.609707741470890596e+01
7.769625251821445033e+01
7.885253787883918619e+01
9.302312978798166654e+00
4.318553913221659002e+01
4.335206718077992605e+01
9.741421296763807192e+00
3.043580925128620507e+01
6.966588302638426455e+01
6.234769738453085353e+01
8.890790107635024242e+01
3.745709328955069140e+01
8.054392426498110069e+01
5.432774079915986221e+01
7.576970133550494779e+01
3.811054962065112761e+01
3.434489202753950821e+01
9.887650372769321905e+01
5.704817421394822929e+01
8.503672997243259601e+01
4.778709388514543832e+01
3.392150957615667295e+01
1.662678465978576625e+01
2.862740691732997789e+01
9.956347812667986830e+01
5.567544423257397845e+00
4.232837438999072788e+01
8.880968724063551178e+01
1.390405947802235787e+01
1.705878044321698184e+01
1.473045436219170234e+01
8.183652742027203431e+01
2.803867339140397874e+01
7.266410268556933261e+01
1.058365070170052036e+01
1.506719592370020422e+01
7.994401197285620242e+01
3.995629539803774577e+01
9.986879725572480027e+01
5.147469391558190388e+00
9.945999364348857341e+01
1.932819424097501582e+01
7.132229972197745838e+01
3.145274737938600396e+01
6.958756799857064834e+01
5.037193885019246409e+01
2.979766187618529827e+01
2.732876900135021714e+01
7.117415999572942553e+01
3.386628002758074985e+01
6.898216410052924630e+01
6.943145150706581603e+01
9.562753926248004177e+01
7.837384681188538593e+01
9.394475453128420384e+01
2.924540208950778819e+01
1.964443391113830373e+01
8.303688548388588941e+00
9.742772634077380189e+01
3.328237585937778675e+01
1.018724813580398347e+01
4.311970785582077781e+01
6.981299033154763833e+01
8.403308617029203731e-01
1.497813630297475385e+01
4.470211060605493714e+01
1.276596786893857693e+00
7.229902741889486606e+01
8.765822410362424932e+01
1.565471657303028152e+01
9.564141815579854722e+01
3.519107965065559540e+01
2.970754660848661288e+01
8.523466661018778723e+01
8.188693633667519123e+01
3.579147509064406485e-01
1.601284505449761397e+01
6.140212446868920182e+01
1.485907596298112665e+01
3.503827992648415091e+01
3.642551767001705088e+01
2.213738309698742768e+01
1.707723936402894083e+01
2.108795980687922977e+01
3.855243191022373139e+01
3.074894861723383954e+01
2.204438463045670460e+01
3.783510295150031766e+01
4.789586559431165824e+01
3.099510091631985098e+00
3.207865829606892927e+00
6.125185005973560237e+01
8.466428879876644942e+01
7.127010932876328297e+01
9.594687151429914351e+00
3.711460234302630568e+01
5.021870179887263674e+01
7.286354997746063589e+01
6.986259976455400533e+00
7.454928209235356462e+01
9.975746992188756224e+01
4.911480485818966457e+01
8.595204880488546451e+01
4.179141968251218486e+01
7.809434286991016450e+01
9.176072945335944198e+00
2.577152553252179956e+01
7.797694341516924865e+00
8.170400758710519540e+01
5.052397703948668095e+01
5.450591252432636935e+01
8.469029859599451981e+01
9.029350229240891679e+01
1.807923740276195090e+01
2.290062916023366668e+01
8.692614125258339186e+01
4.418801379033045151e+01
4.207257978262701315e+00
3.380418172170382718e+01
7.174215387632291652e+01
8.364965690535835563e+01
7.432585462161071632e+01
5.355930815898847186e+01
5.846492855814333645e+00
8.092459590407891312e+01
3.813562922972874247e+01
2.136792020716434948e+01
2.304548114769368183e+01
3.686635830712818773e+01
3.292042379881488756e+01
5.321840026835745618e+01
3.270526533159797822e+01
7.040973890883866204e+01
2.470337870054386542e+01
4.802710823023868159e+01
3.956662933770914492e+01
8.155380230474840175e+00
4.822869771916127313e+00
4.618018215028574502e+01
5.876757335885872635e+01
4.091922520226049187e+01
7.920875184931507818e+01
2.773719848210517469e+01
5.604245049369567511e+01
6.586963295086985681e+01
4.146024852110343772e+01
7.481481598968693447e+01
3.127827040718655915e+00
3.481584585872897719e+01
5.359507733394662665e+01
5.950354293627393076e+01
7.333928585953916013e+01
6.919855797488619942e+01
3.794039267683221084e+01
7.333350036016980766e+01
8.861264351001221939e+01
6.064960041270008873e+01
1.960748317808713637e+01
6.021847647072362264e+01
1.042864759567777533e+01
4.044508362930581313e+01
6.797831447572876584e+01
5.889198572775104168e+01
5.685730801685695468e+01
5.741227467710066890e+01
3.137649842699186209e+01
2.579163690083928628e+01
5.362718163083083311e+01
7.897987299556108454e+00
4.280090947175040128e+01
5.521281229205889929e+01
8.106468173362391383e+01
1.887572095995545496e+01
6.715262203954763720e+01
1.200317508767754227e+01
7.328804519519316329e+00
3.104592621183465084e+01
6.434849006029925533e+01
3.402182933911267781e+01
7.556129501999934917e+01
7.245768466594758195e+01
3.710994783622495419e+01
4.367151386706144933e+01
6.102484759349275834e+01
3.118265995797677803e+01
9.227186693430711628e+00
9.897942073361485882e+01
4.202146243735433018e+01
1.342741575342019189e+01
1.748315567269840187e+01
8.270478880411022260e+01
8.669391686811270858e+01
3.014069699994958995e+00
5.400541200153612209e+01
9.660976049205760319e+01
3.635476367674539233e+01
3.168795923058064190e+01
5.553460819188751429e+01
2.329742145133473219e+00
3.142355431078114325e+00
7.936534159933137289e+01
7.443012680765841083e+01
5.449764202192649520e+01
9.953483309562469117e+01
4.007343992184729586e+01
7.235430774678077626e+01
8.920426319498045586e+01
9.297744211287762539e+01
7.046838687238687271e+01
4.350302462166338557e+01
8.412458224255063044e+01
3.260981722432265428e+01
9.204993850762549812e+01
4.393757777915824647e+01
9.638323510427906626e+01
1.175009389642161040e+01
5.447640245115522362e+01
9.740398080598296815e+01
8.619522980693463410e+01
7.140076509746540623e+00
7.242788152486141939e+01
7.529401206239195687e+01
3.981968442538516939e+01
6.025307405758759671e+01
4.502658359487539030e+01
2.009729176679558904e+01
7.515016933447108727e+01
1.164375680667684065e+01
5.082123349383071975e+00
1.033526806762946570e+01
3.844205920342298555e+01
1.216326083111893830e+01
6.282676853180827692e+01
2.862674193568072312e+01
2.875035678112611848e+01
3.870059147099959063e+01
6.420878586033218482e+00
1.288295529675425044e+01
6.737423764892314182e+01
1.270146804375338334e+01
1.702185454281297439e+01
8.013967968492507055e+01
8.828068331244622868e+01
2.050991229283954809e+01
2.981625672536813987e+00
1.556071315118151510e+01
4.603746328535698495e+01
5.469477047850473639e+01
7.514508959673916877e+01
9.868127398069582057e+01
8.911955047057537627e+01
2.845138742322662750e+01
8.286575084224566012e+01
5.232820875491608348e+01
7.867883423769495721e+01
5.143745088768116602e+01
6.556443001838110263e+01
2.375507207538315413e+01
9.021224244747095611e+01
9.492937717419923160e+01
6.607328694292057492e+01
3.590018823851210783e+01
2.574016909350165250e+01
8.317131257848178905e+01
1.474839396144989045e+00
4.057751430933704739e+01
7.877195825620185587e+01
2.931349849167796950e+00
5.858139590751017067e+01
5.751233747586657330e+01
2.129377040301455537e+01
3.252269900191905094e+01
5.047164910151852268e+01
5.043514058280156576e+01
1.046871429296926159e+01
8.645587431076620533e+01
3.319825176654852328e+01
8.003615188464804930e+01
7.848805003094865640e+01
7.199425374531931432e+00
4.256925410982552904e+01
4.692156196508452126e+01
7.319675973228299881e+01
7.281219415304118314e+00
3.586974972402826722e+01
6.353549996512774101e+01
4.801234815334505157e+01
9.443529254997146438e+01
4.243305403186865732e+01
9.089928542936947053e+01
4.334180031322777182e+01
9.138558058733100609e+01
9.934934702273031348e+01
7.508209211741421996e+01
3.112968321152725792e+01
8.809173130120655060e+01
7.381675035479680957e+01
9.745778936402649251e+00
1.735624991978802356e+01
3.641008240337282587e+01
5.866024812779513553e+01
1.194317759256332501e+01
5.718445366513162753e+01
1.149540556242260081e+01
9.319142519706711880e+01
5.684837307504496806e+01
7.294846441695445094e+01
1.455905615923744989e+01
7.371053935464199469e+01
6.591313717183537335e+01
3.611020332118602738e+01
9.807887857552279343e+01
3.224984161434640839e+00
8.981671892492332177e+01
4.376349481336927028e+00
7.645618437886983543e+01
2.860250165524198707e+01
9.859801038834474696e+01
5.164098819178720845e+01
4.930624882927048702e+00
6.610193262333355335e+01
8.393325878651614502e+00
4.715962418830356029e+01
3.068851018898460836e+01
7.790935580962610629e+00
9.467000889794469742e+01
2.245611649526007980e+01
5.237101051393218398e+01
4.272963116967223129e+01
9.740650612094837868e+01
3.707594283367568266e+01
8.396181544433702015e+01
6.561443669002713364e+01
8.951291139708951050e+01
3.372655673819782152e+01
6.558056300617845125e+01
9.922380639681597359e+01
6.215629988468150202e+01
8.184264243875067280e+01
7.878631910426435070e+01
5.197554672204086756e+01
5.955749516781235542e+01
1.540769621869612038e+01
6.477748085985093951e+01
1.993033487318729424e+00
2.177436994810710846e+00
7.155902624853769112e+01
6.946763307337533888e+01
3.222127771517698847e+01
8.617920065270523367e+01
5.815246527699583368e+01
2.571986925676923619e+01
2.543855077157532918e+01
8.056890771844371102e+01
6.419058060790473519e+01
4.910248195185236142e+01
6.619085493785539143e+01
1.718327579681541195e+01
3.229060127560556026e+01
5.045831424428001100e+01
4.427414632122867744e+01
9.353965666859707540e+01
2.102282907597338024e+01
3.064569319162919925e+01
7.536142846634184878e+01
8.725113146498300409e+01
6.899449790054401888e+01
2.228287661186659818e+01
2.590944034392361672e+01
7.379106396315889072e+01
8.910355560638598149e+01
8.148302336218760544e+00
1.202207306268732179e+00
2.030089486111454988e+01
1.137608403264220769e+01
8.200190177861095719e+01
8.800470308179401968e+01
9.605884631454564726e+01
2.013898332780007649e+01
9.071022671217119182e+01
4.517398382145948688e+01
5.666820168411956793e+00
9.504368069366803695e+01
1.401243160223111239e+01
8.522192070566372024e+01
5.652968104806686256e+01
7.594507777275417482e+01
9.575218027030688006e+01
5.777142138484143885e+01
7.222458951680191319e+01
7.361248889332551926e+01
3.789341031787360237e+01
9.270297399837129149e+01
8.348906358783894177e+01
6.400603912484478997e+01
1.408185543847251253e-01
4.419240375244586261e+01
9.263796371707219635e+01
9.131752781134410668e+01
6.687065339697325328e+01
6.129945461624959080e+01
7.649871178537974004e+01
7.852200531858777310e+01
4.884777674345453136e+01
7.715687835080711920e+01
3.885533288336250024e+01
7.769447036942317197e+01
4.872465288834186481e+01
5.065323053734924486e+01
4.272112089049298334e+01
8.978980693209491903e+01
1.017731275549351722e+01
8.456878212061795352e+01
3.529578674480339373e+01
3.579756794251731833e+01
6.073631819502768536e+01
7.554552981869872497e+01
3.434145827332260836e+01
8.699806090677428472e+01
4.561043463095181494e+01
8.162135536170067596e-01
1.390076753986481073e+01
5.608156780836514343e+01
2.902657962129484659e+01
5.211219190963804948e+01
8.323965112354834162e+01
5.128881606336514665e+01
6.295783574292180163e+00
5.438172738379540050e+01
4.740937736233477295e+01
5.577102559678860416e+01
5.369552499329540751e+01
9.383623483469968107e+01
3.809133674749776155e-01
2.026105606094964529e+01
1.664043099884149335e+00
6.733818506132261916e+01
1.675086354130510458e+01
2.382245263365165755e+01
3.073581164905161245e+01
6.101859322369595162e+01
3.682506061040098189e+01
2.082174468335912110e+01
5.751431703521284788e+01
5.365555777516372160e+01
3.317916832281786466e+00
9.614170850836295301e+01
4.938424948118884572e+01
2.870382794062106413e+01
4.706485431353571869e+01
9.534466308130738810e+01
5.917669833927270417e+01
3.241318052736145461e+01
2.627734636315239669e+01
8.610092269149237154e+01
5.883585436752929354e+01
8.726040315488798171e+01
4.689830154620149472e+01
2.810779669073157905e+01
6.151680480739983636e+01
4.349128768562663083e+01
7.290706518452697082e+01
1.448212707278430145e+01
6.755434675437086867e+01
3.205807529451307403e+01
6.850393440370288545e+01
5.740870279832852674e+01
9.578469399953901586e+01
9.453929172685421634e+01
1.873174751400565796e+01
5.910217361469734954e+01
4.907019584285854386e-01
7.563680200811602106e+01
7.288505155223801069e+01
2.494456652492146276e+01
4.582868398418698774e+01
8.629539653535811539e+00
7.868113027626455036e+00
7.740240179452739788e-01
9.441731987268353166e+00
7.171141002167258804e+00
4.675437862993494775e+01
9.714570358876987655e+01
4.719929971704583949e+00
1.027637981187248251e+01
9.806105174233941568e+01
2.781835818428265483e+01
3.295568228716313541e+01
6.798391460153500532e+01
4.796453053103578057e+00
8.811901648595568304e+01
3.916902552696874551e+01
2.066702257305350798e+01
9.544979860300773566e+01
1.583549645812248841e+01
1.722614324242696071e+01
9.503093738686530401e+00
7.900316046027855066e+01
1.978204960955887159e+00
7.266918525910203641e+01
9.330339831164479847e+00
8.894004033018124744e+01
1.637007760527420253e+00
4.214930381254539071e+01
4.410422268873085727e+01
3.316033464728147351e+01
2.051836053983716468e+01
9.778629771344542121e+01
2.302362074983905771e+01
4.966791429280043246e+01
3.104995675604352812e+01
9.634749746542992455e+01
6.094913532991947136e+01
3.206302256996367106e+01
6.186423201351880152e+01
4.286583568605618666e+01
5.117730486043894444e+01
3.017803697214392855e+01
6.718521738638928298e+01
8.873235527359125285e+01
9.097365354600391640e+01
1.525690812608637614e+01
7.024891802660205187e+00
8.211129032893994406e+01
1.786723387303229416e+01
8.620831768735997969e+01
3.402050235201456019e+01
1.148911353414991865e+01
2.807081195323485190e+01
3.581872275728931498e+01
2.000477503213158315e+01
9.777675582428368983e+00
1.866825082182317175e+01
9.116778196718577476e+00
6.514012131941056793e+01
2.341251291696031700e+01
5.825844576867999791e+01
9.419781800469553446e+01
1.684318877461343789e+01
2.617962053257583133e+00
3.245050401531549511e+01
1.001237094806581851e+01
7.564012336755288857e+01
6.033820461091386989e+01
6.262078999783759059e+01
3.322709119394324517e+01
9.181358533988202453e+01
4.809352390202860050e+01
3.229885792562119207e+01
2.438830978370794966e+01
4.641706177153848145e+00
3.948491275099608178e+00
2.641384658534174790e+01
7.744751280627303913e+01
1.169221314200785677e+00
9.968898553932496043e+01
2.207018039941983645e+01
8.411192846918376631e+01
7.296297472985031618e+01
4.114229774867644096e+01
2.554791387899730637e+01
4.833170870959335730e+00
2.366220357179892275e+01
4.446542666405665045e+01
1.690256752485038660e+01
5.518233759410295924e+00
6.837790884811001391e+00
8.033769705993232435e+01
4.765239787387310599e+01
6.510128829894212821e+00
5.976372390383621891e-01
4.605514703382041830e+01
6.275846566139149729e+01
8.676470710515027918e+01
2.213966883908064887e+01
7.555068511748839910e+01
1.038326802837168472e+01
5.222968310487752674e+00
9.712613108888152169e+01
5.650488445440604579e+01
8.226860489611010507e+01
5.685507348279039519e+01
9.718730813444061312e+01
5.058326663516177213e+00
3.566575759792954869e+01
2.772100401832690153e+01
1.803981416667811288e+01
2.226034997323305120e+01
7.666133559380893914e+00
8.045058043785670066e+01
5.460914819340700888e+00
5.491408499427127055e+01
4.519526195376988298e+00
3.898652758892533399e+01
4.935776555304821755e+01
9.570701436203812307e+01
2.602544051282967885e+01
5.042695096509162056e+01
3.268310524356928681e+01
5.950785384737265815e+01
6.783267789074920451e+00
1.830088797469062811e+01
1.858524360329165859e+01
4.347877307915381806e+01
9.877347423930358161e+01
2.098898784564965325e+01
7.180010849303020848e+01
5.508015772614312766e+01
6.871852939394727855e+01
6.441128127888373456e+01
4.972451331127808771e+01
9.260606569995464099e+01
7.698332389664564346e+00
1.366003704537221974e+00
4.943628779181130639e+00
5.340001769738329784e+01
6.703505170494314314e+01
1.247594924113538717e+01
9.817719527060322093e+01
9.254978797100815768e+01
3.560629345425966363e+01
4.352119532243047217e+01
2.232312809854339974e+01
1.932130472214246453e+01
7.644461413792436133e+01
3.488474808794111937e+01
8.364268323663437421e-01
1.295941619940386147e+01
1.074652756531391251e+00
1.308367732715778331e+01
7.699818576655925284e+00
1.719889789338790820e+01
9.219331467735057117e+01
8.507113654877514364e+01
6.948497259081595701e+01
1.576037109584977891e+01
2.701550927578612971e+01
6.705609458425236369e+01
7.439636791556587525e+01
9.989809347545761398e+01
8.092258023091126518e+01
8.874841765749013689e+01
2.840115040444700512e+01
4.432335963732813156e+01
4.006224959615389025e+01
6.390902041680419643e+01
5.894463427863242089e+01
8.317290952374824542e+01
4.084227402597302614e+01
4.874572010041584491e+01
4.823700587673979356e+01
3.176663228351206403e+00
8.364716591976302595e+01
6.105393831716794750e+01
8.447913771758497603e+01
5.894752839094103081e+01
5.729207292411430785e+00
2.513905008315899892e+01
4.360697244635939285e+01
3.807354098311146373e+01
7.691306766830450670e+01
9.043081765299247365e+01
7.183592604753756916e+01
6.553406566080499651e-01
1.835893354221209606e+01
2.107658275217442068e+01
6.836866003334122865e+01
6.298690122948830350e+01
9.395231479585387291e+00
6.054477459715024423e+01
4.987444054932499427e+01
2.795941455852382163e+01
4.537700213783957537e+01
5.215365025327579929e+01
8.902351173941123363e+01
5.849105037263231566e+01
3.850079923680559091e+01
4.474799002406616211e+01
4.118449779846524450e+01
6.684413713730920392e+01
8.410583350542302128e+01
2.036737912129731143e+01
7.472121817227072427e+01
6.312864988862476423e+01
5.792282626209169649e+01
4.950387019755117279e+01
7.692240145709887145e+01
7.058679727256914305e+01
6.041776013772648390e+00
9.807025667913507050e+01
9.244695787742833204e+01
5.443612706713991400e+01
6.429741616535274318e+01
5.216473783745897208e+01
9.121401011637303213e+01
2.332142608074077117e+01
8.369808983706782612e+01
1.571467599395651682e+01
2.982136370974760453e+01
4.279202529123470100e+01
9.950017022954804702e+01
2.305817880675314768e+01
8.448456802753378270e+01
7.282474384234453169e+01
2.133539061465559072e+01
8.126845429274960964e+01
5.713470470786261757e+01
4.120255580766419712e+01
1.381083371680810146e+01
6.246629662273607408e+01
7.112321530538228842e+01
6.958015696623839119e+01
1.108807161439003863e+01
3.347859852163686156e+01
6.838107256547965562e+01
3.207497119118966111e+01
7.415266762698593084e+01
9.069218302240396667e+01
8.574123649875534170e+01
7.507127631653634126e+01
7.366423654064112725e+01
1.012875413460989638e+00
4.166851706409032374e+01
9.671557561308992490e+01
9.413374172974123155e+01
7.480534285428215924e+01
2.444057103921662844e+01
3.518313454264874451e+01
9.048094815043063477e+01
1.784613889209100179e+01
1.105114414972687698e+01
8.794973818991714154e+00
9.489491888004114628e+01
5.334585314794899347e+01
9.935428994856478369e+01
4.490996663721283966e+01
6.600137714342599793e+01
6.507952201795194469e+01
9.710614797384783969e+01
1.845098888970116846e+01
9.068406483894827375e+01
2.435814404466758276e+01
3.987115541722698708e+01
1.155411367285803514e+01
1.131575155639758989e+01
3.215068109220150205e+01
1.452368875185325869e+01
3.476594080115358310e+00
8.724509373946609969e+00
2.948731530610815277e+00
8.180754813930236935e+01
1.988762427404081734e+01
3.365628940945278913e+01
6.943224593193771454e+01
9.496736835984533798e+01
8.199080400678531078e+01
1.669969672613241940e+01
9.716327413686907732e+01
8.175136342575697768e+01
4.297452150312779651e+01
8.041364004952612277e+00
3.472008796191520474e+01
6.827853786011660020e+01
5.426167534151553440e+01
8.645400834762082809e+01
9.543239624244121444e+01
4.155517970898062430e+01
5.231653266653273704e+01
1.028776360961968273e+01
1.526962795022404151e+01
8.002527015506926489e+01
1.244795305754389148e+01
2.013805643129768086e+01
8.697773958654120463e+01
1.051475368977768987e+01
2.876781979446784021e+01
4.601475905253649046e+01
4.100278168397392164e+01
6.980443573529538526e+01
9.943833926567727133e+01
4.126252426097857295e+01
4.830500068306950112e+01
2.019875686191530129e+00
8.658224865218308253e+01
3.423115242835235961e+01
5.248620135098032335e+01
7.840461599015826266e+01
3.247211345805533966e+01
5.816174516143920670e+01
1.549528232236396796e+01
1.076288499332778059e+01
5.121060062709747029e+01
9.989141804582967410e+00
9.822770929133787376e+01
8.329794064297726663e+01
6.440217192772585975e+01
7.078441896789713894e+01
3.964982465665383415e+01
9.385767854616243255e+01
3.558825016123897456e+01
8.803215339532219730e+01
6.760161238501427583e-01
6.935059471162611544e+01
8.121268881958295083e+01
9.000441268493435132e+01
4.221589992654977408e+01
3.684264306875773087e+01
4.651192708016805710e+01
5.737665179243467861e+00
9.424879806284373274e+01
5.647915113457817426e+01
5.405938277281663318e+00
8.446647873267036744e+01
4.382979067775708870e+01
9.567077258190727207e+01
5.700604295218239770e+01
5.497192881556404132e+01
2.617045685914192177e+01
1.328584579043141645e+01
3.609410463279472125e+00
4.133328846312878113e+01
2.230552883743214210e+01
2.101553999714316134e+01
2.468601660869153136e+01
9.765117284571692835e+01
6.984091042331610311e+01
3.672583825945095981e+01
8.297534465812013593e+01
1.385573230989265525e+01
2.280459436918242844e+01
3.504149754387453441e+01
7.399009794245692717e+01
8.485713579696771092e+01
8.237578527191392652e+01
6.808024103977207631e+01
3.792056645501018508e+00
9.757113280110051790e+01
2.308766884804103192e+00
6.722586350164739599e+01
4.936574607757972899e+01
1.338128007479643067e+01
7.462940365387127351e+00
3.039643574224966116e+01
5.510026074954151909e+01
2.013822731399202937e+01
6.788782094175947179e+01
2.537123308377345765e+01
3.465251487976745182e+01
6.834881510366052737e+01
1.743249187082718255e+00
5.566926841431227047e+01
9.106797541763745230e+00
9.491051544493622316e+00
6.656015491676666329e+01
9.328170810204017727e+00
7.261109054637705640e+01
1.700734213832743080e+01
6.738309494568224522e+01
5.315771026097332452e+01
8.595221202341201661e+01
5.429389019383206971e+01
7.891833249737864264e+01
1.508021728730643041e+01
7.659664122227076177e+01
4.757628149545840301e+01
3.681977271354654846e+01
8.278959581737836970e+01
9.786817607136396191e+01
8.450329013634529929e+01
2.832477353781193230e+01
4.142822542086786086e+01
7.489396688408601221e+01
6.651253294725667509e+00
9.447507641769379916e+01
4.930486958188870972e+01
3.904766334632480351e+01
9.544361892902706757e+01
9.036623289116963775e+00
8.086351162530921499e+01
3.866521854199054076e+01
8.940938778614270177e+01
1.650057453603314173e+01
8.736838659256892470e+01
5.942580198583669038e+00
7.161670288085603886e+01
3.579993101697910163e+01
6.951109300387375356e+01
5.728495997461815392e+01
6.419848762407579557e+01
6.364191386830352570e+01
3.796080202401716974e+01
5.231351614577692999e+01
9.312944582121951953e+01
7.121403632284659579e+01
8.949094714263057426e+01
3.640033576258209536e+01
3.616779578535865625e+01
4.367003430897138117e+01
3.138913158736134079e+00
1.266813416625094391e+01
2.690889837723673494e+01
1.275776668307503314e+01
8.520985415538768848e+01
6.870629940070024588e+01
9.718629435723109111e+01
6.539170506925651694e+01
8.961760256781036560e+01
4.238244922044300012e+01
6.105162951832843632e+00
5.068556207265171309e+01
9.182574576035273139e+01
2.955288211662221443e+01
3.417695392944280286e+01
2.842086107318235833e+01
5.598706680895093157e+00
1.444891196950387524e+01
3.068321956992298283e+01
9.341741738978954857e+01
2.834258208329201167e+01
9.251301656877215862e+01
1.634732736395456598e+01
4.232988553315769309e+01
1.804391239846746586e+01
4.517363120415804900e+01
8.409373436454831108e+01
6.353267153829166602e+01
2.984749151865295858e+01
4.132258696724192504e+01
9.407131998183452026e+01
2.976723617961364354e+01
1.825573301301096762e+01
1.667971456093592053e+01
8.027860892433260176e+01
7.859321691047040304e+01
8.658984302795306576e+01
2.930474185565194034e+01
4.740869254942137445e+01
7.797630447419199129e+01
8.403794724300448138e+01
4.490779569154663875e+01
7.367461489502815652e+01
1.380325082442275253e+01
8.166660169081112031e+01
3.712493414751828169e+01
8.593972230532774859e+01
2.350647274822967958e+01
5.020314152254123918e-01
2.483261397691052252e+01
9.546054055767343982e+01
7.038371825201363663e+01
7.542522111158341147e+01
8.538699194947439253e+01
4.489483785205251820e+01
1.000412921337120409e+01
4.892091665959059554e+01
6.486818763008638911e+00
5.988138777517026945e-01
1.652704541519877068e+01
2.650104657522443929e+01
3.092835748424704789e+01
4.257621027010448955e+01
7.733765093728894868e+00
7.448475368044034894e+01
3.346244593872084039e+01
1.134809008417295750e+01
7.020846535274746714e+01
7.707536697580081864e+01
9.041251635189937019e+01
1.722925291827305116e+01
8.950522135009818214e+01
4.903769316163361225e+01
4.368417620574246740e+01
7.952111989621735688e+01
9.660479847793085639e+01
5.378403693018861986e+01
6.957251660861405185e+01
6.969322035573472363e+01
5.312505093562908343e+01
6.657121239215400976e+01
4.433191288017614085e+01
6.500985496116837226e+01
4.519620165807000944e+01
9.385826486009483460e+01
3.606822347119862116e+01
8.143154929227172545e+01
4.263506152027390073e+01
8.919795104529507057e+01
8.088097498031983434e+01
2.698838202330458103e+01
9.542009769594747581e+01
8.563750114981266393e+01
7.406496659718075648e+01
7.413203649493443947e+01
4.877796366432773922e+00
3.145611593770980363e+01
9.130586818714063213e+01
4.343723743730760845e+01
6.349723239363446226e+01
1.524282203418930770e+01
8.133250314840911877e-01
6.238663046317549643e+00
4.731052721367547775e+01
4.668677214666805497e+01
7.763491194288802433e+01
1.077153421645262732e+01
8.607161655147712054e+01
3.475576372891332255e+01
4.331247801551565146e+01
6.197146735744715329e+01
5.320056625990331156e+01
6.662345439393613233e+00
3.480944865551010992e+01
8.533452410584465042e+01
5.479820673928107766e+01
9.408030548325099574e+01
1.425240575610465754e+01
3.666222241432197393e+01
2.541114796798355968e+01
6.167100596524964828e+01
8.746792797659182384e+01
6.178601414636912637e+01
9.213569281657338195e+01
2.382069071959517359e+01
8.453110153460229981e+01
6.504555984406380276e+01
9.565554572594891170e+00
4.195538581265930844e+01
1.706018814225973568e+00
2.043397112924555259e+01
6.320213137753240318e+01
6.983567082229049561e+01
6.364755500289575707e+00
6.705557415223523776e+01
6.059868256929537012e+01
6.817232251459348191e+00
5.763308681940365830e+01
6.039223764590963839e+01
8.304022623252568280e+01
9.765039409383027191e+01
5.151828989678210746e+01
2.813049589068262790e+01
3.744123774794297788e+01
5.615371417542939270e+01
6.876033638217793964e+01
7.135424748345459989e+01
3.450301584845259839e+01
6.624141184562168405e+01
2.602800310137943640e+01
4.196982838605366339e+01
4.242892257052077731e+00
9.228069792189849352e+01
9.740311935181753711e+01
6.022330237302570310e+01
5.494478373218930756e+01
1.625817721846262032e+01
4.543308052746758108e+01
2.251102533928491667e+01
1.612097883981771318e+01
6.011812397279103770e+00
3.362866572674570875e+01
3.107389285126472700e+01
4.201917962585532962e+01
6.185861591551522487e+00
8.482816259799785996e+01
5.653613421381676218e+00
7.393811932344452487e+01
1.706525959373042056e+01
9.139527305127074897e+01
1.454192842630275351e+01
7.960041697211907774e+01
6.358953532277718068e+01
5.015942393576449376e+01
5.986060520900606008e+01
4.177403705635004627e+01
3.474479947304857319e+01
8.627170544417094789e+01
3.747019619011453528e+01
5.296428901181133853e+01
5.867226215963097502e+01
7.099534462543198288e+01
8.592110405622402425e+01
5.355415896391002661e+01
9.811988817715365485e+01
9.106026459084937130e+00
6.545135318029741711e+01
6.689794602513573807e+01
4.571169884375064640e+01
9.464817824916704581e+01
8.761044733724487443e+00
9.141274267805582099e+01
5.039110839059769376e+01
8.986811796533127961e+01
9.386912236675203758e+01
4.284111215939302753e+01
6.169134054129916933e+01
7.275165383774414352e+01
8.906660363142178483e+01
6.703300211253082352e+01
7.029420664355269821e+01
5.269980056381822209e+01
7.704427439423427870e+01
1.510845541944150128e+01
5.873238024285417680e+01
7.714733256825867613e+01
2.331086872519166775e+01
9.309145069734118749e+01
5.208896731019407866e+01
7.987656250624920062e+01
9.023009950147931590e+01
8.284048098563612683e+00
5.564500958526541297e+01
3.055875806295332708e+01
3.068561488316503727e+01
4.859629316569047397e+00
3.988237829074748930e+01
4.368585372053019711e+01
1.356255375794477303e+01
4.967173307996161213e+01
4.637303897538355102e+01
4.771700878728800888e+01
1.967902580419331571e+01
6.208719731410628384e+00
5.222114070805660901e+01
6.103086835069395732e+01
2.829694756939598221e+01
6.298273400705878267e+00
1.135222152885497771e+01
7.368158438016825684e+00
3.714464232166528745e+01
1.812561979509641485e+00
5.865865274428215059e+01
4.895827275560014868e+01
4.298967039528852752e+01
7.096667484821374217e+01
6.414407673998428550e+01
4.092553675059711082e+01
8.897878016105066479e+01
9.015415416589384279e+01
8.819026676583105484e+01
9.193928271536866426e-01
6.371386605192551400e+01
6.981424804068130641e+01
6.964022188511171407e+01
2.017110725160270590e+01
8.312473423045815935e+01
2.111994770496063012e+01
7.493793531189353985e+01
5.203146077182066165e+01
3.738290737386010676e+01
5.171220458581210266e+01
9.035561319453833562e+00
9.683222519757691771e+01
9.606676939147446603e+01
5.551741413342909937e+01
2.421678995211795637e+00
9.634069325545962670e+01
6.606180892291362738e+01
1.912999078964735489e+01
1.257838092496033067e+00
8.431192830832078755e+01
4.956084916848196542e+01
3.670951081615850597e+01
3.787780926025548922e+01
9.025349817258141627e+01
3.168199477821319476e+01
6.868315655926188867e+01
4.992334631360563435e+01
8.246408464526473381e+01
1.080077602316592511e+01
8.095657087338901192e+01
3.674556061135147189e+01
3.696688089039070491e+01
9.670108226662664208e+01
7.003408326479109292e+01
9.556047856733979984e+01
5.669853605350714076e+01
1.169597895448433178e+01
9.932275978670942607e+01
1.467446988114996564e+01
2.577803476951097039e+01
5.384452592223464507e+01
3.546037321427941436e+01
3.537623320273636551e+01
5.822570633458751388e+01
6.898707772845340003e+01
3.770555516971083421e+01
4.320236660809071338e+01
5.125244521402553488e+01
9.211857626237309660e+01
8.988927843204848500e+01
3.155587882544293876e+01
1.416679597849067562e+01
3.454548211422957849e+01
7.175888041051751998e+01
7.831851803397360356e+01
4.937791130499940806e+01
7.164490367340302157e+01
7.779273651210901619e+01
7.570276222011911216e+01
3.394270142148780867e+00
1.599418421633349574e+01
6.205333113067481321e+01
6.852395694241327817e+01
1.864834130991067696e+01
7.763358076985626965e+00
6.684483697774413713e+01
8.595232357693510039e+01
9.600893935946174906e+01
8.028707328693025147e+01
6.241278415647084898e+01
6.661069254454959321e+01
1.916788659893816771e+01
7.107610475999570632e+00
7.147970502499374845e+01
2.591068637175940736e+01
1.036739731892905070e+01
1.306671611272563993e+01
4.839105498492995849e+01
7.015547294532272815e+01
4.411791280691519290e+01
8.971477228492931033e+01
4.096076253061931993e+01
3.185890067273658843e+01
2.070555532478281080e+01
4.037028907767255959e+01
1.352126130373419954e+01
8.090731148935660144e+01
2.892802801002655144e+01
1.802782987157518590e+01
2.664116340900805113e+01
4.776185251748592719e+01
3.318402493549974253e+01
7.944542180661299824e+01
2.582526002405587207e+01
8.582336680865203959e+01
9.736604360884470566e+01
4.783128609137840925e+01
9.095631244848050301e+01
4.090567042951109045e+01
7.513361026259130426e+01
4.804713611582634769e+01
1.752740424073950720e+01
1.895472334190246855e+01
1.480807738432653409e+01
7.228702496368660491e+01
2.115624136746620110e+01
3.802192787049307743e+00
1.040245308908314215e+01
5.502252440231182362e+01
2.284492829355135868e+01
8.557818715057071302e+01
4.978277916470644726e+01
2.777222880920560044e+01
8.535505865894215560e+01
1.030319285628356063e-01
8.232171986306036615e+01
1.653269328903726887e+01
5.464084695000989456e+01
7.419006782120138155e+01
3.934865063396470219e+01
8.744814565882889212e+01
9.987200445242850222e+00
3.290717993833650468e+01
4.481638391803855370e+00
1.426703208608334172e+01
8.666079151227556565e+00
1.491822973023199062e+01
9.010799572472481600e+01
3.386631613450009581e+01
5.327646876780580953e+01
3.729239438413807051e+01
6.699899795228570554e+01
7.867649236611288188e+01
4.798811632220956191e+00
7.111121181648533707e+01
3.529715889399316353e+01
8.815025221175508818e+01
1.504844380415628535e+01
9.223324030015497499e+01
9.308905172796146132e+01
1.075548493055096344e+01
9.917641871231559492e+01
6.718980974020044528e+01
2.492179165285705977e+01
6.853349632271996938e+01
7.401513638828866704e+01
1.316522183605817276e+01
7.095533318058996031e+01
1.886929349271060374e+00
5.008470323803182112e+01
3.223887650995836651e+01
1.620506007905467882e+01
9.795949460299104317e+01
4.966835976739858438e-01
4.910644737510283164e+01
6.899452774949364198e+01
7.262223841491686471e+01
1.057733381918390947e+00
4.419850202701061193e+01
4.646365662194599366e+01
7.790907210092761659e+01
5.004089484383102615e+01
8.467356749326394549e+01
1.242303759098558658e+01
2.484992960977181298e+01
9.076562847562603054e+01
3.991103871759449362e+01
3.825170985683614333e+01
2.388324721545054174e+01
1.164182240072556596e+01
2.252399605583956799e+01
8.573654473518922714e+01
9.591127414431072395e+01
4.496732201966887743e+01
3.587041369893727705e+01
7.828173824078936605e+01
4.093411787671824698e+01
4.168220610189288244e-01
1.361380467194432953e+01
6.034631948900914011e+01
7.435346636359709294e+01
5.779260919546180020e+01
5.245438229582067180e+00
9.308425128028638085e+01
4.647220409386358142e+01
5.136068085592165744e+01
5.012530987943078031e+01
2.958799435325494187e+01
3.456443693204003242e+00
3.183292629422697217e+01
4.765600950355641885e+01
4.788719572068007579e+01
2.521278855971208444e+01
2.512358566863348575e+00
6.527234735969325641e+01
9.607255986012098958e+01
9.996046067081330477e+01
6.346093524217278059e+01
6.847416905599834180e+00
7.925226387403605521e+00
9.528025248110761680e+00
5.706119972677483787e+01
4.187211037248952294e+01
8.764658471616027668e+01
8.176783086555592206e+01
4.201911757445246565e+01
5.314994952413696438e+01
1.036658082783175061e+01
4.179071786596676219e+01
2.959068124822768908e+01
6.876731313371075771e+01
2.886086650907027007e+01
4.924478980265028127e+01
5.949245190439085462e+01
6.994832190537815109e+01
1.812858626384513627e+01
8.454136975112358954e+00
8.689217538917514361e+00
3.436895681952562143e+01
3.253226540112251541e+01
7.512452492381393654e+01
4.119086036549298768e+01
8.872835256088340827e+01
8.619658954908041437e+01
2.495741150728338908e+01
8.186096050652903955e+01
1.650433508660357163e+01
3.768744790352683793e+01
9.103224244548006538e+01
6.361079978670126422e+01
5.807671364043450524e+01
1.930103387978824259e+01
6.437178458959779803e+00
2.139420154552592734e+01
3.199707281723273056e+01
7.414755031671707286e+01
7.787439142623723853e+01
2.801767113287843003e+01
7.691955300099570536e+01
6.908684950416945014e+01
7.867521878415813319e+01
2.212277090893460851e+01
3.731691936373251650e+01
3.113609069764958903e+01
3.798114389662783452e+01
4.150211037559358118e+01
3.056822256682091421e+01
4.160956437183972412e+01
6.115639151993011069e+01
9.324685693504537198e+01
7.173021709072941121e+01
2.950251099395234533e+01
1.150623062032352095e+00
9.869678567017705006e+01
7.431914202643953615e+01
9.600049864929178511e+01
2.033343298084378148e+01
5.559477605369648501e+01
4.751994156872985542e+00
7.339075666915385909e+01
1.970792347721208415e+01
5.784873437435789079e+00
2.422130584059206626e+01
5.681190755236631418e+00
2.793977752980002549e+01
5.329449097621002807e+01
9.384528903321746895e+01
6.077755421656944179e+01
4.859215184191639736e+01
8.830470202555358128e+01
4.359717560478841847e+01
8.299515300099608339e+01
7.786287425793408090e+01
2.288703676971011092e+01
5.952392208570329757e+01
8.646022696418795306e+01
2.589562825284374981e+00
2.190359264357821800e+01
1.295693226038208135e+00
4.187572066314274366e+01
7.136032782833201082e+00
7.739056645883437113e+01
6.282571594195719200e+01
9.762091940571549742e+01
9.427685773236271771e-01
3.623675535354414023e+01
8.159817968812731692e+00
9.279522684541758792e+01
3.092738304200253197e+01
7.974320500831515801e+01
9.268698055938440916e+01
3.767408001237628667e+01
4.428402416897744587e+01
2.426999724424948468e+01
1.834332986336223570e+01
8.133165460932245594e+01
6.726086267595317736e+01
6.814286871653483502e+01
3.730853117417176890e+01
7.418707177139540931e+01
8.337039018285386405e+00
7.126000512790616881e+01
8.237203629494547386e+01
4.187267146716317257e+01
8.577683104196543695e+01
6.890559023481263523e+01
3.730024543347669663e+01
1.937089292947283781e+01
5.218942805138976126e+01
3.563876990709226789e+01
4.822226275268459972e+01
1.761835054481120011e+01
8.360284672951587481e+01
9.745462562981150256e+01
4.546972754364907132e+01
3.871014766086019421e+01
2.141147022627598595e+00
7.867259664682557663e+00
3.662672735499960908e+01
4.322658602106510983e+00
2.358719421157030638e+01
8.889220667498530304e+01
4.374220092506121205e+01
8.840895053406767090e+01
6.984635718959641970e+00
6.349939351399330434e+01
1.221360729492422337e+01
3.670887628414106985e+01
6.409340080633722891e+01
3.273567361982658497e+01
1.431955610277836399e+01
8.190165558124097345e+01
6.039479535244927888e+01
5.487161622644679682e+01
2.752507299067053026e+01
8.607833807069876286e+01
1.768419898000863810e+01
1.925426791998651055e+01
4.260230503527950852e+00
3.415297843524189858e+00
5.054872323092367736e+01
9.729792330110350917e+01
4.835834398200543660e+01
5.805390300702296003e+00
4.370836504272933354e+01
3.873859663784888596e+01
5.169290257715730696e-01
5.459212412797472780e+01
5.355466238886816654e+01
1.772608697494409924e+01
4.651061746918175999e+01
6.426312021920728057e+01
2.326892231303463632e+01
2.740381852803415086e+01
9.831161642916462995e+01
2.117632145122133736e+01
6.614855991502001586e+01
2.508831700707089141e+01
2.150580713688500367e+01
2.545536534041418264e+01
4.519223405239286251e+01
8.892389778375298093e+00
7.078675378570852672e+01
3.183409591208598144e+01
2.606097960265787350e+01
8.070073720970646036e+01
3.711945439094297683e+01
1.533405300535937243e+01
6.216345316899057849e+01
9.392009657794208977e+01
2.847360255126784168e+01
4.402146186197833089e+01
6.376478929837436915e+00
1.703302852261669997e+01
6.436928702125000257e+01
3.332102785120898147e+01
2.266108622559881436e+00
7.955669307050207806e+01
5.254559237440784614e+01
8.087934879948744538e+01
3.033179075091112509e+01
6.436921121307673843e+01
3.101066505731554557e+01
5.199964357874862486e+01
2.051326329592023612e+01
1.713001683968662370e+00
8.996278965362199642e+01
5.326902617251219851e+01
4.837524188509569711e+01
1.442482130113302929e+01
7.554374423082575163e+01
9.556017076997018478e+01
9.193290209852645489e+01
2.529016312899976526e+01
4.645128345147773530e+01
8.053690237266401653e+01
9.626856821362260064e+01
8.856603613970672484e+01
7.157142885805228616e+01
3.528235667111931662e+01
4.645123974844060655e+01
7.159060136587493162e+01
6.825249605583221069e+01
2.234879722383291778e+01
2.288953230972976627e+01
2.817182525847057306e+01
9.470283419910946066e+01
9.982971910589064635e+01
8.095108704687019952e+01
2.862293447153658832e+01
5.782429451257743125e+01
3.243781461292175550e+01
8.708190153690759416e+01
4.915236840095348470e+01
5.942610297330089963e+01
7.382393796226864424e+01
9.490715438849611019e+01
5.106264705394957915e+00
6.014931815550795591e+01
1.967251814809304378e+01
8.660354521574518571e+01
1.769717367312798473e+01
1.796194311769415819e+01
1.005160281444945625e+01
1.003868235152739530e+01
3.500036523182112802e+01
6.320768521891221070e+01
7.656499913468151064e+00
8.194641910375352722e+01
1.643617459597756891e+01
4.428084510179353117e+01
3.586692614063355933e+01
2.412812913052795238e+01
6.930961135880536972e+01
4.234278345344171157e+01
8.753289523772716052e+01
7.532494020871901341e+01
3.198140736072959811e+01
9.762981944355114194e+01
3.114130341515562961e+01
6.790077674160384902e+01
3.993891044675956437e+01
9.598945796911397110e+01
8.599373612023843805e+01
9.982096321654109872e+00
6.692297677468789630e+01
2.450177530706291051e+01
3.201855702421003969e+01
5.513971724151953424e+01
4.769016546800144596e+01
8.045881180579422676e+01
1.664256772863487299e+01
2.741099590555475629e+01
5.732753702308816912e+01
2.671262908491002364e+01
3.342306624743515897e+01
6.008886920932259557e+01
7.978261944219717350e+01
1.006459147687306377e+01
4.701678197257164271e+01
6.383670651519670969e+01
5.164940708454217599e+01
2.231742714419028317e+01
3.010794945414093604e+01
6.809564751446411890e+01
7.595558994634311034e+01
4.639175079849334082e+00
5.637548659390363071e+01
9.066015060174561313e+01
1.091802268482643434e+01
4.054503885690129295e+01
5.480956567049663875e+01
4.693326875571553103e+01
2.481558053826500299e+01
2.008890456361800503e+01
9.502438593070127837e+00
7.352441439331383322e+01
8.695734097209795266e+01
5.560290447139266945e+01
2.992373382802881920e+01
2.465230534930566009e+01
6.924117595692180771e+01
8.355736054925290546e+01
1.106340644717640487e+01
6.115166259053200548e+01
1.441708845142339968e+01
9.742159372405311046e+01
6.603883516517274188e+01
5.256787461647152071e+01
2.456556698511498382e+01
8.262260945425499870e+01
7.086493999344826022e+01
1.692586202565404818e+00
9.362056435581467895e+01
9.979557856141863681e+01
5.322741704937097040e+01
1.868755331346947202e+01
9.500157266013680157e+01
2.943351615640926866e+01
6.845830950184203800e+01
3.573821775894803210e+01
8.555286282702029155e+01
5.569103496990192070e+01
3.243835495620204057e+01
3.284027237763618956e+01
2.938956339998058809e+01
6.028991216365221817e+01
6.981851279625523432e+01
4.755968432163773940e+01
5.732539504015359455e+01
3.600424922099203684e+01
5.352865109845528480e+01
9.101057150967818643e+01
5.764238594351558476e+01
6.622011233215094705e+01
1.209142173804487186e+01
4.316752896085392877e+01
1.879364058095557155e+01
8.278997314462428392e+01
3.443155587903010684e+01
4.530759324001244437e+01
6.769919108781327566e+01
6.720932247573988150e+01
4.434331730986299647e+01
8.031701673696334254e+00
3.116989090648427663e+01
9.843102777012154547e+01
1.572245805988636835e+00
4.127883433902801436e+00
3.433776167113234123e+01
1.731392346411506722e+01
1.705833420453422988e+01
7.424716949015605394e+01
3.332925904605354983e+00
7.788282076070697713e+01
4.762856532187043967e+01
8.654854534883465078e+01
7.921672155502280077e+01
8.027516210314236389e+01
9.618304256229038174e+01
7.892881894364921891e+01
3.789173863028799616e+01
5.203711606642549015e+01
1.675845668221199602e+01
7.025823561614201651e+01
6.366843764723901700e+01
5.869659436568132094e+01
6.327889271977606001e+01
7.013421808541524172e+01
3.481529687039949295e+01
7.850734180440748844e+01
5.130249363906260385e+01
4.125242488925735529e+01
8.810451479132498775e+01
2.351843439623482368e+01
8.187790844907456744e+01
3.589320667483028160e+01
4.874748942441032185e+00
4.231102295374073208e+01
8.024527115912405861e+00
2.797989100918452099e+00
9.837475198892509098e+00
4.864731994938268400e+01
8.442635473210852126e+01
5.974357088805899707e+01
1.881186643197032637e+01
8.100426972255706914e+01
2.970419528499614970e+01
2.663621116824592860e+01
9.726153827244553440e+01
5.756037906108152669e+01
3.722468227817903141e+01
2.319218611796847185e-01
3.122537705207202308e+01
8.710176531859022475e+01
5.931790490234561020e+01
1.712096813081905822e+01
4.954377664875087461e+00
2.912444239531968293e+01
4.908161695963678994e+01
3.792190438191128976e+01
6.757586392422541621e+01
3.866400512333007811e+01
2.289595788604295024e+01
3.964989537421540433e+01
5.887919065867198043e+00
2.404603915278813453e+00
4.518199445129135228e+01
6.391000481875725825e+01
2.971560384777538477e+00
8.900302501582852699e+01
2.094739136988536998e+01
1.664183618490962147e+01
5.713887644123105680e+00
9.070633863144283282e+01
4.708410505426089543e+01
3.093896185338402915e+01
2.235898697860020334e+01
7.206109172486085868e+01
8.027622568868263642e+00
3.972355252066758169e+01
2.509482170506878163e+01
1.832495956982775809e+01
8.314532980883438995e+01
5.988343495922784143e+01
9.320639701917954767e+01
5.720918392278653641e+01
3.708231558842535236e+01
2.292566020333557475e+01
8.741225946277147330e+01
3.692052175854014706e+01
4.482000477045067655e+00
8.690562945345020296e+01
2.354110130488340502e+00
2.955018039811840858e+00
7.028203808656208196e+00
4.889412690727809974e+01
8.552137109349064303e+01
5.198322231267464844e+01
8.895335723193484512e+01
7.861040841982114102e+01
5.672157531577425971e+00
3.310536587302586042e+01
5.384125380793567217e+01
5.167148379059702989e+01
6.270532091981008449e+01
3.053082444140057206e+01
3.553679396972167126e+01
8.202753051697249020e+01
8.364170964004728148e+01
9.871211066904798770e+01
2.013123097925306837e+01
6.874816448955407111e+01
4.027474486131914233e+01
8.052902646307276768e+01
7.855815839088842623e+00
7.436611069802674479e+01
1.653148293080113262e+01
7.133660592679298418e+01
8.026880407622601865e+01
2.165898309708018843e+01
5.756292473936065335e+01
2.497639418178863124e+01
3.572644683858116821e+01
9.867204291678147854e+01
3.431763011482983217e+01
5.236634768257555095e+01
2.593689458700324479e+01
7.353424290414267261e+01
4.777747859618153115e+01
2.046900560069126840e+01
2.425456964876750021e+01
5.913435548526272356e+01
7.759550753537990886e+01
4.292486748822143028e+01
5.405604322416134266e+01
2.363569758234759277e+01
8.694409036503631683e+01
7.870160559840657299e+01
5.357922686647408028e+01
8.657832120171659085e+01
7.328286496224424695e+01
9.500186893345224348e+01
9.364140890557081320e+00
1.133287679999639508e+01
5.213583688773862690e+01
8.505070084926209972e+01
4.007495744557032680e+01
9.973842348988210915e+01
3.574144147099988800e+01
4.265062487914031664e+01
3.234783443126099201e+01
7.802550226253906374e+01
3.131206800077800523e+01
7.633558298012806631e+01
9.746664817437239492e+01
3.865552223486701244e+00
3.423799486812549731e+01
6.718855870701683841e+01
2.858180156089629165e-01
4.198689878676427156e+01
2.483461393619801427e+01
1.283567031241549294e+01
9.360500266979852313e+01
9.459261805413943236e+00
5.718255366788257277e+01
1.700196626602764738e+01
6.934507279171652883e+00
5.354941937031780697e+01
2.766736519055739052e+01
5.876653530153491545e+01
7.050973527657733086e+01
5.534586582400089583e+01
1.674346433156313907e+01
3.389850741982750293e+01
5.703933767292095069e+01
7.867315932585658800e+01
9.690602109600104086e+01
1.890999471960785883e+00
7.075396299120093602e+01
2.351916441112082978e+01
8.177720075541915890e+01
2.614872099296422547e+01
8.138526150287184180e+01
9.902881417702235467e+01
4.910335084452076870e+01
9.436237706912919521e+00
9.850850295305274074e+01
8.003270812566721304e+01
5.303866100662764893e+01
3.733385430617652645e+01
2.646753439415093823e+01
3.069704578035642584e+01
5.544884557903585431e+01
8.570934511144423951e+00
5.593214011935424423e+01
1.787297873963529327e+01
3.867564829348133770e+01
2.605790249311096218e+01
4.503765298570598929e+01
1.076674199256244435e+01
9.362750205961248184e+01
5.962090421668992946e+01
7.320432073262888650e+01
7.598131872903715589e+01
4.981241806106372394e+01
2.075845672962636357e+01
6.835921615308226507e+00
2.692395057058503127e+01
9.217355615055866735e+01
1.790049348020352937e+01
7.897901826622364752e+01
6.217799943861274414e+01
4.885446642605283074e+01
8.118922707967324470e+01
1.674817103084827963e+01
5.679259661859974528e+01
5.937799854049252701e+01
8.092920692640944935e+01
7.868475010597903463e+01
4.475821912147397086e+01
6.625720296625536321e+01
7.089756487576902089e+01
1.192411419731457300e+01
4.829641462217620784e+01
6.526251174503110519e+01
3.841027299516145632e+01
5.927988749620413245e+01
7.393651217311814605e+01
2.110458141849773739e+01
5.587689173906104401e+01
4.372876419892480726e+01
7.496308139701400819e+01
6.620312124488056327e+01
6.277509528012568296e+01
7.710457486747569078e+01
8.520070118025223849e+00
1.027573611381719054e+01
5.387301322275903459e+01
4.980805054470726745e+00
5.802528123545067729e+01
5.237527965716290623e+01
9.270483825662923039e+01
1.432715291666084667e+01
4.833354882560456645e+01
6.446208857398983127e+01
7.544005155122523831e+01
7.707105144847065503e+01
9.210075802161196634e+01
7.840181459425778598e+01
2.549265061192512860e+01
7.009815303209508386e+01
8.633276964079198024e+01
4.881563227231928437e+01
8.485637680502647129e+01
4.516557099924413876e+01
9.717502167370311383e+01
9.688660394638438333e+01
4.513114653844966284e+01
4.501619975039881894e+01
8.765783148128134883e+01
2.927193191504945347e+01
8.190052147074928257e+01
6.579489195168166304e+01
4.208726569730683309e+01
9.010653111071744092e+01
1.213734625519833443e+01
6.734388214605363032e+01
2.923479759207562267e+01
5.539777694818391041e+01
2.938535021483288290e+01
3.958737899481719325e+01
5.895160091103047506e+01
1.844142851608165934e+00
5.532282390609096012e+01
5.172453186014860194e+01
8.407663932748316427e+01
1.084934036991420570e+01
7.896094939564643767e+01
4.865736108532472315e+01
3.648235628526711594e+01
6.182971876525722621e+01
3.601001364859750709e+01
4.404205201423221183e+01
7.387801337015808656e+01
1.719101271465194358e+01
7.702619925508659549e+01
8.675856511988502007e+01
8.923032353411528561e+01
7.917442299337800193e+01
7.710818524837215193e+01
9.252319559505633606e+01
1.083972317606440861e+00
4.142613889456979592e+01
9.170060854206296241e+00
7.673851183712078239e+01
9.209684491345555557e+01
9.516852190356176777e+01
7.107645980400204166e+01
4.462691638816229656e+00
7.066523787297631998e+01
5.655737657917263306e+01
2.910715123574063767e+01
6.859983709364927051e+01
2.071052057546951630e+01
5.499485214025998658e+01
2.881949407252649564e+01
1.502038392900295616e+00
6.139081629643206028e+00
4.627591397509966953e+01
4.761900820297080372e+01
1.876792255260501108e+01
4.399909727248408586e+01
1.620197302335311207e+01
5.187791186520229303e+00
2.030686831315999896e+01
8.345616673167299382e+00
9.620606706495055960e+01
8.792396589145869257e+01
9.054688667368540678e+01
6.191195349760416633e+01
9.312807285940861846e+01
8.707003222878114457e+01
5.518277218572187337e+00
9.711441223030861636e+01
1.266291202084291001e+01
1.306903615121436424e+01
5.917232158394236663e+00
7.215552910899014627e+00
4.726521034802010490e+01
3.851613717394014458e+01
5.347755248554386753e+01
3.948825440496121075e+01
6.757981552383594703e+01
1.792791023605100342e+00
3.584369865160172708e+01
6.276835883814078443e+01
7.327045074542122904e+01
4.830433291243016924e+01
4.425065830872249251e+01
3.881652654684666004e+01
7.290294806529600180e+01
1.653838136389806834e+01
6.298049952783054550e+01
2.482316080599837704e+01
8.003564471472273567e+01
9.841461110036956939e+01
3.458736390799188598e-01
2.200950409688506859e+00
8.270691872768065167e+00
3.642844812996391823e+01
1.484921840839510310e+01
4.536207875667432887e+01
8.033883698404363827e+01
7.424740227816013771e+01
5.298647451826692389e+01
2.809541343764588817e+01
9.617173462488017321e+01
1.914002288169388422e+01
7.375447454135235148e+01
2.501258199812598093e+01
2.482907126440093748e+01
3.215500821541972254e+00
5.838160103055289873e+00
5.846093804500252133e+01
9.884114896343055534e+01
7.542951532463477804e+01
3.604419967322257889e+01
2.131243935604425488e+01
3.695046027826188606e+01
5.195153872543367690e+00
2.114902863668444155e+00
3.440408795447791590e+01
2.872102932981224210e+00
6.099511482331298851e+01
9.364166966600492970e+01
6.621192918685686379e+01
1.420083607261475223e+01
2.524809967184088322e+01
2.635683785153030101e+01
2.583703263658232441e+00
3.094019069902029884e+01
9.709821371539561596e+01
5.076640251131586723e+01
4.635556604417239157e+01
2.319069984560072584e+01
2.520931737517316762e+01
4.837299627630689969e+01
4.488792591822846845e+01
4.883282941727745907e+01
5.763654142867269314e+01
9.794713843642867346e+01
5.245179247219707008e+01
8.734793983421779728e+01
9.772665480498584145e+01
4.180258022335549128e+01
9.905169746801657027e+01
8.743316591675312566e+01
1.382723148804183566e+01
9.537886457871046275e+01
7.016494496241571710e+01
4.203533530363715442e+01
8.672950935675510209e+01
5.876885876687583021e+01
1.395950648173829300e+01
9.864994811206337033e+01
1.118438903520142524e+01
5.068746188316121248e+01
4.900783051404346224e+01
5.578343183802363114e+01
2.835153781823521868e+01
3.531161467021113509e+01
7.072281199221477266e+01
3.519916501528867059e+01
4.124370780459977226e+01
6.831781446297038940e+01
8.830571680942334467e+00
2.447219500254558255e+01
3.777743621751628922e+01
2.196514937378741905e+01
7.609602528386039921e+01
3.339292332915290018e+01
5.662135052772136845e+01
2.130111612447656100e+01
7.597470675185647337e+01
4.270772450208147575e+01
6.879487204765976571e+01
1.728373069702654519e+01
3.050788395656112328e+01
2.576727210830221892e+01
1.346386360669919924e+01
8.473779613130318467e+01
3.501506667533775641e+01
4.302388140442636733e+00
1.582485075883661807e+01
5.122686529487996410e+00
8.593092023884419461e+01
3.424668665425893010e+01
5.844447623025017435e+01
7.739692037139556646e+01
2.776075301850089438e+00
8.419079310090505430e+01
7.374107634213939377e+01
4.104543658970089837e+01
2.179426778844276669e+01
7.395253168469412230e+01
5.430554845319682045e+01
9.144690175948764477e+01
3.368541727886956494e+01
5.445492045035085482e+01
1.183026460238041366e+01
1.415503466968792701e+01
1.135503658918719516e+01
3.026746850697319502e+01
2.551615981387034182e+01
4.285906874737068506e+01
8.828185710742432946e+01
7.196160780226674092e+01
5.498381347269160102e+01
5.890814907537759382e+01
2.549159209572090390e+01
9.221763725510470522e+01
4.072026582927984606e+01
6.070709525408602758e+01
8.561636363714629283e+01
4.344547088633976273e+01
5.500241647098498277e+01
7.859608310216745508e+01
5.353117988363040070e+01
3.833324183063899682e+01
3.236339769060109006e+01
2.821239745752756178e+01
8.693394101330792978e+01
5.708186243074098343e+01
8.851607482729053800e+01
7.707528259458607423e+00
8.343738435366660156e+01
1.467489623972718604e+01
5.760512891293170412e+01
6.612751014252074810e+01
5.388640637676408573e+01
9.283481681477635306e+00
2.131901806775687902e+01
8.289080586126868866e+01
8.587311196256301571e+01
3.330251714745530478e+01
9.138027496101160807e+01
7.382945484131272451e+01
5.204301867834318074e+01
2.685466849493563046e+01
7.388092161133067748e+01
5.687135691201283549e+01
7.132934383411489421e+01
9.683450266655566452e+01
9.572396534388360578e+01
9.161300614038972867e+01
8.937987602903838535e+01
7.867373940198235971e+01
8.962734464039866111e+01
5.838307487999541934e+01
8.849003544797059817e+01
7.962498164736668116e+01
8.113137414366592282e+01
9.054063507132403288e+01
7.042114195000691268e+01
3.495131457018296750e+00
6.537407105421040399e+01
4.711744721598783769e+01
2.404737714226464718e+01
9.625761717472933299e+01
4.754625874306785960e+01
1.093951930998412436e+01
2.922113113076161284e+01
4.275424592746707475e+01
5.299150877649119451e+01
4.320287044777306562e+01
3.342068403919937936e+01
2.530083514838462477e+01
6.952565546457950063e+01
9.072011517021572047e+00
5.532208120247117833e+00
5.174493414172000882e+01
3.381311021683076490e+01
2.762861234374581798e+01
8.590104573184476067e+00
9.714789838152188395e+01
4.299450225163814920e+00
6.413013890458731225e+01
1.747965762803381651e+01
5.325192144366862834e+01
7.206364243748349452e+01
3.558733453165886829e+01
3.993590748642150690e+00
1.092314644509005994e+01
5.819736113254154475e+01
5.276989120987965975e+01
6.748044944980287596e+01
5.837142748507979917e+01
2.834015949065947737e+01
5.772235647784039969e+01
6.068094342502144656e+01
4.906799493868738438e+01
8.988694173933618004e+01
9.479027543934741118e+01
3.742096784276029098e+01
3.649944141398265884e+01
3.868042292811924199e+01
2.257234772635707820e+00
7.184389837352725294e+01
1.010107490787881446e+01
3.176321883157235959e+01
2.284671902433445112e+01
1.894307158389148071e+01
8.107616518989956944e+01
1.964727708579164656e+01
8.439438906254606820e+01
6.471761413357123160e+01
7.718972377125324158e+01
1.242635390523698646e+01
4.912170904291792795e+01
2.882672090968906176e+01
2.049917475722040550e+01
5.604484121992991952e+00
1.608498548116883597e+01
5.854091400364147546e+00
7.241496145154091124e+00
2.809467536179083424e+01
7.421024910950579567e+01
5.947452653917738274e+01
5.309600471985801562e+01
1.472176021824855852e+01
1.585619501964896649e+01
8.615452432761205159e+01
5.053534147302472945e+01
5.220785247276909757e+01
2.586124742330397908e+01
4.538766111236094503e+01
3.474942808382012061e+01
4.630847699123589223e+01
8.797787493621491706e+01
3.595730937640099967e+01
7.939134398828177552e+01
6.781594228569595373e+01
6.259176254814058638e+01
3.567214893451128432e+01
2.339444525406351261e+01
7.818659166152038154e+01
4.567166694896712897e+01
1.185823272236016201e+01
1.851711132930109471e+01
1.985349556818805095e+00
7.155279309575398372e+01
1.987979163294559726e+01
6.021015232301035525e+01
1.998507284176529453e+01
8.755101522652709889e+01
3.247042697820769774e+01
3.996422084994850366e+01
6.013279835316453870e+01
6.246286781750674777e+01
5.059735398577325327e+01
6.866492644199581719e+01
2.265948875375348592e+01
8.753878468019759396e+01
1.376779419977485119e+01
5.477530176093345915e+01
1.330720875815742943e+01
4.370288389770769300e+01
4.405268339406364930e+01
8.520300191825458569e+01
5.009885158234897062e+01
5.367104017916026493e+01
7.091416305648996854e+01
4.768530398065992415e+01
2.646877408081486038e+01
4.051702230253367532e+01
9.366049848746187934e+01
8.471782439553032873e+01
7.770266670325590042e+01
4.633127753916595992e+01
4.003031847641111085e+01
2.098321923756171259e+01
8.325011060560909470e+01
5.562085488420539292e+01
5.849340307464142796e+01
5.338307636838980130e+01
4.224807790783651029e+01
4.836247446153771534e+01
1.175130118794419687e+01
7.405736857068669110e+01
7.398943896280374410e+00
1.113600426624132922e+01
2.720549083510848121e+00
2.265497395751787479e+01
1.647179630631050529e+01
2.504309428263206172e+01
4.903991403397414217e+01
1.097663812146078044e+01
2.609817851633123809e+01
3.686271157216656036e+01
9.339805267296052982e-01
6.896266631814530967e+01
8.198381746234922218e+01
8.507496683530575865e+01
6.306076766040005310e+01
7.581550497511896936e+01
3.725771355479534641e+00
1.206418255860111088e+01
8.292646442247674088e+01
3.933554108425222040e+01
2.847546794066240139e+01
2.235637694474521453e+01
8.026994223652575045e+01
2.137902083945981602e+01
8.937049040581879922e+01
7.360285663365074527e+01
3.942757473335309726e+01
8.030640632884042418e+01
7.155866251283246982e+01
2.380040319582323960e+01
5.387058188031706152e+01
2.724776400247456110e+01
6.098239528587103564e+01
4.838017574362846318e+01
8.179563278398394743e+01
7.357189960965968112e+01
1.358304873569192672e+01
7.131544276691307971e+01
9.792051141216910537e+01
1.493746772989937810e+01
3.050189509636973639e+01
5.270495775097649727e+01
2.636632294656784481e+01
5.741734201789155634e+01
9.128421173233020625e+01
8.089430060799973177e+00
6.021485763996000884e+01
3.929911153707303839e+01
3.899970925649635234e+01
2.217705026965480641e+01
2.140222779452123447e+01
1.764097405054961953e+01
2.714202457917904709e+01
6.283638705055579976e+01
6.283181510654122093e+01
1.688185246138628059e+01
1.006619027959219181e+01
4.928523520815672043e+01
3.395216701818359883e+00
5.122204268437769770e+01
8.424236546450595142e+01
7.938815858566174199e+01
5.626806880857089510e+01
2.549029355903186200e+01
8.191852824911100583e+01
2.899597619425445671e+01
4.099523212802957772e+01
6.659516746260771924e+01
1.517715864561108852e+01
7.310067914038498316e+00
7.621600995905818365e+01
7.415896834793673520e+01
7.537108834530071988e+01
3.161542371891773584e+01
9.360595544837924109e+00
9.871790773587643741e+01
3.338728498909998876e+01
7.173150606277933150e+01
8.677496275182110708e+01
8.706508403263319451e+01
3.482315172515158253e+01
6.012640683989911849e+01
1.266551745370537674e+01
1.700593627962253507e+01
3.304468703563406962e+01
6.807363320309229948e+01
5.357228471245433354e+01
6.055978199669913664e+01
3.448760306372273732e+01
8.413846807451420773e+01
9.997962055725436414e+01
5.108306044118599942e+01
9.945396419138862143e+01
8.317432478733145729e+01
1.123531755504566476e+01
5.643426837034824928e+01
4.859332126204363078e+01
4.954244024459600837e+01
5.475378955454469576e+01
5.806599032206806044e+01
6.804524003093526119e+01
6.741423303135465517e+01
5.960644290031478221e+01
2.094850023879705248e+01
4.238344315655206174e+01
4.890723331446800159e-01
4.713787622720055026e+01
9.590938003577342386e+01
3.721444336707556744e+01
3.999596449393871822e+00
5.387584569891212993e+01
1.016455614441287381e+01
3.808909522418325366e+01
9.398179946402845530e+01
9.906584594426890078e+01
5.675924635734054391e+01
3.452265366715948858e+01
8.804108913253860180e+01
7.508290957901785134e+01
1.819899201972858904e+01
1.182463260593402765e+01
1.265641735286142655e+01
5.588204949210569339e+01
9.773513391655251326e+01
6.764271838198034459e+01
2.105590511383447350e+01
5.295000464738743773e+01
7.875995904027159611e+01
4.498614623882122032e+01
7.925334586975310458e+01
8.172845222381964092e+00
7.806443192127848363e+01
5.306344726122653555e+01
2.130347192660886435e+01
2.743506267274554844e+01
1.965033670893755513e+01
2.720028610130312785e+01
2.347246581421532596e+01
9.414135082645546504e+01
9.147442501874006382e+01
4.452260209908065036e+00
9.153849730752440905e+01
9.369409006697495101e+01
7.652178603217352659e+00
8.714783413395808509e+01
8.379887188086235028e+01
5.325551021944365715e+01
2.187548151705428623e+01
3.541449365393947346e+01
3.106818527275534336e+01
9.685411021816504729e+01
7.295318710538963103e+01
4.313671982405151795e+01
8.763501607675060256e+01
2.627527902451130970e+01
2.221304657576971309e+01
4.556236647956283292e+01
7.271807931570675976e+01
2.965255931350019303e+00
8.092353284695994375e+01
3.176281606772490917e+01
1.615080184846274847e+01
3.615952161990452396e+01
5.138870186922470396e+01
2.355398718798796764e+01
1.826745537345290060e+01
8.772061626557420766e+01
7.204400290655938477e+01
1.954854158399496100e+01
6.415583950975312177e+01
8.867569590983126204e+01
8.563837145746504120e+01
4.552026165088709320e+01
4.072150934960352231e+01
6.839967240914242552e+01
7.965520812029602382e+00
7.703790047121876228e+01
3.227857139311785062e+01
5.986974008156494875e+01
5.170343622243245285e+00
2.715894458117732313e+01
8.824834092040633493e+01
7.143321105149441053e+01
3.581418564888303280e+01
9.160040013253417612e+01
5.632042863235611208e+01
3.708300162267899225e+01
3.148044236458300560e+01
4.817668113892297299e+01
5.553555405058605743e+01
7.289392497161898632e+01
5.689290679992188160e+01
4.612942466868739189e+01
8.205599030032260544e+01
1.035616251711618574e+01
8.233481595270582432e+01
8.786234246538400328e+01
4.228380251129182810e+00
1.901413307748986981e+01
9.675278290975786888e+01
8.073239190451340619e+01
3.940260465088260844e+01
2.626313193831897408e+01
8.996311546292092487e+01
9.937260365083234603e+01
7.913428727731986356e+00
7.348935189490238429e+01
2.998046655851429421e+01
7.691651079452522310e+01
8.720463899612150271e+01
2.652670866050110821e+00
6.243681302240412379e+01
5.543289118739970434e+01
1.987844211137102945e+01
8.591726447587629423e+01
1.745343973249404712e+01
7.819019947476385823e+01
1.984272219938293347e+01
1.684267435829545079e+01
2.292756688039424517e+01
5.731021084718902614e+01
3.876963882530409933e+01
6.969665437333830482e+01
6.286964613928503809e+01
9.275496378636425732e+01
4.694674243033714056e-01
6.478734161468888431e+01
9.853226025608282157e+01
6.409873748402583260e+01
5.887434080589887486e+01
2.599893199892067130e-01
4.293768025378230391e+01
3.177700529545264274e+01
9.423786191401835310e+01
2.913143534040394300e+01
5.814149609684431397e+01
7.614972270670311616e+01
6.913494172422464601e+01
3.691419931599272530e+01
4.974913647648509141e+01
7.756990918239912958e+01
2.679963860910547879e+01
9.826231791139304050e+01
4.372257098011937870e+01
8.263997688375242490e+01
4.701516418505467243e+01
3.724914075943394920e+01
2.292207409332950263e+01
8.924700022795356347e+01
5.405358160394625600e+01
3.098576473119673125e+01
3.659626861980005685e+01
7.922769280794969404e+01
5.086637354733102967e+00
1.929109858413641376e+01
9.397619286668989602e+00
3.119133324916637662e+01
2.634265602432106590e+01
8.701621153261639563e+01
9.086607744138574105e+01
2.096927905518619628e+00
6.414946933967491383e-01
6.383829568254972031e+01
4.764111307334406575e+00
4.973692598509688878e+01
7.462667797046181306e+01
1.613738813685706575e+01
4.301548549070189864e+01
3.529325010384116723e+01
5.287972665237629144e+01
5.589879172031164245e+00
6.571918530770165034e+01
5.953063114920276178e-01
5.195691151010750630e+00
9.121628553758075952e+01
9.106500343214096915e+01
8.264058735632386288e+01
9.797274513968223175e+01
8.873148143998571413e+01
7.142573083654548327e+01
8.058310473383518513e+01
6.660084763801410190e+01
5.742555222505168189e+01
1.784443537004826297e+01
4.349251400352016361e+01
1.155286860632195278e+01
3.472180967653002170e+01
5.956333319592830122e+01
6.534541616249219942e+01
4.704296141047936430e+01
7.064939055504973453e+01
3.025346044079898533e+01
5.351342374335334995e+01
2.936248023794732021e+01
7.356765101080920033e+01
3.574943285900250345e+01
9.572598425326206950e+01
8.500148052900127027e+01
6.130564260957329736e+01
1.065536862659566264e+00
5.980458222982917249e+01
8.392856985875238252e+01
1.773030424010941886e+01
2.545791994083192833e+01
4.021791624394310816e+01
4.426061884868259000e+01
2.299396642558355808e+01
7.683519173991493290e+01
7.786192136275460030e+00
2.701977374854271829e+01
3.108277829731521535e+01
5.080360433102478623e+01
5.437402785074728939e+01
9.367606235447290430e+00
7.139319727963449225e+01
7.502729369228239875e+01
3.882958482235011388e+01
6.174748229637449626e+00
5.867179391467944782e+01
6.621671026279669547e+01
4.090672788523435344e+01
5.261783695111321890e+01
6.905831066266299167e-01
6.586000185649281491e+01
3.766054414729585176e+01
1.037683491666874147e+01
8.635802406469528236e+00
2.382466882317664414e+01
4.236464046224991620e+01
3.983791606364780336e+01
4.528828326103818824e+01
5.501625823407407800e-01
5.135026944444608432e+01
9.823465702602061356e+01
8.668530173379103587e+01
8.809642171955763956e+01
3.061958620108895701e+01
3.519155370835647290e+01
9.363512570423349501e+00
1.210962751731950959e+01
2.311935340094382241e+01
7.363219705710267249e+01
7.405685146471773805e+01
7.872981487131977474e+01
5.562159896958659289e+01
4.334936751830829138e+01
3.460432965834869812e+00
4.390737858190774112e+00
7.355991687296545933e+01
8.047055109974996867e+01
5.217574176084398374e+01
1.107074384554580604e+01
3.759016781623903114e+01
8.971337112595486474e+01
3.754010361677839747e+00
6.146357673431279700e+00
9.621215447137466015e+00
4.009781457298290519e+01
3.350925593044917772e+00
6.118926268530302792e+01
5.134043182585504894e+01
6.412686923509677683e+01
5.506097074724505092e+01
5.663469993536230263e+00
7.215433436604624262e+01
5.230086124762751609e+01
2.107669743389242001e+01
1.739385801621562422e+01
2.959488454584666783e+01
3.527695542620732283e+01
7.809852167343278495e+01
7.081604846132091780e+01
6.392397643562636489e+01
9.236946349092814046e+01
2.181382152966051535e+01
7.580011564481547737e+01
1.240426126478129021e+01
6.107784564485479706e+01
8.059090946973360303e+01
6.793654967334742878e+01
9.054416084831800049e+01
8.540963484467297917e+01
2.199329643061183148e+01
3.784930856316082171e+00
1.544003165895856355e+01
9.362228888120878878e+01
2.713569283395652576e+01
2.565347751204474136e+01
7.689029003691251773e+01
6.448217037729243373e+01
9.810552190585164922e+00
7.520794710613408540e+01
7.263981631590353061e+01
8.761460474370574403e+00
7.996337230850663502e+01
3.010309189485223058e+01
2.202527367734837682e+01
2.882509390878380628e+01
6.563403062226615248e+01
4.512803533974805958e+01
5.531263285005793051e+01
2.787818623581796018e+01
2.270145225808474265e+01
3.623038118195331947e+00
5.908714918655204684e+01
8.996293046613143929e+01
2.870771935330175140e+01
4.191358776586265833e+01
6.812902567718781555e+00
4.722788795387944560e+01
4.615581118175803255e+01
8.536407078533992276e+00
4.371652701091974791e+01
9.631540056442304376e+01
1.606952616123052024e+01
2.105766644188211689e+00
3.710796129485432004e+01
8.065784920077409481e+01
9.452277954519279035e+01
4.862815559695324907e+01
7.744555082388268374e+01
5.199205958199760857e+01
4.999998421101872026e+01
6.652539339753718650e+01
5.056038496913910762e+01
7.226094165273525505e+01
1.826708812511335100e+00
6.658014927341521627e+01
1.695360361838842422e+01
7.156116898268174964e+01
5.104235650217896136e+01
5.991868963376556678e+01
9.826837192911960983e+01
5.958199932630962081e+01
5.163318587034794405e+01
3.110779060075434899e+01
8.313220752461478469e+01
3.935339922821681569e+01
7.256733758712651650e+01
7.586067573077586701e+01
8.882752181515495948e+00
8.728511286813962045e+01
1.512855701991598956e+01
7.088306994441036579e+01
4.361882342021984016e+01
4.833029466919064276e+01
3.922628875854401542e+01
7.771623270660434457e+01
5.760910880557107561e+01
3.777013054813858872e+01
4.861191082431805199e+01
5.899541685442948591e+01
6.013375903992668192e+00
5.893291084140797409e+01
8.708264335973451864e+01
6.881827403547939070e+01
5.633460634564110592e+01
6.564119575690008368e+00
4.276641308337379854e+01
8.915453236913509727e+01
8.886611056763878480e+01
7.102043059203508335e+01
2.183718990377428071e+01
6.459664570764353186e+01
9.016687478641038922e+00
8.092948807926913446e+01
5.250548996724980810e+01
4.046111622811987552e-01
7.025811436607123994e+01
1.128103949388423644e+01
4.385155826870820306e+01
7.254086830265390518e+01
1.898690811882799423e+01
6.476076797992548961e+01
9.632037970723828835e+00
4.600739935430212313e+01
5.531273327599340206e+00
4.191547873869616581e+00
8.945275084565970758e+01
8.444040227575415258e+01
7.144602583492155645e+01
5.394835718198437746e+01
9.496604209894091753e+01
6.542790232425701902e+01
1.875448095303163853e+01
8.656331861198347610e+01
1.637690371206944562e+01
6.368048495588337943e+01
1.935138951660553275e+00
1.912198885999190168e+01
5.345413564110967997e+01
7.706112053735692413e+00
3.457429908804762420e+01
5.263721456147523270e+01
8.907892408472899604e+01
3.734062283745141997e+01
2.110761666133334913e+01
5.589234831315527430e+01
7.735449840489847873e+01
3.954471112176943848e+01
4.673786783547061674e+01
2.870188825713271186e+01
4.842753986735102956e+01
2.247966552807844209e+01
6.469407988416215005e+01
2.304607730239763796e+01
7.971194474417892195e+01
4.308345217415765660e+01
5.318996479498725449e+01
3.384800582568799143e+01
5.139382683803642493e+01
5.312712517373607568e+01
1.830958451274486976e+01
6.258394860651004166e+01
1.393843074849047170e+01
2.803623505303218622e+01
8.081862264078058899e+01
1.808940756430608232e+01
6.380957443856190991e+01
7.135418656503523138e+00
9.423943181350095699e+01
7.152596778975744485e+01
9.199800692803981406e+01
9.235437467477287043e+01
2.820140639814726669e+01
3.815874854071766009e+01
6.225747095191669445e+01
2.488853791052406805e+01
1.212588857428044165e+01
2.614647062561773438e+01
9.872736836389613302e+01
9.002932772732000899e+01
8.366833046568778798e+00
2.608744647529190885e+01
3.395395235116214394e+01
7.926047608153072588e+01
5.063001860342254190e+01
9.334796044094760248e+01
4.409385870649762751e+01
8.097935058144736331e+01
4.200048646015412146e+01
5.548710779342543020e+01
5.135051003283482629e+01
2.312860586072546099e+01
3.486113837490430711e+01
7.436220165980496688e+01
7.630730819301876977e+01
6.483166207660465830e+01
4.671394522712451192e+01
4.205989086579119629e+01
2.850896998217876543e+01
5.753272656630199577e+01
7.202857542719863204e+01
1.305347793862188244e+00
5.153940247089693116e+01
6.771752561459469177e+01
4.696919584919923096e+01
3.571483136598310182e+01
2.881548159918356777e+00
7.402048042995779120e+00
6.001371168107876031e+01
9.302194368633097099e+01
3.825308348420850280e+01
9.458287075172687963e+00
9.515137803216808265e+01
7.138066208619848396e+01
6.946776402257013672e+01
7.038915211247319803e+01
5.491275586038567269e+01
6.647600025964969461e+01
4.088049962940593929e+01
8.760803963907778780e+01
6.923538255361322058e+01
6.596988126014458054e+00
2.155224962575685765e+01
6.477630831559332947e+00
8.373404273370843143e+00
7.527039944503896152e+01
2.660351071411055557e+01
3.467916930224163252e+01
5.597970618732141901e+01
2.165446303291339447e+01
2.848863304017568154e+01
1.861814375786163822e+01
7.934615988656955210e+01
3.260355307409054149e+01
1.098647096594472750e+01
6.808418616122628464e+01
7.027515223482227569e+00
6.435960654417156945e+01
6.059644819072341093e+00
6.243891195685734630e+01
4.504275659143362986e+01
6.776891704556109453e+00
3.599770099345012131e+00
4.711093835663239560e+01
3.385330412235432362e+01
3.448703606609200278e+01
6.398121084782971479e+01
5.620295499607321688e+01
6.502810022712890259e+01
6.891646938637609310e+01
3.218820987586704518e+01
9.146707077861520929e+01
6.539807777671745725e+01
8.472498123528740166e+01
5.093138668294550087e+01
5.290472749327930302e+01
5.739724148389082359e+01
4.020125592198654374e+01
7.130311328191706366e+01
1.968536566798161402e+01
8.568455602184835129e+01
6.491290629324156214e+01
3.777180883843227832e+01
1.948235780701590425e+00
6.947665933949342332e+01
8.253330828459588986e+01
7.022529487004028681e+01
3.140508628523652757e+00
8.693121566395724642e+01
6.214465802232644620e+01
2.021184746597588600e+01
8.371962396281445251e+01
9.972517000545629173e+01
3.540792523673533765e+01
6.258154955362142147e+01
7.828492306425187053e+01
1.879069749208881390e+01
5.626165290584861367e+00
5.495255644590171329e+01
1.280908667310305304e+01
6.899725859796048155e+01
5.649726539905368838e+01
6.519022940532882160e+01
5.322487754116852443e+01
6.826297207858443983e+01
6.956204579672690613e+01
2.452418638540791918e+01
4.991678615578803146e+01
5.936025668944331102e+01
8.117082474224905297e+01
1.546459860130082831e+01
2.825642073801430953e+01
3.518036189912310263e-02
3.358746542591000406e+01
1.153846477992783726e+01
2.418082078519528011e+01
5.492719832517109779e+01
8.963944160926293137e+01
2.713322982389079385e+01
3.280779224390428794e+00
8.566833101558533770e+01
8.242744564425274234e+01
7.850629732071510603e+01
3.672810076250020472e+01
6.999143386558689883e+01
2.981534681452270164e+01
4.974049858261356860e+01
4.688867336556540266e+01
1.558880008602986322e+01
1.079318201159469304e+01
1.760529908257689868e+01
6.221224289801705254e+01
9.699439034516798586e+01
4.878351374780373106e+01
2.276028875788316341e+01
6.859224411428647272e+01
6.742697950897355952e+01
7.719091809771893509e+01
1.108103783406156850e+01
2.559039052791693791e+01
5.057738314320877748e+01
5.676900356080273014e+01
6.490610680612741135e+01
1.567943721315981875e+01
8.006511905807916207e+01
5.160398640679012772e+01
7.093977401818325745e+01
3.962755967849423655e+01
9.814329295762634331e+01
7.408781464718097709e+01
5.158555333412843424e+01
5.823804470684821410e+01
8.335127826033117060e+01
3.839637992268618572e+00
1.803021986481445627e+00
5.003979519107051033e+01
4.985005185818016571e+01
5.916979166816771496e+00
5.330108539076569940e+01
8.690978102917745218e+01
5.272765361968656350e+01
2.221552585044461736e+00
4.184913773055646402e+01
7.198044553787482869e+01
6.602259804253314712e+01
9.139803656658459374e+01
3.993477615435497796e+01
1.138375854322969438e+01
4.283677973669281158e+01
6.680206937455338334e+01
9.852970510020445261e+01
7.213514042975603502e+01
3.572149197991490155e+01
4.533267309414333113e+01
8.637209732394006778e+01
8.030561800082178081e+01
3.564685201222324906e+01
3.241932519546839586e+01
9.027599059716764884e+01
2.643260194913281680e+01
7.514967788305190766e+01
6.785392955384115510e+01
3.839071963456497372e+00
8.336375039902938511e+01
1.587535129789258193e+01
8.203914725655246798e+01
4.026483662507790484e+01
1.229255397036510544e+01
7.451983381304178522e+01
5.817811755326589207e+01
1.767177350584857720e+01
6.892568028740382147e+01
9.762989190239814263e+01
1.067164618801977838e+01
4.489133599231968930e+01
8.290481340713240499e+00
7.622493645087486414e+01
3.778940617654447465e+01
5.123350464462846077e+01
2.912006591862684601e+01
8.760006122941629769e+01
9.705434945997323837e+01
4.712625976372664383e+01
9.754952346886973658e+01
1.165466215172894504e+00
9.039660770632845299e+01
2.557894806899881956e+01
9.939052229871263933e+01
8.469879586401735594e+01
4.640185226880716129e+01
8.274353927303423006e+01
5.297401419461878191e+01
3.713978620389138996e+01
8.024268926066045537e+01
1.246856936039233332e+01
1.392701785376249113e+00
5.187157222038264592e+01
7.079857517293109481e+01
2.945810787777619666e+01
3.191656007996833821e+01
3.390986714290511372e+01
6.871500139268887608e+01
2.855097351912427683e+01
7.193489973552993888e+01
6.042473290408995013e+01
5.226829838424523444e+01
8.569271221100859748e+01
7.249047399757697008e+01
3.067518899970779245e+01
8.411863966140450088e+01
5.817270130618059909e+01
1.399993864942368305e+01
6.593344383524106433e+01
3.107720920234553574e+01
5.770622046316886866e+01
7.408759314666251328e+01
3.162603470186877530e+01
3.111795850473220160e+00
6.532624256231777338e+01
5.510928502995747635e+01
1.543810355241087606e+01
1.747574000701561658e+01
9.615922560171681255e+01
6.829382419714853825e+01
4.787728949888455787e+01
5.476378602514936489e+01
3.948963430363353666e+01
2.421099784961154811e+01
6.992968351516304359e-01
1.125059345775345498e+01
6.209793446849708687e+01
4.895814416145949366e+01
4.014683224812672790e+01
4.295289474282800768e+01
1.577656889597584033e+01
7.726264334436028491e+01
1.831021475793803788e+01
6.947646509360718881e+01
8.970963469694959613e+00
4.724437042068594650e+01
3.085245399673128830e+01
8.749087120435756049e+01
5.828799349994863377e+01
7.262729683897309485e+01
2.919849364988898088e+01
1.645111768161417842e+01
6.718003122998138110e+01
8.086081746578476270e+01
8.971076536109153210e+01
7.298512482719846162e+01
7.597131138830158648e+01
7.216118947952509188e+01
9.265852832886858437e+01
9.606907944023292600e+01
4.692919958639174638e+01
2.558241047350251485e-01
9.420168917662667241e+01
3.948550588829530028e+01
2.944912818229191842e+01
2.057556402026798992e+01
8.959659945588691699e+01
5.350885625111857280e+01
3.438154863995686128e+01
2.789285266300523958e+01
1.963626779099541153e+01
8.221607080478787566e+01
3.705110654034271533e+00
8.967606946947759639e+01
4.934047963187538954e+01
8.101199548682839691e+01
7.979549455575165950e+01
7.707176258985984418e+01
3.815355998280440986e+01
4.673489363268166130e+01
7.735134159008984511e+01
1.145862213732018375e+01
3.650119062159041050e+01
9.516537987143472321e+01
4.657249703561727472e+01
7.957270795234234129e+01
1.541362414086766464e+01
1.373568159113546194e+01
6.175779414251733357e+01
6.224037421934263392e+01
6.313369531839830984e+01
8.266842374132859561e+01
9.128074020378240050e+01
7.943960072040167120e+01
7.428593254393314282e+01
8.513655099158330586e+01
6.819994552344081740e+01
4.733159462522505834e+01
5.701613910685006914e+01
9.987640461028712480e+01
2.726467917734662905e+01
9.690449791947210656e+01
3.355578837052913599e+01
6.848440970981931741e+01
6.300301050053710128e+01
1.742426491654198628e+01
4.321648983732740845e+01
3.438009703231757186e+01
6.019544548912431026e+01
7.256981247475383157e+01
7.356985757092093081e+01
9.293837422918601021e+01
3.520389825710135057e+01
7.357339070521688029e+01
4.451618852578241814e+01
8.184598001537558787e+01
5.467124081231516186e+01
7.659770638663003695e+01
8.097111926221018052e+01
7.971237404508040925e+01
5.186280911191577303e+01
1.222359831053254631e+01
9.247500101969681907e+01
3.683717630360510498e+01
6.001943183269449378e+01
4.488623769111704576e+01
8.993246792549959423e+01
7.684650185558955116e+01
4.166122950530244395e+01
3.026215890671563002e+01
2.373088355474191147e+01
6.028488547036612033e+01
8.386929485664514061e+01
2.931456861228191002e+01
9.497423490507952692e+01
5.472386986452336544e+01
9.644776212369677637e+00
5.354512498534674592e+01
1.950082418133208861e+01
2.276942391299174773e+01
7.635283948307335322e+01
6.376818568749394700e+01
3.750449503061189205e+01
1.440001917548210386e+01
5.235725734839948586e+01
2.936736610757825261e+01
7.834187163515285590e+01
6.788188970243909637e+01
7.060423720324119756e+01
8.577262584929663092e+01
2.727834305901024692e+01
5.770320708458574899e+01
3.778527585225410945e+01
9.298505807164256964e+01
3.135153028717705581e+01
9.228983099168947035e+01
2.632309060344247698e+01
5.994801818092877710e+01
6.131686457995099460e+01
7.915814756321005063e+01
6.815277032929925838e+01
7.355138208287927171e+01
7.508962995410145425e+01
1.244802692576204528e+01
5.769384771785064459e+01
1.449171445404792102e+01
8.112322421148465423e+01
6.261238992816328164e+01
8.658292424244537244e+01
4.793368971007293311e+01
4.253331234456565824e+01
7.728451144143352280e+01
8.661056248255064816e+01
6.642155203077127368e+00
3.398835264196693373e+01
1.095972839414777233e+01
4.680819999123715291e+01
3.777089045977732873e-01
6.825919609831665014e+01
4.448675316657148926e+01
6.606575484716115909e+01
7.691487131297553503e+01
7.007035426282568835e+01
6.655790353735304166e+01
9.795355114922040229e+01
2.057436907141385607e+00
5.249784900091205486e+01
9.463816402854600085e+01
5.651165836154157063e+01
7.252367133460464288e+01
8.818835106017886005e+00
3.888875352093235449e+01
6.825565922344206626e+01
5.715350606858616800e+01
2.027520905594154499e+01
7.041222760165895522e+01
3.024453331114484911e+01
4.309117290361511721e+01
5.471535866817921345e+01
1.513017840749331100e+00
3.062597472208239324e+01
4.881705157932022843e+01
2.366039121792269384e+01
8.239228155108199303e+01
1.234922445500017396e+01
2.883728157172692619e+01
2.587591419062449205e+01
7.615643989021425142e+00
6.867661062610787326e+01
9.265655994468930601e+01
8.283393961050732912e+01
8.888128994680270978e+01
7.445333637510705671e+01
6.999085471726495200e+01
9.114916068740311061e+01
4.136107090221866400e+01
7.416193175002487692e+01
1.132673085673329183e+01
5.843571384448391370e+01
2.549706815754078093e+01
2.008159705584515820e+01
9.508725883592371986e+01
6.293765168991747316e+01
3.967667899377110530e+01
9.697669281384045803e+01
8.039028488488664692e+00
2.639183001639576887e+01
3.522421382595105399e+01
4.235378863330097943e+01
5.272154224587987414e+01
4.881832224737527071e+01
4.947960304338222670e+01
2.271045032159104693e+01
3.553573816406437658e+01
7.215027126868524476e+01
2.372045860876876944e+01
3.018719170763684012e+00
2.058640174638729547e+01
2.863729526467772146e+01
3.747831513348523913e+01
4.594777507519992810e+01
7.530700428439230620e+01
1.685477317509495165e+01
5.769062219936752456e+01
9.866527119576954874e+01
9.486235290631664441e+01
4.691810475707514527e+00
6.635381227839653562e+00
4.872999650840264252e+01
5.279968789973762711e+01
2.807781972271141768e+01
1.063455382508953306e+01
4.983941063220440526e+01
3.666772724559243102e+01
8.819806203529887512e+01
2.444128739873900713e+01
5.037374729928849604e+01
4.087005469902737076e+01
4.376274807508104914e+01
2.666287995231376584e+01
6.959586854893889551e+01
7.538380856245582606e+01
5.340823849934744771e+01
6.335170326547109454e+01
6.629493658711676574e+01
3.214761175722865261e+01
9.752384117358073468e+01
6.878389738429075351e+01
5.965582013752756296e+01
3.027994559175161271e+01
7.669701071858527541e+01
5.844001353342282101e+01
9.149920861173350772e+01
6.978216323523433573e+00
1.417508815607799733e+01
1.033944512228108792e+01
8.703809462946678366e+01
2.754286317427290243e+01
6.900301821489507859e+01
1.061391742386641468e+00
9.506407354185111558e+01
6.156313360492896436e+01
7.736872147996226090e+01
5.962013571981927385e+00
8.279051383508956974e+01
2.745495600505002542e+01
6.458145832024769106e+01
5.365650768699276796e+01
8.916224159541800987e+01
6.827893394284716067e+01
6.476493400208667595e+01
4.619675892976338183e+00
9.030040138621339452e+01
8.620572160851169485e+01
9.833025731304554995e+01
7.002139237132300309e+01
4.771643828513979457e+01
1.576711779716224449e+01
4.540308127735720234e+01
2.065086646063403109e+01
5.132534557661625740e+01
8.516644342351220587e+01
3.321995455810026954e+01
4.781067604187102660e+01
4.064845453790606200e+01
8.024102033125760158e+01
6.095210614759841405e+01
3.923159854114203426e+01
8.151623987824380890e+01
6.612025687481633440e+01
8.842605224079730419e+01
2.010202401770017033e+01
9.197304899829732960e+01
2.843064739217341241e+01
3.977082354073474590e+01
6.655952471243136870e+01
5.590609266668889177e+01
5.983665504750873509e+01
8.124970682123121435e+01
1.979314547837283200e+01
3.342821702398413208e+01
8.010487304528979280e+01
8.192809282537346860e+01
2.482706445221880642e+01
6.865913981355431517e+00
4.563452718383081219e+01
6.810321110163076241e+01
4.445832811192703815e+01
4.251626556915343258e+01
3.612891849683299483e+01
6.903486535305603411e+00
5.080320942701093401e+01
8.138074971853721706e+01
1.231959082747938794e+01
7.802205242115439887e+01
1.661571630134343991e+01
2.976136498168276034e+01
9.116627485634295169e+01
8.203412995719065748e+01
2.491831632050892509e+01
7.208180961446772983e+01
8.958182550552842827e+01
6.480740615270154592e+01
1.238680157127530812e+01
7.665228857062734846e+01
6.628745861294829922e+01
6.149943981814092098e+01
4.234853887013152729e+01
1.131572649821893606e+01
6.236443428641005227e+01
5.753328112282753182e+01
2.020322365319228197e+01
1.816967387363909125e+01
7.917103607622834716e+01
7.805242024577580651e+01
4.010000971265339587e+01
4.730206691240089611e+01
2.308872213955415020e+01
2.416919249547288118e+01
3.159756600010085137e+01
1.071799037675847899e+01
7.853499967290545669e+01
5.569843887100437740e+01
3.023856006558008858e+01
7.897063444448025393e+01
4.964110786121277386e+01
7.121384464967881911e+01
7.882754387883619529e+01
8.027885516936626686e+01
6.224282120549157327e+01
6.823479621021124331e+01
5.141127681604055510e+01
7.059044238525160608e+01
3.859268513055796745e+01
3.716058449816173237e+01
3.260352448170377215e+01
9.239382940823547585e+01
1.422380100286823001e+01
8.417829686238296460e+01
1.204147270915431100e+01
8.075828110724312126e+01
6.637656113898518129e+01
6.839453554266930269e+01
1.742555603094479011e+01
8.047838527702445788e+01
7.450010646842353879e+01
8.245924746246458881e+01
8.704645849870732377e+01
5.878101076291923022e+01
2.450118164129255760e+01
4.206229525508639000e+01
2.440206965551803364e+01
2.665175456226431816e+00
6.769188633476841410e+00
6.720384351803355116e+01
7.134876408895145516e+01
4.669129268235814578e+01
1.329093040951780935e+01
3.386084211948604406e+01
4.578913412322268783e+01
9.829631592698311238e+01
3.325246789057597852e+01
1.330824060489910199e+00
5.061080475669142231e+01
4.811424023343102263e+00
1.620839653124374991e+01
4.100585226704004072e+01
6.345023369986201089e+01
4.530932422415006045e+01
8.434428165125677879e+01
6.870736245980448587e+01
3.877984628590547267e+00
4.463047717201400388e+01
7.405219919337234558e+01
5.760230094880765961e+01
4.461154770982928852e+01
5.991325205548240262e+01
1.838608721667868195e+01
1.294155312555458437e+01
5.694292820829866741e+01
8.828351665738006204e+01
9.640659487082739076e+01
6.350862613063140572e+01
3.018822404380351188e+01
1.908412463567475825e+01
9.176675017810119073e+01
2.863774393050421097e+01
7.414368524798940996e+01
6.839979220619001410e+01
9.656258676403543006e+01
7.308664704151728131e+01
6.944777308712801300e+00
7.452488790549037390e+01
6.446507611818636008e+01
1.030679426136470411e+01
7.228608132602177250e+01
3.893602037852065223e+01
6.762419446021390002e+01
3.202655114942250236e+01
1.666892448089923917e+01
8.204351929711376101e+01
3.142385230474457103e+01
4.074856482158347859e+01
2.227666835271643464e+01
5.134304460108958068e+01
7.614914550008194283e+01
5.746770714275841385e+01
4.942923860708020811e+01
5.363433652195777057e+01
1.635466933464386585e+01
8.591266232406070458e+00
2.597809012390147743e+01
2.567262057608843406e+00
4.199333613883093896e+00
9.515565690954397837e+01
3.676768295165167189e+01
5.237056083733423151e+01
2.725939490465582082e+01
9.916421633556144855e+01
1.772931698503946762e+01
4.520617806439759789e+01
9.430845574947990428e+01
7.240680799207672180e+01
2.823461381264933578e+01
1.989346038295245478e+01
2.000999594503743850e+01
2.060070463787334560e+01
8.509979122589520273e+01
1.290015295374188398e+01
6.176313652077705285e+01
2.831745199471935592e-01
7.432751676912429772e+00
4.294770863979362474e+01
3.033066087624368734e+01
8.832466025016793765e+01
2.985816315554948730e+01
8.175163798222479272e+01
7.309624297080532074e+01
5.730783680476652364e+01
7.874295019340793900e+00
7.518772751862209702e+01
1.665170940893949592e+01
9.979082574790457727e+01
5.284266897514388717e+00
3.148244933816313207e+00
2.285024433413535050e+01
7.282441025568694215e+01
3.835778247831861165e+01
2.860328436340251557e+01
5.928199498457972538e+01
4.971865097977669024e+01
3.359264703433617605e-01
6.683999922632099810e+01
6.997083649690982732e-01
6.104061711465891271e+00
3.812990331796897436e+01
8.205902711497749635e+01
1.395534086848186917e+01
1.812102708125645734e+01
5.327328358212469084e+00
5.373423219255413130e+01
8.092006372961940031e+01
3.583246124840315616e+01
9.626861760924822420e+01
7.725773146142167036e+01
7.020208639469264256e+01
3.270610398496960158e+01
1.681855460139490788e+01
5.972542003057713345e+01
7.927827652225106192e+01
1.079376927064610214e+01
9.755480630221148886e+01
3.755529761606898376e+01
1.200802166513382829e+01
4.844702922736804140e+01
4.496904554124400022e+01
6.233183819147555482e+01
2.403575747255903838e+00
6.911383191942080373e+01
8.808348240061897627e+01
3.437337965505079751e+01
9.764617936292163236e+00
5.983993263031006649e-01
6.133865312775937184e+01
1.050377503655919309e+00
2.791796390859317967e+01
1.018463357174748118e+01
3.766853363818437828e+01
3.728006056297154203e+01
7.341818609801899242e+01
2.517711499272650144e+01
8.721509695796815720e+01
3.077686063158918728e+01
2.179122745236200487e+01
5.517429778323300837e+01
7.553612230801883243e+01
3.995605546901095551e+01
2.753533954697184871e+00
1.443226002265229901e+00
9.127584826318562250e+01
5.048811245702674455e+01
8.030287360173106492e+01
9.847690863901830483e+01
8.245901810331977799e+01
7.702210618882240567e+01
1.842056853995790533e+01
9.799103060716878133e+01
6.676475876031044265e+01
7.825123191992699390e+01
8.403271061255385632e+01
5.808922388119792402e+01
9.682759736279106733e+01
8.912359641470200700e+01
6.227475245390056813e+00
9.907892641861327832e+01
1.582792017281110475e+01
3.156955881497648519e+01
2.458115958155131509e+01
1.293875601476587356e+01
3.609294602738920332e+01
6.656349734544623686e+01
7.177284512123993210e+00
1.573274276591588539e+01
3.000807373702849645e+01
7.747292412503270498e+01
2.718030275208953483e+01
9.179938080020725977e+01
6.884247606581892853e+01
6.517908872429096334e+01
1.785648088385573118e+01
9.891488502591016641e+00
1.727429614175252226e+01
2.596251397393697502e+01
6.483064626585318990e+01
1.489791828679311081e+01
7.175446917145571035e+01
7.044855020737676909e+01
3.420945729219862841e+01
2.336578103762914083e+01
5.767907746739616925e+01
7.942278457668264480e+01
1.813626928844985642e+01
6.860591340269250438e+00
2.377553020878924173e+01
4.885632747946600318e+01
3.302676900857303366e+01
5.732673621964677579e+01
2.300643113718547994e+01
6.105469878064083389e+01
4.336483406947156283e+00
8.078438657308517179e+00
5.734915791494083237e+01
5.385053994400063004e+01
1.700097471974494212e+01
3.871199103676442377e+01
7.884999103510456564e+01
8.369466855682484052e+00
4.349094254085308364e+01
7.717335615915077085e+01
4.155055907070321553e+01
4.991732516268984199e+01
8.175175290150308172e+01
8.386702667900874530e+01
4.339288975168996387e+01
1.843700700167668671e+01
2.423751166423673453e+01
2.486584621691524433e+01
5.201675295456151815e+01
3.899986781976997463e+01
1.739916031788091288e+00
8.102775016341654180e+01
1.868292926680675947e+01
7.126992460905373150e+01
7.261017823017449757e+01
5.489847999111432131e+01
1.356830347398279102e+01
7.930916592934941889e+01
1.259340590702241514e+01
5.023217174893402159e+01
5.459435869427292687e+01
5.366398867932410610e+01
2.960418537323612398e+01
1.275079956706681727e+00
8.445344330941718169e+01
6.224799156046722715e+01
5.477577298859497290e+01
6.503997928217513902e+01
3.643836103429639905e+01
7.190711394897951436e+01
2.958176503047502592e+01
6.004683226037743182e+00
3.661831800941245518e+01
2.487151020965668735e+01
1.049452201833197584e+01
9.315240983341533365e+01
5.242155337657060699e+01
8.565064187707476151e+01
9.907468994297003917e+01
4.897628697860733382e+01
5.307684786687099177e+01
8.134413048899730825e+01
6.179724415935544357e+01
5.582124293071789367e+01
5.485069042820151708e+01
7.232541481882910261e+01
8.287436782272756375e+01
8.738265507642466901e+01
3.841069761737934130e+01
8.820040893114325797e+01
8.063142617389774003e+00
3.617530775574386581e+01
6.756540290368560875e+01
6.486182589955062383e+01
9.873665590559251370e+01
2.925573000645871247e+01
6.303268496317093650e+01
9.105401762591897352e+01
5.826586422102666063e+01
4.935471185171009978e+01
2.636212189959600138e+01
1.128988853230823430e+01
8.534844190487676485e+01
6.213393138801331617e+01
7.054465965468720867e+01
6.987419146338717724e+01
2.826174023271975599e+01
5.636906583432575246e+01
7.854920369908462874e+01
4.168996054025355846e+01
5.608916113335980214e+01
3.681033339307104857e+00
6.980225249315753899e+01
4.143213155806159165e+01
3.092081305048445117e+01
2.239331589916467991e+01
3.996112821065678133e+01
5.461288917028572776e+00
3.112892960878547299e+01
7.053452282543008778e+01
1.871801506737212861e+01
4.045453353584083089e+00
6.057823637659112137e+01
3.429437091763369949e+01
3.858619091981615412e+01
7.333822091585471981e+01
7.849098732439048831e+01
8.304000228401331896e+00
4.135952482295684263e+01
8.143270284256498570e+00
9.543846871162074308e+01
2.542340037521351093e+01
2.869631107418890537e+01
8.889978289276147905e+01
1.540353314003807306e+01
9.139779563261978979e+01
9.119624071185292280e+01
7.644365076632168154e+01
2.111199487099228023e+01
7.549645270744754555e+01
2.846311115493766053e+01
3.156835182922585048e+01
1.038760108890680556e+01
2.651445791757384285e+01
2.105188481325943428e+01
4.169932391208552858e+00
8.629532178748871729e+01
8.032253312823276303e+01
8.751717772494671976e+00
7.590601097378065276e+01
6.650804456637555973e+01
4.213254382186797642e+01
6.588919436970039101e+01
3.718303315790831931e+01
8.728810873611301702e+01
2.665918374924777368e+01
2.438361698077977735e+01
7.589105365799849778e+01
7.411992680201538519e+01
6.130185366435190275e+01
5.038179323999671766e+01
9.723047620003831071e+01
1.541682628943933331e+01
1.993112956541073189e+01
6.821862778569565577e+00
1.570903951037795387e+01
3.506293444777839596e+01
6.895986620687331481e+01
3.375834567117016149e+01
6.716355251642096391e+01
8.244948106217552919e+00
5.624985671920745389e+00
6.184388790683588155e+01
6.193996869080621082e+01
4.178418697585931341e+01
3.766811465927114710e+01
9.812008687189252498e+01
4.485770515708430395e+01
3.705638943096978277e+00
9.802610777319186752e+01
6.654909812956412907e+01
5.996057774216179581e+00
8.997498145985483120e+01
9.883920865066629347e+01
2.331788344590120943e+01
6.933773759679173310e+00
3.522077453182870244e+01
2.674214125078052717e+01
1.517600509402020670e+01
4.569303587312342074e+01
2.189625594951448662e+01
4.472516914690883993e+01
9.817057830825983444e+01
2.635755581298767680e+01
3.723082337767464622e+01
3.194909085966617468e+01
7.639863877393941038e+01
5.598171033872606728e+01
7.390511951837646620e+01
3.884292635454853837e+01
1.355022049446954568e+01
2.778625723204627462e+01
9.208952382132363113e+00
1.024307490085675276e+01
7.134901347510476910e+01
2.461930138565821125e+01
6.746910142651485032e+00
4.551768240671418653e+01
4.666432361961761188e+01
6.752899644457590966e+01
8.089729373614650854e+01
7.500704136103342989e+01
8.515842094036688081e+01
7.714808202042546270e+01
8.278267514910461955e+01
3.236827627536045071e+01
9.003841318841230645e+01
7.289138651398064894e+01
7.286816909094326888e+01
8.176721695102254728e+01
9.684120858919287400e+01
8.370457934613384055e+01
6.755318302503208372e+01
5.512854286743022669e+01
3.243573340950439388e+01
9.957411099583325154e+00
3.007888195712203938e+01
2.167008026160727141e+01
7.507524672319169667e+01
5.360695938154412943e+01
3.138067198666333368e+01
7.276132380108511200e+01
1.434320982952680446e+01
2.410559592578700361e+01
4.443544467259432906e+01
1.304530129315195630e-01
2.202400032174494271e+01
3.751219001491453753e+01
4.415935776278153924e+01
7.289845414146385849e+01
2.071613966449578115e+01
8.546041290946396884e+01
4.432279901849292969e+01
4.419449526083262469e+01
6.904140144466353490e+00
1.477622716662927438e+01
1.202004383751902239e+01
8.727954358784328903e+00
4.904371746922991804e+01
6.428859027295236217e+01
3.240549199744005193e+01
5.615597431474926537e+01
5.176401934459217102e+01
4.875296666563701820e+01
4.865760356476908299e+01
9.934311588182255548e+01
6.965217950636359490e+01
5.985354462190974800e+01
5.223784102180779598e+01
7.685985381062894817e+01
2.105309200863764119e+01
8.041823292855670502e+01
6.833187007324175966e+01
8.164458030456276560e+01
4.217987934695778307e+01
4.544489170324145277e+01
7.299361444699773926e+01
6.319682562095863432e+00
3.388647980679707672e+01
3.848281083876960906e+01
5.765763093308902398e+01
9.252922347834284267e+01
1.273542211960232429e+01
2.648331622043789224e+01
9.088269776422191626e+01
8.452261788199463410e+01
3.873641190637163589e+01
5.703422775735559469e+01
7.729870428144936412e+00
6.753229010173824065e+01
6.723155348271160392e+01
8.176548021965463420e+01
9.064777771646092219e+00
5.848585017962666655e+01
1.230056221782207615e+01
4.571370446513621744e+01
9.840062994679432684e-01
7.328039314389616266e+01
4.983196986284965391e+01
7.762497183202603424e+01
3.456821216589245349e+00
4.115017318557773507e+01
8.542315798027651397e+01
2.085503967094187772e+01
7.323527337902624446e+00
7.618556583490259015e+01
3.727995237456900668e+01
5.147585420025975367e+01
3.958701798029964181e+01
7.359095244511838985e+01
9.981953858287089076e+01
6.685478382000368924e+01
1.726131315445786996e+01
2.713956358624497511e+01
6.625443222331361426e+01
9.397826727715886008e+00
4.620170362676021369e+01
7.420638920509381364e+01
9.374497229936238796e+01
3.595910725238029215e+01
1.163184415621180179e+01
5.110905932916984540e+01
7.197130580639252173e+01
2.328419055811978922e+01
6.864146849315613963e+01
7.040315536121127593e+01
2.651112496875250812e+01
8.813858188403507654e+01
8.231810711031836547e+01
2.422898177496606209e+01
9.659533094707002476e+01
7.981829485490007414e+01
7.525242784433797283e+01
1.655693453521611502e+01
6.139893785623867473e+01
4.551623487517234423e+01
5.117922651113920551e+01
7.196468527190987174e+01
1.605977311233248628e+01
3.355152879188475623e+01
1.173473559428055424e+01
4.533328800914684109e+01
6.471190715934078241e+01
2.643973117109489479e+01
6.693771231822906032e+01
7.279870474581016992e+01
7.009653639637288336e+01
6.900259335149461215e+00
2.366615951843214916e+01
3.831584947461309554e+01
5.447126126093237986e+01
5.662137781149569093e+01
6.193346318956455576e+01
4.374902956052911662e+01
7.704143850347621481e+01
1.786304605191028116e+01
3.846161640261895798e+01
3.561026668386335814e+01
6.628909389934378282e+01
1.285220867630942898e+01
8.436328182272679044e+01
2.968457163131628107e+01
2.403298174437454904e+01
9.040193958515105521e+01
3.619429360662356032e+01
9.687522313215556835e+01
8.549597370650447203e+01
4.267937083490858186e+01
8.393999940995865927e+01
2.453329886360611312e+01
8.376353722888222819e+01
2.136431464381758261e+01
3.416605566082212420e+01
5.219288745699554966e+01
3.398146105613656687e+01
6.392703192928858158e+01
6.386799967576573778e+01
3.145996455142330284e+00
6.229988910023732984e+01
2.042337809295117168e+01
7.178399645948837815e+01
8.820890128440275646e+01
9.106933360227735363e+01
9.163967875102716221e+01
3.799193420652375863e+01
2.683836835446571456e+01
8.078663093337857504e+01
4.142993269972316739e+01
9.555487327514417473e+01
4.463770709877032061e+01
7.922682071297543871e+01
5.207447654694777839e+01
7.847764150982548870e+01
4.094848378393795940e+01
8.766953443408162627e+01
4.148888771533891884e+01
6.344856440638158013e+00
3.158489675086417758e+00
6.907172849523917080e+01
4.809197789998081873e+01
1.342087594501573022e+01
4.387146977991398700e+01
8.742099706022392525e+01
6.148211184977859745e+01
2.145145169117678208e+01
8.577303369905109776e+01
1.339081906619465911e-02
3.127444882474134147e+01
1.298412863188882582e+01
3.768648418656531618e+01
7.308495641465330550e+01
4.790210229023807642e+01
2.539521711791214997e+00
3.366052650076554187e+01
2.086763810635503447e+01
9.568317279286640087e+01
4.516349823232202709e+01
5.714300211526956019e+01
6.403668850548407931e+01
8.780831659901544128e+01
8.896228133516798664e+01
5.818641819899711720e+01
1.919819618953432183e+01
4.069599437565734945e+01
1.956250450861286438e+01
3.354680141796173842e+01
4.629297590466514833e+01
2.713858743830120801e+01
7.039057590188460267e+01
7.053706879201952518e+01
3.428393634700188386e+01
4.649752346836141470e+01
3.492411094589277099e+01
6.370797563642150863e+01
6.946320441303511117e+00
3.036878650817831371e+01
8.300601230403918862e+01
6.444461138962584812e+01
1.923439492391909589e+00
7.445671322832184558e+01
8.759336840541267577e+01
7.011882376993537491e+01
7.094473151167902358e+01
6.595781547281076485e+01
9.016202469709116940e+01
1.699235517855158761e+01
3.173330187056311402e+01
2.233344205424689832e+01
2.240644472080647276e+01
8.047249120937715716e+00
9.793255147882014455e+01
6.621780867307003327e+00
4.731715021855434600e+01
2.509415035940833860e+01
2.700517443211492008e+00
7.125285775291101231e+01
5.316301308231422240e+01
7.929699799690813222e+01
9.364567341968653125e+01
8.356925761288390220e+01
5.329521944576853798e+01
7.109538095001568081e+01
9.577023423013496028e+01
4.664518174004573581e+01
8.912502432063666902e+01
2.450057696366489779e+01
4.793061186585315880e+01
6.866011211483012744e+01
4.638995937809544756e+01
9.925702130413752400e+01
5.514579021769070266e+01
5.814414474537832689e+01
9.411778300389460128e+01
9.421281885064556150e+01
8.412606674386566397e+01
6.956988509518213348e+00
8.327634581755626186e+01
8.869504935980553739e+01
1.759401749368775114e+01
9.130255288636965361e+01
6.025557556866119313e+01
2.685318847011335208e+01
7.075873622383072359e+01
6.414331539004010097e+01
4.391399610447771806e+01
9.775419010187066249e+01
1.294760609768962389e+01
7.540368590393322279e+01
5.498907732368787293e+01
3.786676997770992159e+01
1.789923752563471471e+00
6.178771873120230396e+01
5.366945604383188595e+01
1.814523356138059285e+01
2.868101431107040611e+01
4.373768345979394212e+01
2.596276338622489632e+01
7.760226300493422968e+01
6.099487923860165495e+01
6.116974293579878008e+01
8.360561485361314737e+01
3.874767061806452517e+01
8.405635325216209708e+01
9.776969417199113366e+01
9.604733464240067242e-01
7.960319089278000604e+01
8.383612802412130804e+01
7.947337243267288898e+01
4.547449392427306236e+01
1.934978435898655391e+01
2.792321906074853999e+01
8.571966640856939534e+01
2.547026834002903328e+01
4.987614087644518435e+01
7.080632870836008408e+01
6.087656984050002507e+01
2.484076779132126234e+01
2.964577997138436771e+01
9.002246057381925937e+01
1.541844973390952234e+01
5.668501544774194656e+01
8.992501705690931146e+01
5.834995027044830351e+01
3.222310526618515780e+01
5.171824478096110767e+01
2.864339803027487008e+01
3.478005201175820105e+01
7.057200473752121184e+01
1.828000679182542143e+01
1.767891698733527051e+01
6.032796510239394649e+01
5.958834525812950744e+01
3.949408784312752374e+01
1.810687561179433658e+01
6.326587805419541155e+01
4.315873830120617782e+01
3.941543203824672048e+01
6.897088721357906138e+01
7.701782379812735257e+01
1.321712613654267798e+01
4.124346919374103493e+01
7.050769087532671620e+00
1.335408183129112025e+01
8.440980324993947193e+01
7.280605467992440794e+00
8.114765699000645327e+01
5.688601084434134947e+01
3.520698391335771760e+01
3.941916969784896452e+01
4.339754384411268262e+01
2.429523700486545579e+01
7.683274554276376023e+01
6.630917548666694472e+01
5.944586087514420569e+01
4.590819621259700511e+01
8.559421602797033302e+01
4.058203405625566518e+01
6.495156576071089205e+01
7.481514575813086765e+00
2.443322880530378427e+01
5.379055025806101753e+01
7.046695603896972671e+01
5.767814245951570484e+01
5.151649187820280673e+01
4.138050027785686069e+01
5.280431147469454345e+01
5.076887509430436296e+01
3.323878470850153377e+01
6.121925076485837991e+01
7.534087449460169239e+01
1.043783355717009531e+00
2.104416789128080723e+01
9.234999031372025513e+01
3.822563677279426742e+01
2.794486666596238678e+01
3.689993343549361526e+01
3.551624434987093082e+01
1.573686603255176664e+01
6.105884612653358090e+01
1.175342001370637313e+01
9.014037656217675476e+01
4.509064039473117447e+01
9.365220898168645647e+01
9.607792719286189254e+01
8.250708080482142748e+01
6.400085587205074944e+01
4.525924373625483099e+01
9.618224746158568905e+01
5.377802640728428685e+01
9.009214554397405550e+01
9.306283496528959631e+01
1.817405287378375078e+01
2.682397573458829143e+01
5.476035098783425070e+01
4.155384521791390995e+01
2.702115179335036288e+01
2.860990271135699370e+00
8.126253101665702161e+01
1.975801867216153695e+01
2.291841457435986840e+01
1.035413652004806195e+01
3.277334757531724563e+01
4.300415577815852686e+01
4.855832154149312885e+01
1.253717183205341712e+01
7.172890176813420737e+01
4.232795889584778593e+01
8.323187819206434312e+01
7.432369932428237291e+01
2.156337555412645202e+01
7.898634793199443394e+00
8.267973578625699815e+01
7.509280996712884360e+01
4.308983780195983115e+01
3.546932312443019697e+01
6.961488702545675267e+01
9.258855565459630554e+01
7.532071999208334034e+00
7.095304326313257093e+01
2.154460613428213023e+01
1.782742754695880905e+01
8.013525864016662581e+01
5.990176833250253452e+01
3.788242219770836527e+01
9.763605830756920057e+01
2.129060435631924264e+01
6.735822121174827259e+01
1.861046527949546814e+01
2.674384661972232280e+01
1.874339772817268468e+01
9.620446205319465705e+00
3.436219625863606808e+01
5.576718387619986572e+01
9.053510247914744014e+01
7.779571507859917290e+01
8.934453467554989459e+01
9.222639738144286525e+01
1.624621221649374903e+01
9.544793949087436147e+01
2.563739895921052181e+01
6.926554607595082302e+01
3.492194699767326682e+01
7.755141447547416078e+01
5.444667509550527029e-01
4.983383477447955556e+01
7.975674616691689778e+01
5.403983096431352884e+00
1.048935804769424163e+00
8.499833846840284934e+01
8.024750201872291200e+01
6.876549459461431013e+01
4.156169437167832825e+01
8.788896467547282043e+01
5.407960719642047565e+01
3.753808350201014576e+01
9.415873497785523227e+01
6.352345410776904799e+01
1.452094129912917531e+00
6.492982791208181936e+01
5.048892333997390125e+00
9.688154204637496036e+01
8.628954173014048479e+01
5.665840374645696187e+01
5.277933169077191167e+01
5.701663536353205330e+01
3.258034391273081098e+01
8.272231134308411526e+01
6.126985588152065532e+01
3.983828628078374123e+01
7.976045176618873711e+01
9.453814464032124931e+01
7.321941688058392117e+01
9.592733958317499798e+01
7.821904626022380569e+01
3.660782098925706407e+01
5.689851878946093677e+01
9.382970550351814154e+01
4.060105399860928088e+01
5.468744550973519125e+01
2.144168950422605846e+01
5.612797026331077888e+01
2.091280351236481749e+01
8.279175861223619393e+01
3.596665812591418643e+01
6.434453486752765627e+01
6.578405311204865313e+01
2.270855239238456136e+01
8.286317247709941114e+01
9.719672698601682725e+01
9.835226909168841303e+01
7.855393046520080702e+01
3.017546948886262737e+00
3.164931741481038330e+01
7.977460643066851276e+01
6.691478147646502350e+01
4.542619083347276643e+01
7.735430376416007903e+01
3.329372553588164863e+01
1.631895745312237267e+01
6.986541625080150197e+01
5.082505695662536027e+01
4.210615160291192183e+01
2.668616679875175279e+01
7.573781609838347606e+01
2.489558840515069349e+01
8.487870224856155232e+01
2.871554257388098108e+01
7.742439882448826083e+00
3.445261700680111971e+01
1.945407096160485239e+01
8.452478044279493474e+01
9.069629922144002876e+01
4.484140020421953921e+01
1.678130930426133816e+01
7.798604303245112135e+01
7.732678986217840134e+01
4.371651826126813489e+01
3.869665925975526477e+01
4.973833867120178809e+01
3.746698960680046042e+01
5.157031502609385853e+01
6.020149716142852014e+01
8.778123071322241344e+01
6.116433498010231951e+00
3.769645022007207302e+01
6.354157896029121844e+00
4.495234524783997543e+00
8.948787536671378007e+01
3.057970246328870445e+01
2.848398335976562024e+01
2.008508208703979747e+01
2.902361490581372294e+01
3.350686403376552391e+01
9.534988054654520795e+01
4.886189072902765673e+01
5.985755673470405824e+00
6.931059887866823033e+01
9.590940057330253410e+01
1.793321782046097823e+01
3.482220288604129621e+01
5.577567396512980480e+01
8.641464975941876503e+01
2.212683440757249187e+01
2.297602757469765322e+01
2.161694836431257016e+01
3.428888791495477051e+01
8.503676845419551000e+01
8.642696885471494284e+01
3.755039246655369567e+01
6.429715261961138140e+01
1.283869623000339999e+01
7.046152582476416626e+01
8.594498009031413233e+01
9.216806681932152401e+01
1.881317704415828018e+01
6.122765186746836896e+00
6.714967866360882454e+01
4.583442471955836339e+01
2.494716420874273410e+01
1.217139443852067693e+01
1.959804839864438719e+01
8.190648458288045219e+01
3.161010114981719354e+01
7.156494250508546884e+01
9.341896160026979601e+01
8.884108897460950516e+01
5.574618471472088288e+01
3.768944070137562363e+01
6.818270211885206322e+01
9.359624378614650908e+00
4.066908797182251334e+01
5.233061367732396718e+01
8.927447637681423487e+01
8.199382303476372158e+01
2.985505030610008248e+01
7.826220926743842199e+01
3.445150893450919227e+01
7.079802554131187264e+01
8.625084159760598723e-01
6.816795857508842005e+01
6.099415326899346468e+01
2.758498029092626425e+00
4.653414472917171452e+01
2.640374311760742643e+01
5.982861866835259690e+01
2.824036745012774574e+01
5.803818000203162342e+01
5.063577125915858090e+01
8.547427283883037319e+01
8.397207099806426811e+01
8.725380023250039585e+01
6.460868600537008888e+01
2.352257062479328198e+01
8.963997277005236697e+01
5.923922414467254072e+01
1.622259013130767968e+01
4.119503372756366844e+01
9.570404445999197662e+01
9.521695478636283383e+01
3.044152407303772989e+01
7.923165384561941949e+01
7.565793622126943774e+01
2.203360599007111631e+01
7.463266614630951779e+01
9.761458514424873556e+01
4.922596197755895986e+01
2.775054334175781534e+01
8.067451767089973202e+01
5.696775399043247745e+01
7.571384307247306822e+01
6.552392617814961184e+00
7.470844537878694780e+01
4.241930272550106196e+01
8.227771769620450470e+01
4.568054913152470675e+01
4.400641400770337697e+01
4.442202412771608522e+01
4.633662493201436661e+01
5.735738473512683555e+01
7.075953692077925439e+01
2.491779765492614374e+01
7.521690456380474643e+01
2.519764289157477855e+00
3.863265960351954931e+01
8.138308675069947640e+01
5.718979423525263428e+01
6.148046248356912002e+01
8.348005489310864391e+01
9.035633972651400825e+01
8.474608969046246898e+01
8.911470139015486680e+00
6.082177545855206091e+01
2.045346717959882810e+01
3.871592681315679840e+01
9.678608369041608483e+00
3.023439429227552466e+01
1.340695349291841687e+01
3.170530361479543302e+01
2.486258888435159875e+01
7.557673629107178215e+01
9.374752625417100660e+01
7.539400414533105277e+01
2.525385436485034774e+01
9.471457008289849000e+01
3.090052278338295544e+00
5.665895095468916765e+01
9.645024105857720542e+01
2.009730364419599624e+01
2.199468847138045291e+01
7.166191937728638095e+01
8.801103655681994553e+01
6.026867462723811997e+01
8.064957070905308001e+01
8.395620910106867996e+01
2.452572189611462861e+01
3.848176308367143861e+01
8.283310010995182893e+01
4.452134430271527066e+01
4.351768759971841760e+00
1.017630209591322554e+01
7.659254335456866514e+00
8.064598369459697835e+01
3.954778023674321474e+01
9.120196573002843365e+01
4.137152536986465634e+01
6.062659840755362239e+01
8.745612034752167574e+01
9.720004607995048218e+01
1.991757065584796038e+01
9.356989618156671895e+01
1.108693077615668976e+01
4.578248590838020959e+01
6.505215120636222537e+01
4.297353595264802095e+01
6.475184624304607439e+01
2.989033514217936016e+01
4.479816109944617608e+01
1.161290640473309210e+01
2.715588592625366360e+01
9.446127777520790403e+01
8.125794356627417869e+01
7.303250877019603138e+01
9.040580595128544417e+01
6.650982655098600560e+01
2.074506271972953542e+01
8.222028999951474759e+01
2.799289943646733292e+01
3.317514444948511709e+01
9.373794206006169816e+01
2.901118731461566114e+01
1.730764576364978069e+01
7.010166611363187883e+01
4.058489081114424835e+01
2.577478824937191604e+01
2.392209351990089061e+01
7.091086731431759915e+01
8.441274860646286626e+00
6.705793212592362806e+01
8.048623147481610829e+01
4.134537782477221413e+01
6.982644346308319427e+00
8.331956937728428159e+01
9.155627503124435407e+01
4.578458685946734619e+01
8.981710843146929335e+01
7.693132928505676205e+01
2.353010472994299107e+00
4.875153411118241564e+01
8.824491914654825564e+01
9.089658648877532698e+01
4.729330769305411053e+01
6.783375986390661083e+00
8.757184980931398854e+01
1.093279775356802475e+01
9.367728665044732850e+01
1.383873750437768457e+01
9.067977868437759881e+00
9.831745317311984422e+01
4.630806956581538003e+01
1.662919031460993224e+01
6.231249217269820662e+01
1.185239909640698386e+01
7.719977619892918597e+01
6.286603607603242949e+01
1.835440221854669574e+01
3.342547142231535418e+01
3.632613847806517526e+01
4.253572079160736763e+01
5.421214961493519269e+01
2.985601440543070950e+01
8.564190759568973021e+01
6.803219314255589723e+01
5.652002412233681383e+00
3.433261423234368692e+01
6.854248707940222118e+01
7.807562112574120761e+01
7.895410033014988471e+01
6.296137732527651565e+01
7.587560138145568089e+01
8.426492007274862317e+01
6.308374826582918615e+01
7.949383843866714017e+01
2.112012531183757957e+01
7.363949203511739938e+01
6.705320346538324827e+01
1.384815347676899933e+01
5.473292238530480347e+01
2.693948774535062185e+01
9.563326431794845917e+01
9.191455536688926031e+01
5.866492841924792145e+01
3.232728136903187988e+01
6.045544941165395159e+01
7.647960613768529470e+01
6.079778650708455956e+01
5.785295852847085740e+01
1.042731063377408951e+01
5.220576001974084335e+01
7.022354520293549740e+01
3.632500133220608518e+01
9.778911206954073521e+01
9.092139960481708272e+01
1.732463728040063344e+01
4.658670443711523035e+01
4.466481152842827207e+00
5.644677725758230480e+01
3.235473592231217310e+01
8.168166429832190545e+00
7.989763400172846275e+01
6.145460155860582319e+01
5.024601287382070325e+01
2.598277919122783430e+01
7.213037470036297805e+01
8.229353909657373833e+01
8.066607402652374503e+01
1.629469421987790412e+01
9.527130595947467384e+01
7.578119246299270628e+01
6.680501328362990421e+01
1.339618796500967690e+01
8.282538021854664123e+01
4.685500560453426289e+01
8.464976159806646194e+01
1.148300730983229379e+01
3.900645904080597148e+01
1.423728415344630527e+01
4.163262736364898586e+01
8.262236962278765873e+01
3.717960280762701331e+01
4.793946907730338580e+01
6.200253927259103293e+00
2.296570581628995100e+01
2.703402777919774280e+01
5.713201061159806926e+01
3.264144060026179517e+01
1.065950040916547792e+01
2.707692404375222495e+01
5.625660770398619093e+01
5.404079205159924015e+01
5.063362264783166466e+01
5.418475720144125773e+01
8.973314006082890160e+01
3.274560254753373556e+01
8.349282161556872950e+01
3.747883624279453585e+01
9.202489792659956436e+01
3.427901997767877873e+01
1.265612109223844861e+01
1.930154592715717143e+01
1.280596524879223885e+01
4.395235281389463466e+01
2.773632842271961252e+01
5.511822076216992627e+01
1.105511245374913898e+01
2.741506362538950015e+01
3.809025390814019119e+01
8.676160543279679871e+01
1.021311871593215770e+01
2.930532304469735294e+01
2.470060010850961874e+01
6.389777143561016004e+01
5.033249782416199025e+01
3.660165938423885024e+01
3.633108196629174813e+01
8.581312056199533345e+01
1.000100351483358452e+01
3.102341311910108601e+01
2.761936198436460899e+01
2.744522913138334275e+01
3.939943215659735642e+01
6.866769485964755404e+01
7.803070824185122945e+01
5.157402144351025441e+01
2.246358590469041872e+01
3.670271342548008420e+01
3.860980554257020803e+00
2.171147134552099445e+01
4.751793050006531871e+01
8.146555317709388078e+01
5.542763194137655347e+01
3.529378332857528022e+01
4.030136920601945505e+00
6.376607949558854216e+01
1.742162884312759985e+01
5.498598363186927429e+01
3.489979333474700951e+01
4.249252977758144567e+01
7.697120932274852123e+01
4.262203853968256340e+01
5.754047839394726971e+00
9.231344778888789904e+01
8.481359235856332646e+01
3.448767430528712907e+01
1.754823019738437395e+01
9.042987315195600218e+01
7.057620725139109652e+01
6.099633118381985497e+01
2.325672662426470083e+00
7.775534815282382795e+01
9.670550001122147421e+01
6.543494282532715545e+01
6.532841405103980037e+01
2.497799622362432004e+01
9.400914975483918568e+01
8.368279038448002893e+01
3.596561530019780406e+01
2.969682512788063278e-01
9.051823287683154717e+01
2.887957703464105919e+01
8.054440696244267883e+01
6.432069847207904445e+01
8.826025299478750696e+01
2.765937317409006369e+01
4.067306582807650450e+00
6.012532131188398665e+01
7.878826796962856349e+01
4.083995171210727904e+01
5.373994176918546373e+01
1.955444814927953523e+00
2.784396471951076180e+01
4.807648613133031290e+01
9.498363021564053099e+01
2.225776740275722432e+01
6.891731175413178789e+01
7.779645324125522166e+01
2.361302632179821259e+01
7.431264037901742370e+01
7.826920797257717766e+01
4.287670231313954616e+01
2.091437229657222474e+01
5.764782866992103294e+01
9.620331053147809541e+01
4.113507071894417777e+01
1.762699267782165080e+01
6.077096440910148090e+01
4.498823819313150096e+01
2.109413163382090062e+01
9.106825479546792224e+01
6.186825167445950768e+01
3.209079746023013513e+01
1.048796287227150614e+01
8.934226833151728897e+01
9.468398627245548482e+01
8.335467533669189777e+01
9.310033071164095020e+01
9.902345904388184294e+01
8.254242605353361739e+01
3.667385874415170832e+01
9.046870336208201024e+01
8.365517247584985228e+01
7.546731325846592142e+01
3.149385414126550842e+01
3.545187427739171504e+00
2.043292360565180843e+01
2.661232402882763992e+01
8.464571464916380705e+01
9.125790795828314117e+01
9.451981404575690249e+01
8.480717102458206114e+01
7.885091711630452949e+01
3.367121749414035037e+01
6.599546728975940368e+01
8.016241355050809148e+01
1.090414003625429551e+01
8.400488177232649889e+01
3.968403449306710939e+01
3.551228625394072935e+01
2.531239655291154378e+01
8.030339018516092153e+01
1.747238559474095787e+00
1.601814248024890919e+00
1.084355404273205181e+01
4.474531092668160426e+01
8.471180877339778981e-01
6.378315550350100338e+00
6.308806626748165058e+00
9.083648235884655264e+01
6.861608397257806757e+01
7.418128648073664522e+01
9.819745591959252806e+01
6.219812178587904583e+01
6.748390529361208223e+01
4.824667155440886290e+01
5.188403607895296688e+01
5.957344534907329603e+01
6.244703242284010969e+01
1.869987804170110124e+01
2.436810665168337309e+01
3.528817787571421860e+01
6.599298357253570657e+01
8.062625312131359578e+01
6.695316212609556317e+01
5.258942955482485360e+01
2.784887466962424440e+01
1.091011766853623399e+01
5.432666439238079903e+01
4.690668783877446657e+01
3.276177552824788108e+01
6.407833392041190734e+01
1.277204151401616272e+01
8.086827362639903427e+00
6.142363427928597730e+01
5.236702632378516853e+01
7.325563260694339363e+01
6.858923338815060333e+01
1.369302179254777663e+01
7.762447817942863537e+01
1.887925573146624814e+01
4.980900635630350592e+01
8.525862010314907025e+01
7.692942835956793601e+01
6.240211993180962935e+01
3.965458490623203858e+01
5.302139402756574782e+01
8.110804826774955245e+01
2.289632586489651800e+01
5.363475310456922074e+01
2.433903149031660007e+01
9.711193145989938103e+00
4.324341478184915388e+01
9.406936501203556134e+01
3.068354268375449578e+01
7.716862060653730282e+01
3.459760579748278531e+01
7.452820928048058136e+01
8.395274772369720040e+01
9.256778645519331405e+01
1.231939799803348734e+01
8.196537538689611324e+01
5.029569011925944721e+01
5.095092190044800873e+01
2.592366879368811539e+01
4.371292626819500704e+00
5.524790877904762709e+01
4.942543886380627782e+01
6.437937817111436800e+01
4.646186606622661230e+01
4.837175209416092514e+01
6.949353355744185023e+01
2.556812729663616679e+01
3.097497500087216338e+01
6.563932736124846201e+01
5.339924953891473081e+01
5.357975297162802519e+01
2.165068395184498584e+01
4.934857864400625971e+01
1.928091480860908291e+01
9.439591681945739765e+01
3.941702298471835064e+01
6.366590553831827748e+01
9.828994155940566202e+01
2.771520453110696280e+01
5.261011578705100078e+01
8.004164747362095511e+01
9.991050311114089766e+01
1.661687700508122134e+01
7.391440762922110252e+01
9.826110328816500328e+01
8.933920329223442991e+01
3.158709270315037543e+01
7.248738962124997443e+01
9.841255030708674667e+01
5.191323083941860261e+01
5.381006453954078950e+01
4.929840242315178500e+01
7.102468154464338568e+01
9.024557442606584345e+01
8.527798939525649757e+01
6.969962365127020121e+01
7.779971500305545362e+01
1.643005806146824455e+00
9.084423989887145012e+01
4.234679430679971546e+01
5.496642169680477252e+00
1.318660439752365932e+01
1.876148004504973876e+00
7.480494539539542131e+01
2.297554152508241998e+01
7.165731334905031247e+01
9.397501600384258325e+01
7.527379910663070461e+01
9.206151432329248507e+01
7.658916464312352446e+01
5.800342015117701777e+01
4.519807450335429166e+01
1.572914153543116811e+01
4.313952305885708682e+01
9.454457203352130534e+01
7.437977124010053842e+00
5.193378426538343007e+01
7.155060792235590839e+01
7.984859929745020679e+01
3.590078273597103475e+01
2.231814840488878104e+01
4.844717358766916959e+01
6.533713566353743829e+01
2.666978198776234166e+01
9.482269568933767800e+01
1.828265547587408690e+01
5.463950488034696917e+01
6.318454307037330153e+01
5.092652281355208999e+01
8.811190964270845427e+01
8.695467123092839756e+01
7.781361558711888904e+01
2.863874324246689085e+01
1.798076208436083334e+01
9.195221827896146749e+01
9.202166035217167916e+01
5.986498880612800377e+01
8.346604953230742296e+01
9.179710951187792034e+01
7.656604204860113327e+01
4.892445847689479166e+01
1.257493939118228354e+01
7.902732350560751229e+01
3.030405690394777452e+01
3.403170639006559384e+01
8.112492544755831148e+01
5.438440659841637626e+01
6.873707063209422152e+00
1.746643129505087710e+00
7.109511025496543368e+01
3.583789384456541427e+01
5.971939725953950528e+01
7.454315795396786370e+01
2.984547911414371413e+01
6.358288222430024916e+01
9.437534428144947185e+01
4.006302974136153239e+01
4.458354593689113443e+01
8.068861785912926621e+01
1.561319734982746787e-01
6.577569711243073414e+01
5.368885852414631188e+01
8.345798985605838993e+01
6.265371845646838800e+00
8.755599318559863775e+01
8.793519523266459714e+01
9.771801314518446802e+00
1.368770581420594112e+01
9.341168281097655779e+01
8.034656740907956873e+01
9.127721316090949699e+01
4.811430059184262120e+01
1.287147022266510454e+00
7.327797881552189097e+01
5.102526036352553973e+01
2.345021602146397655e+01
8.261673133818109704e+01
2.568287120481183017e-01
1.292798152526791711e+01
1.208324169490430045e+01
4.033960284077486591e+01
9.679633050396471106e+01
1.728677669816057616e+01
1.703630653192850275e+01
4.467883452283867030e+01
6.108421214617133188e+01
9.641535518135613714e+00
8.163138479339765752e+01
6.802779416552056091e+01
4.704749950716680118e-01
4.376246936052506697e+01
6.594782753093484473e+01
9.223706698067269372e+01
8.744054053110799885e+01
1.122853770475062962e+00
5.701675899988950391e+01
5.989816463226290466e+01
1.261962826332935173e+01
8.239140100733682459e+01
5.825310522481608189e+01
8.916631525898114319e+01
3.429212078430226995e+01
9.877295348627603744e+01
1.730348645856659573e+01
9.781483629651714296e+01
2.887602331985139514e+01
1.599196502478672510e+00
5.291302301606386749e+01
7.109167867236550364e+01
9.516894183677111130e+01
6.628545488677819719e+01
1.347200665819222642e+01
1.206753950078517335e+01
7.294598129899066308e+00
1.096865952715522141e+01
4.279967053713059499e+01
4.674218449868114078e+01
6.174607855954285185e+01
4.478094678161441777e+01
5.004725278750134976e+01
7.484598749596604250e+01
2.952158883822038149e+01
9.887457538089060449e+01
6.260056479738608459e+01
7.569068400991930901e+01
5.793484393260281706e+01
1.211525690600386795e+01
9.447916875601521269e+01
7.036379598933579871e+01
8.616741242022193603e+01
7.527941403976467427e+01
8.923913315188730166e+01
6.824181916108450707e+01
2.032878458910870734e+01
3.290362888272341024e+01
8.735757149088951223e+01
5.658644304262566749e+01
5.681427161473321519e+01
3.572720055824348862e+01
7.443459089740325396e+01
4.650523608788259544e+00
1.573196523059094964e-01
8.974947140134673873e+01
3.481493354830550402e+01
2.007769956460172622e+01
7.123885759120230432e+01
4.450719335297673496e+01
9.953183685556929561e+01
4.354479980609375644e+01
9.541465947895272848e+01
7.660027230943737209e+01
9.210536594569128965e+01
9.335062984701981748e+01
5.409394397565590396e+01
8.748735476528182176e+01
8.827003535926866107e+01
4.846737572062220778e+01
1.306036874587416285e+01
9.002782613876915718e+01
7.900170414859816503e+01
6.510866826842138266e+01
1.951209089444949640e+00
9.443748019052272014e+01
1.932519665870535697e+00
1.860223782952030724e-01
3.190047666439327401e+01
1.644868547621092247e+01
1.323922546738118911e+01
5.317975432141198411e+01
2.912128604337538462e+01
4.284422451589762204e+01
9.727953087479278338e+01
2.038595188146607029e+01
4.963861950942553136e+01
1.795814601259604348e+00
4.174011384767140065e+00
6.323741456115217119e+01
3.300836079385837962e+01
5.461249150925478091e+01
2.163676879289070243e+01
2.918392471810470212e+01
4.080202364842621421e+01
8.830222072240164266e+01
1.751266398408923841e+00
9.608141003821968340e+00
2.681907832819129212e+01
7.812628876325203464e+01
6.679139315779444530e+01
3.410638525535503174e+00
3.533325728854936898e+01
3.143410338252020608e+01
8.189440008708434959e+01
5.199655458804435426e+01
7.050877747194066103e+01
8.743677631930617622e+01
3.617993177201740451e+01
2.768766881144135539e+01
2.407917912793823234e+01
8.843658544069431571e+01
1.722637172785168502e+01
8.890168130004242641e+01
1.841704751100380477e+01
6.772462108066731901e+01
9.958370292377136934e+01
1.631573888493190694e+01
8.534248026525925468e+01
9.800472162880619464e+01
3.852956895302012441e+01
1.336864279692864343e+01
6.132473847991457205e+01
1.254413012775371605e+01
4.456801791714695327e+01
1.787948053593357756e+01
4.305059959562498051e+01
2.604280806416526772e+01
9.991387778879237658e+01
8.208451871471358174e+01
9.204544845568783273e+01
3.630004199814916888e+01
5.639605210455677309e+01
7.627408608069840668e+00
4.322456710386101264e+01
8.982743358524494681e+01
8.411280635933138683e+01
6.211319208913602807e+01
6.090692150797292470e+01
1.083331882988691675e+01
5.585858489129472559e+01
4.670530056439501720e+01
3.169439633152079239e+01
5.560942841804065040e+01
7.652266136436604427e+01
7.107973488314416954e+01
7.045925776030117049e+01
9.282795204779877452e+01
7.418350729817284162e+01
4.736238125627301088e+01
6.924155887294710965e+01
4.399585585904984697e+01
5.143345908026587665e+01
3.360681905003739445e+01
5.099993787987791904e+01
5.409893286100455612e+01
2.166117158925984398e+01
5.862562923403742587e+01
9.836586482224500116e+01
5.833625584607153058e+01
5.665767188128486254e+01
4.986221330987997646e+01
4.134861533315420701e+01
1.780852292251934443e+01
5.198486235810763390e+01
9.625528845594239158e+01
5.757907486920726114e+01
5.949678019774230364e+01
7.486457642113087729e+01
6.990520307706383107e+01
9.762046499106189401e+01
1.083391036107386185e+01
9.686799399695622981e+01
7.281923066209246542e+01
2.972965518494001813e+01
3.639949521530305532e+01
3.234273784588924627e+01
7.986862043282727086e+00
3.028441990162363950e+01
9.594036276380846573e+01
2.150434421567439713e+01
7.188837949214631351e+01
2.289685305864198739e+01
5.700387287414566018e+00
6.368421438944097446e+01
5.851642821936030714e+01
1.259616812021004861e+01
6.619169872318508396e+01
5.217697634763772641e+01
8.917308311287132483e+01
9.187923041734514129e+01
4.348729420616802344e+01
1.244245609762818461e+01
3.567958992354117953e+01
6.203389758839060875e+01
2.898217540565707395e+01
6.445376780987741938e+01
1.694667876726937550e+01
1.564695032011942288e+01
9.373005465087291554e+01
8.729564645551579360e+01
5.556043836983861439e+01
1.217060513021194268e+01
9.862132263288678757e+01
8.418686247307132930e+01
1.020404371020229206e+01
5.994094507140502515e+01
3.866612718167417029e+01
6.807591721155623077e+01
3.421478947239924651e+01
9.325296477584824117e+01
9.611484666314672154e+01
6.739276868826247835e+01
1.133617507167363669e+01
7.432299861848771627e+01
9.963475190400995984e+01
5.135248410625293047e+01
4.211367414948882271e+01
9.934515076358530905e+01
5.601581073519336229e+01
6.734090251437250174e+01
9.384483920605548235e+01
9.134746192516573160e+01
7.933164351496324684e+01
1.561589778946603779e-01
4.647130285403326155e+01
6.875255871521490292e+01
4.401730678513582262e+01
8.184366225663852745e+00
4.839813734399630363e+01
3.968800571899061680e+01
4.168615328028235467e+01
9.918239090492015464e+01
1.417258622908398280e+01
1.145162324398828524e+01
9.228797840109554329e+01
6.421699956307540447e+01
9.268321106946527266e+01
2.821239989645496493e+01
4.557324224559253878e+01
5.532582044708214397e+01
8.971463556426211028e+01
8.121497412614930411e+00
9.674836030586220659e+01
3.633511556044057045e+01
6.891909949772447419e+01
2.633795308001261049e+01
9.190035285258900899e+00
5.955736057255906246e+01
6.418081745300204943e+01
8.011796462919261330e+01
8.587938586993250567e+01
3.307618986878247114e+01
1.161518660993043994e+01
2.453948370759073683e+01
6.497073613587955876e+00
3.100246025050221732e+01
2.993127615467150449e+00
5.330572192911022711e+01
2.867045221618862527e+01
3.955629468413111027e+01
6.177608988725496175e+01
9.527018704482979672e+01
1.911893365351669161e+01
3.972854880088604546e+01
9.526913391191311575e+01
5.737707114458044089e+01
1.541211144885521378e+01
7.438731578321322147e+00
6.605113006787409802e+01
1.439496280261113270e+01
2.916575743302562884e+01
3.208537367394052353e+01
5.070231475692956735e+01
5.963098366364494751e+00
5.354419703253344665e+01
3.525495059151486998e+01
2.284998899408186013e+00
9.098732671879523082e+01
9.799220035504791326e+01
4.573966651767163683e+01
9.641667774044044847e+01
5.263093793382930130e+01
5.672936500832853568e+01
2.015032422807987444e+01
1.163586031216206074e+01
9.132606754631791546e+01
7.977936650113817052e+01
5.567751743664699404e+01
1.723678772742685084e+01
1.556760104263697997e+01
9.819866479406879023e+01
7.514173026505247321e+01
9.626391198896597245e+01
4.210242036145819355e+01
4.268316657684631821e+01
4.590587137635754544e+01
5.816181381972349840e+01
2.462220372635059817e+01
2.343661367045829635e+01
8.085076745584169089e+01
1.022023501642780374e+01
7.416927370610667936e+01
7.097583103530260473e+01
5.279540726447795862e+01
6.751964646394343106e+01
2.387572004154881000e+01
7.696268536512543790e+01
1.654555083798323523e+01
9.141733765768587716e+01
5.210843759639445238e+01
8.603330179892950014e+01
4.206939492606033326e+01
5.363180630983855934e+01
5.838750766557894423e+01
5.893100889787353935e+01
2.308653089516501211e+01
1.760324971485709256e+01
8.234430028181579075e+01
5.945688123704545802e+01
3.403684189015127970e+01
5.331578327444545096e+01
9.018577905412561435e+00
9.795312208257955788e+00
5.596006224915994309e+00
2.454015390663237639e+01
1.684598225116296089e+00
5.885616220294047451e+01
8.784347726078389940e+01
8.505266593477358583e+01
7.714611972467186263e+01
3.144729612282730713e+01
5.176476844923531928e+01
6.639233404072431455e+00
5.622768051366718112e+01
2.898750954530374813e+01
2.142806686599347898e+01
8.906019155977936919e+01
7.861300591574081409e+01
5.196686603632150181e-01
1.839440709209718605e+01
3.251734255706193721e+01
5.062189019788681321e+01
2.097513880657832885e+01
7.698059445872644346e+01
9.792469125810160335e+01
5.773827676909111517e+01
9.294905183566203988e+00
9.235820221864501889e+01
7.601845591605554375e+01
2.045530167717495118e+01
6.457031986630506992e+01
8.579623400030040159e+01
2.153300187770273055e+01
5.897461948957527511e+00
9.651932788415237496e+01
4.426422691757676375e+01
6.674766180772860480e+01
8.025628880896302064e+01
8.437012385514870516e+01
2.997310561286630204e+01
9.951321952452080666e+01
4.183237033356726187e+01
6.900278017475521608e+01
3.398989907480015660e+01
8.834927473429715405e+01
2.758302354475653573e+01
8.926654523525894547e+01
5.027960751155342223e+01
8.229358876134919853e+01
8.361915821493475676e+01
4.459111020526134439e+01
3.890054221436130888e+01
1.941311083493182466e+01
8.685711201358260780e+01
7.902530100459891571e+01
1.530307391241557724e+01
7.918414627876572354e+01
1.107098924263726403e+01
8.107085708025822157e+01
1.558512565180836162e+01
6.989020490778675310e+01
3.760110279484602103e+01
5.054013212049513015e+01
5.589170558703396807e+01
3.835833536757557027e+01
4.832489409773451428e+01
2.406714835830989685e+01
1.863081964723919270e+01
3.367510556489403939e+01
1.417896207865414482e+01
4.617072206927474554e+00
9.209788411892773752e+01
1.255416777812825657e+01
8.185802012813068984e+01
2.080123022961903700e+01
4.077698860199485686e-01
1.763881486388916287e+01
6.632636108296395605e+01
8.475034666657867888e+01
9.029277923610976586e+01
4.382223276160083003e+01
3.963942375536938556e+01
1.519088490800275437e+01
3.981106417844188172e+01
4.705608530290080438e+01
3.923991761311811644e+01
7.383062663253663516e+01
3.750258695599263348e+01
6.179211097398268038e+01
6.196268189019422579e+01
5.981888934069804264e+01
6.683205910923247473e+01
7.510113906297910091e+00
9.008881786190741536e+01
7.189092044015464467e+01
3.496198114337170892e+01
8.555207044134183647e+00
6.688257884831585898e+01
5.981827863330943273e+01
3.662122591510166103e+01
4.450935303642879859e+01
3.695562082538563686e+01
2.844606328314273114e+01
6.901687106291854334e+00
8.891200688907150607e+01
4.609993205265215721e+01
2.982813255179311795e+01
4.176894428800731163e+01
3.052360440136606812e+01
1.663424797336684335e+01
9.504997470092547474e+00
6.393268968758076909e+01
9.764824410676030908e+00
1.893604265185333446e+01
3.705302947733481034e+01
2.877136054583047198e+01
1.530263013434243291e+01
1.377415391516316845e+01
1.378917341077201542e-02
4.101192737209844097e+01
2.908695940883272613e+01
9.967928358282043177e+01
6.889056474144855713e+01
3.544123812732965462e+01
9.218855730251794967e+01
6.517394291261381056e+01
2.227769227593448065e+01
7.186427880355583397e+01
5.371733561042301375e+01
7.601240439465793486e+01
2.820246866750172288e+01
7.116512565416040559e+01
3.593032764943091451e+01
6.980866514870345441e+01
3.662519061801243936e+01
9.003837508743632156e+01
5.873381713928198167e+01
1.885011821744160443e+01
7.066085994375869461e+01
4.409337461271767467e+01
9.967281358310192729e+01
8.558215762004374483e+01
6.595101138743709157e+01
8.290694424473321078e+01
5.187481931130393065e+01
5.784099497008357815e+01
8.965444184071773748e+01
7.026033370645777154e+01
8.947526347527883672e+01
3.639276822103929732e+01
5.355608708574636267e+01
1.924312711344027349e+01
1.539160182694502232e+01
1.876937814942305494e+01
5.601432866199333915e+01
4.482599551113830216e+01
2.803503079454007363e+01
4.160816338540123382e+01
1.082965240422776354e+01
3.067490993621526485e+01
1.431186396570494068e+01
5.856945044324896799e+01
2.461482157342891242e+01
8.394131476233124545e+01
9.867466008423085100e+01
5.930619307095184212e+01
8.415920221208652663e+01
9.292221402645110118e+01
5.935115008992174523e+01
3.106841367775469109e+01
3.772534911880202202e+01
7.110503789315181677e+01
3.224500776902733179e+01
7.020127300240038437e+01
3.691166387424880924e+01
7.661788456426369009e+01
7.531137142898947445e+01
7.899828891853427137e+01
9.372146067141525805e+01
8.274875268129132166e+01
3.980364149995334344e+01
7.900273591594309153e+01
9.660895625477668602e+01
4.246287648131708892e+01
8.639796705836701562e+01
6.873813139064176880e+01
2.638366464956868285e+01
5.270805264337155194e+01
8.839839278204848938e+01
6.712793496250726832e+01
4.266531539616874369e+01
2.809594570112203726e+01
8.067813856744642464e+00
2.385995341494436772e+01
3.678256809974666197e+01
4.530764324688178846e+01
8.083546693688336404e+01
1.107803450169972947e+01
4.635506040520698257e+00
4.460777543974690929e+01
8.776034512764829287e+01
1.027363903254763144e+01
9.372131290629202738e+01
4.393142664589593238e+01
5.454631239059215631e+01
1.559002929513281188e+01
6.047229196385409722e+01
4.119810034887524353e+01
6.699234493812149083e+01
7.759376631666691893e+00
8.318576855547364346e+01
8.073785301858266905e+01
5.511609482069340515e+01
9.923006386371409349e+01
6.517620811474986908e+01
4.644325812485217142e+00
8.176479496548198256e+01
8.113934042603433738e+01
7.263177641703705945e+01
8.069033525621418335e+01
8.169564465379269791e+01
5.880447480859665177e+01
2.478446723577555488e+01
1.207454549728364057e+01
1.789568195623071389e+01
8.258235988818934459e+01
1.104305897383919266e+01
8.147888286251748013e+01
1.185646739659821414e+01
8.270256261697387856e+01
4.764718925374904757e+01
7.517341767532714769e-01
8.282033766703555955e+01
9.389659290500192412e+01
8.272679793812610427e+00
2.107078255898580110e+01
3.839111679348016537e+01
2.873015363151662882e+01
3.518849578722290516e+01
5.307486576504738096e+00
6.507175308014201676e+01
8.145573267318934541e+01
3.902889723119735521e+01
9.258686435353243382e+01
2.814431600755327167e+01
2.760245234860747576e+00
4.592183928832733386e+01
4.748325624855937122e+01
3.552386073778512898e+00
8.742677569115279823e+01
9.242183145866465566e+01
3.053247482379208932e+01
9.488504865625633045e+01
3.353432064636297838e+01
8.427203741000298010e+01
7.927419088205809317e+01
4.509239772689676329e+01
6.233828011787002765e+01
6.423907632606513118e+01
9.438196288728354943e+01
7.390474124266532385e+00
6.327061048791293274e+00
1.444427889325642411e+01
1.291112056168683964e+01
5.333119574084859238e+01
8.619600560411029733e+01
8.650242819831450447e+01
5.747129908763626283e+00
5.570188663017822961e+01
4.655832341555554876e+01
2.383140582107748884e+01
2.829209729849512200e+01
2.090766020043412965e+01
4.939194256694887741e+01
7.286173033251645847e+01
3.013565459855770357e+01
9.307842040835234698e+00
4.134519106719297810e+01
6.831888524911317973e+01
7.420359973904588458e+01
9.007142405453258505e+01
3.770720802028382224e+00
1.021197747480407969e+01
6.064210812190240496e+00
4.377403931246588797e+01
4.541317032523502206e+01
6.063956141028270963e+00
2.013725596390195705e+01
5.105076839560147306e+01
8.311626605449039573e+01
4.981621460054096673e+01
8.288931444527003478e+00
2.808027887898344588e+01
4.732359564617816261e+01
8.572979239193007572e+01
7.908682371674881040e+01
1.961604857034305738e+01
7.336002945554582766e+01
5.415444863529705444e+00
8.678090682408684131e+01
4.393464517163492289e+00
8.510370167299714694e+01
3.445976382943337768e+01
8.813044841172768429e+00
9.723039873349604534e+01
1.297310490578576037e+01
5.488418284020964677e+01
4.037758495656187563e+01
5.627462956172188058e+01
4.847087221747619168e+01
5.123994585290557779e+01
2.976744739351611102e-01
8.933066793499224900e+01
4.269882631580026100e+01
4.406516654567141700e+01
3.138944976206008519e+01
9.172656792108563195e+01
7.293710650104105753e+01
4.220770090448646528e+01
4.755651513633789307e+01
3.552771602794141614e+01
3.448350377702465153e+01
6.857011906226487952e+01
2.867517711856626406e+00
6.996384809749271483e+01
3.258529235383967659e+01
6.806442617843134713e+01
3.264928729881798830e+01
7.111546527790115135e+01
6.078845780183769421e+01
2.776989576578757735e+01
1.571390598503221625e+01
2.130306322880705139e+01
7.223415915715999347e+01
1.477750614031636545e+01
6.122860807907463254e+01
5.676235326383122981e+01
2.334022486663354101e+01
5.431602174786763726e+01
8.514508356339167960e+01
7.020120171822055966e+01
4.861864341758722929e+01
7.435878992340452953e+01
3.294796213489627235e+01
6.229308321336057830e+00
5.162958653629809191e+01
5.219514186505359277e+01
1.866035939773620456e+01
6.993051736441483968e+01
6.780681943332844241e+00
3.297102073234673725e+01
7.039220711980772194e+01
3.417423728017997320e+01
9.583214284187874910e+01
7.094949435468535626e+01
5.805101886959087665e+01
7.876275965552376590e+01
3.201714565846513239e+01
8.409119020532833133e+01
3.992631995023509717e+01
1.433393166172824973e+00
1.126537730381765812e+01
5.909934204137727676e+01
6.034114860613345144e+01
3.653176375751640137e+01
7.130876968643993052e+01
6.232026724056299827e+01
8.185124845278838279e+01
2.647353230682510983e+01
4.090531337748090834e+01
4.916610529005125585e+01
7.348990707356422547e+01
2.898828294532910377e+01
8.235948441618012339e+01
6.749944842121803390e+01
6.745550975421545559e+01
4.569004565711411914e+01
9.003013290050316186e+01
7.884805037934960126e+01
1.963345281500614803e+01
7.140855835752438452e+01
6.703670839089983247e+01
9.618270792931028268e+01
6.554363063847024051e+00
1.187818152105221081e+01
8.968187315300403384e+01
3.685723714857874711e+01
8.168271793539287273e+01
4.349431571320643286e+01
9.554521081153181683e+01
2.268933751626374118e+01
6.936187209018817157e+01
7.712779214166644692e+01
6.612306255088429907e+01
9.440714102730719048e+01
4.205910311402036683e+01
3.641839872082039165e+01
1.969602659995917104e+00
3.970411424378524146e+01
3.824653139259890366e+01
6.655665353357963454e+01
3.470505651938344016e+01
1.555970892515621173e+01
3.296126426653949437e+01
9.113818643465296532e+01
7.930333265608335580e+01
2.876827210015801128e+01
5.909288297336118490e+01
6.867638168442373114e+01
6.061676404679474928e+01
7.211524278450835368e+01
4.254329961640676316e+01
1.957993991400766021e+01
9.026452151014062508e+01
7.747450098586557488e+01
6.245687847783177915e+01
8.285179454147436218e+01
9.863437703112050770e+01
5.686993029393979526e+01
1.283971657267055733e+01
6.575653053662500724e+01
2.996643876981606169e+01
6.964237613094816481e+01
8.431180918097916788e+01
1.111942663472859039e+01
4.636629294863345052e+01
6.992736465073632246e+01
4.456251843314515071e+01
2.909784111309001631e+01
9.977892800113519201e+00
9.415344422600988139e+01
4.273450306651638186e+01
3.433147780777523472e+00
4.553773756895866853e+01
3.995157903134378330e+01
5.808744088717101306e+01
6.372562888290773486e+01
6.679569302812777210e+01
7.234612452544514838e+01
7.647173352877148034e+01
6.054731076429720105e+01
2.669827892643895595e+01
7.522714599079417042e+01
9.720012370509904542e+01
9.605204346036848051e+01
5.573679303492322390e+01
1.320752132426198422e+01
6.717442178803545438e+00
8.952871297860077959e+01
9.603795109709597000e+01
7.794034852138700842e+01
1.211944250539261958e+01
5.687510542275580860e+01
9.665490091892530700e+01
5.213182698593779918e+01
6.592879067705636587e+00
8.275632125668084882e+01
4.430817383530937903e+00
6.745183407512409701e+01
8.729830657371451252e+01
7.486039777822166741e+01
4.233261217786123609e+01
7.271141353362652993e+00
5.446642331190980713e+01
3.703664282308000111e+01
5.300590426678550671e+01
6.159721167715621704e+01
9.914903022515902364e+01
8.030409872291203044e+01
4.101219731836155091e+01
3.794530243402538527e+00
2.685651944128525415e+01
7.087204717778369911e+01
7.678016450033308615e+01
6.863290967164414269e+01
3.053816427985338677e+01
4.340439500754148838e+01
5.946648999932669710e+01
8.512709466733244312e+01
2.407097607611432721e+01
5.848829377915908623e+01
1.648215359141602576e+01
2.340712267300637528e+00
8.737413982124134293e+01
7.427249146667915625e+01
1.167295170988875697e+01
4.189308468451378076e+01
1.107365712129172408e+01
2.439623695000551251e+01
2.450244013018642164e+01
9.070351172295842446e+01
5.226084657677679957e+01
4.396925305344473145e+01
8.048797364514908281e+01
1.616171751589430272e+01
8.753705866540483882e+00
7.182332311097134436e+01
3.354311920895590760e+01
4.644895938765468912e+01
9.206839738624072567e+00
7.592082213025128112e+01
8.331610058177710698e+01
6.400346034029080045e+01
2.752517419135826060e+01
3.004259779977425104e-01
8.215502971473821248e+00
8.384841612834755153e+01
6.803313775772113559e+01
8.261208044394575722e+01
9.237395519562646484e+01
8.608506081543577437e+00
1.305444777167159565e+01
1.943125062233141875e+01
5.574194167418211521e+01
4.666453703562368815e+01
6.129143478109070031e+01
6.855551101354261334e+01
1.774969979557632271e+01
5.296707222912521473e+01
7.397984580759823814e+01
9.252378285900584842e+01
2.313713192136282970e+01
6.321432733223916500e+01
6.161330375733295739e+01
5.354759559954624137e+01
9.197237431690213327e+01
6.352038380604372492e+01
4.864814349262120885e+01
6.676862694325049574e+01
4.017564447671001204e+01
7.565869228421423998e+01
6.721211623723462480e+01
9.532480885975080298e+01
1.667483142331666102e+01
4.518440903781360163e+01
5.806038882645911769e+01
8.370986120403229336e+01
1.469353703576661374e+01
9.006558010934850245e+01
1.296689262898756922e+01
3.250282414369596040e+01
7.165846632486898216e+01
4.651713244774408906e+01
1.597383197995936399e+01
5.154130767545117564e+00
9.066553133222642202e+01
2.770932679474768889e+01
8.285237027997077064e+01
7.739588047035828033e+00
5.494868630387605890e+01
4.110197433707818426e+00
3.375860203487770406e+01
8.286232542586827776e+01
9.979069005632399580e+01
9.214718203348350301e+01
8.554412761311937174e+01
2.016327729734032204e+01
2.252758980504619046e+01
2.501630393476490610e+01
2.310992392540855978e+00
5.426433421176580651e+01
8.846495340623948778e+01
7.738022274375437348e+01
5.050845772665005029e+01
4.911458874376085504e+01
5.220893657574221436e+01
5.863611592915791704e+01
7.072206195000440232e+01
5.525155359466013039e+01
5.691952882244019918e+01
1.341031789769776594e+01
4.298277050260138310e+01
5.544054207976370208e+01
3.320308116153285738e+01
4.637688827682928405e+01
7.249755213834997392e+01
3.337965862809922868e+01
5.079062233964720718e+01
9.751824147785194441e+01
1.738922684836317245e+01
2.985877872379445463e+01
2.142199780440126133e+01
8.986504425480450209e+01
1.237445459938080194e+00
9.840191586366726995e+01
1.653048227974880291e+01
5.681050459050523216e+01
6.726934317459686952e+01
9.040536358492798286e+01
8.530017758663964855e+01
6.703076619386952473e+01
5.506494477843568802e+01
1.493165009223952389e+01
2.726942691593647794e+01
8.539960782404132544e+01
2.532393004251673929e+01
7.641041353649161749e+01
8.763808374218059782e+01
3.814472738884702352e+01
8.357591506168549067e-01
4.958568241964341894e+01
4.773488528978158030e+01
2.255831520529660850e-01
8.662706981950707075e+01
1.227114282050301153e+00
3.567506783250540270e+00
7.759200514439180552e+01
6.288283142163719752e+00
7.771221207895621319e+01
3.195947004138333014e+01
1.946137617667468334e+01
5.345462644798970331e+01
2.802074712735279505e+01
1.136570500888074520e+01
8.140094490556600704e+01
4.763896176673213745e+01
5.013035040991908886e+01
6.307496844537475056e+00
5.574876438268216106e+01
3.640459214284486045e+00
1.542945261517795252e+01
1.648165959834275895e+01
6.503246961297074336e+01
8.084150283532920866e+01
5.001484370532732981e+01
5.370675576309626109e+01
4.567281069028960871e+01
7.545312221662652519e+01
4.319587600245359482e+01
3.191119344491038134e+01
9.524655530584152530e+01
9.900286364408583495e+01
4.171116855905405885e+01
2.458008888234205358e+01
7.524192307955079428e+00
9.746142521006017034e+01
9.321641335058923516e+01
5.625980465840182632e+01
6.979501828033183131e+01
6.986540985875389076e+00
7.306584405109646241e+01
4.801259961372372764e-01
7.080655034712036411e+01
9.485268705867107997e+01
6.128789043596385255e+01
6.314901660812392947e+01
8.168848909836677308e+01
4.490838565547977623e+01
2.875568646360144953e+01
7.246039935369608997e+01
6.190627440551422112e+00
3.699948510893092646e+01
6.863151660085227945e+01
3.255998590939667992e+01
4.101709488855814811e+01
7.141501822525100351e+01
6.749924071054400088e+01
7.388014598294941493e+01
8.040162071974225455e+01
5.680992340509264693e+01
2.678255578909524104e+01
7.357974646814430741e+01
7.973964446667586969e+01
9.204344087304934874e+01
5.691369988730109242e+01
6.282104082666550937e+01
1.604164789615203546e+01
5.752812132563670389e+01
3.942920095882732312e+01
8.868466293985730431e+01
4.449153460578576613e+01
7.362034985097190543e+01
3.653103798580544748e+01
9.919606350644782466e+00
1.305679998695478083e+01
5.355067774849147355e+01
4.303610047969382890e+01
1.233870943172784607e+01
3.015419192183029651e+01
5.716547090355247462e+01
1.760558044703296332e+01
9.743232458925027117e+01
3.274615984182248951e+01
3.893870554371318349e+01
3.957537737129138833e+01
2.266142427782922297e+01
4.741164860226449917e+01
5.467680548434873344e+01
6.883715404207380040e+00
1.068424639970778678e+01
5.536599599009278450e+01
3.926477925631266430e+01
2.744148450550440899e+01
2.231425731806242396e+01
1.193148324052888398e+01
4.878074141459516255e+01
1.189386247698633881e+01
9.094081322704606407e+01
7.299469355918618874e+01
6.449897641113300040e+01
3.129419016915261409e+01
1.044520324490200203e+01
2.902464195077436582e+00
8.759330610465542577e+01
5.973378143711194355e+01
7.136187335964234535e+01
2.677336016284337372e+00
3.725419306463388125e+01
2.043946902847925173e+01
5.704387192042231902e+01
8.224286947585581231e+01
3.575338110818722015e+01
3.368509868193449819e+01
5.976105348182680643e+01
9.578406221039116986e+01
1.248838139838614936e+01
1.537974852394314951e+01
4.225392840477860545e+01
1.097023639528312877e+01
4.174704308956180654e+01
3.999316621996595700e+01
1.496133566248529689e+01
2.890168823214057525e+01
2.540617080927438565e+01
2.025459080233766684e+01
8.341629342113736811e+01
7.930980832950760373e+01
4.577531392345064631e+01
3.909132136293755622e+01
5.798430535440013500e+01
6.392002571526494847e+01
8.281956748352445175e+01
7.614960230676810227e+01
5.118508179844864969e+01
1.985854018766830542e-01
5.372921867172460964e+01
4.709467581189629826e+00
1.649574532570758834e+01
5.102889614116789829e+01
2.511501228725043688e+01
2.457184293984265722e+01
8.856309755861083488e+01
4.155043812476905174e+01
7.698991217980736224e+01
3.488682000057752308e+00
6.618709441279519012e+01
4.328289756356137019e+01
2.349621591188751779e+01
6.298109190735624452e+01
6.730966778181114307e+01
6.724635274100893412e+01
8.405336285902142990e+00
5.414599618704741602e+01
1.628183509682193986e+01
3.075245138298765468e+01
2.606974462661299086e+01
9.472891371294663543e+01
1.204676559718174111e+01
2.456924855158532139e+01
2.775591980548144377e+01
4.312086191744084829e+01
2.826417490647492592e+00
1.392529484052362765e+00
1.871848842169499960e+01
5.538739628380248092e+01
7.663401587060218390e+01
4.002690057301877857e+01
7.034584631524806753e+01
4.913676058152982762e+01
8.125495809643811640e+01
6.310778666767235734e+01
4.370493530947327798e+01
2.298997049937936410e+01
2.168271302721461780e+01
4.788984986241968755e+01
9.591766177038672936e+01
7.318476782205087261e+01
6.182775552632759997e+01
4.829529142255267971e+01
5.236775496969487165e+01
1.743807251079187992e+01
5.912056067153307026e+01
1.387522179026527880e+01
9.774340771543721473e+01
9.740293596612680460e+00
7.281335267794840149e+01
7.915074492592322208e-01
6.271498542542085630e+01
8.066952023349801948e+01
8.581469238075121098e+01
6.769539737069985463e+00
4.237395735419337228e+01
4.696763935977398319e+01
3.862995180448100996e+01
8.613314933961051167e+01
9.454632032987703383e+01
9.272355380210836984e+01
1.286623693927074719e+01
9.643332873728400045e+01
5.553719455236585389e+01
3.922483442781943275e+00
1.684346426857511503e+01
4.504369815941559096e+01
6.402421954162156226e+01
8.450492519789550272e+01
5.860321500681753548e+01
5.309607813447932045e+01
8.901472375815686178e+01
5.771590709343053049e+01
5.214970619799693452e+01
4.531722058821712551e+01
4.895386267820953918e+01
5.435098985459811161e+01
1.380344558484094541e+01
3.848686108218309698e+01
8.290879434183298713e+01
5.558119477581561085e+01
5.975445018354295001e+01
6.496885128224137418e+01
6.035722623340070925e+01
7.656696040582812657e+01
9.090580460304047961e+01
1.044127072410618950e+01
1.791388783455517597e+01
2.665272384995257582e+01
3.047842679275579769e+01
4.875499709060870934e-01
9.469771844514752956e+01
9.801743327004267314e+01
7.378980226010604326e+01
1.171756755125606908e+01
6.337937837133244656e+00
1.670227278102747093e+01
9.640477119618491031e+01
9.332297496767205303e+01
7.379623049398573187e+01
9.252029729539385983e+01
1.176384032333741558e+01
7.579417901586990070e+01
1.206946683501153306e+00
8.766715994832135550e+01
9.505353741250344513e+01
5.269317634014814900e+01
7.359574598802129231e+01
9.818391138146161268e+01
5.009457665119907688e+01
6.548793809240744679e+01
4.275779834511678246e+01
6.591224985715271600e+01
8.950114082484084577e+01
2.110624265899413388e+01
7.539784112025832030e+01
6.863767984539929046e+01
2.152094886741737767e+01
4.270165183333755010e+01
2.993197283713444623e+00
3.955621513213505125e+01
5.959355308565951503e+01
2.801946495815664662e+01
4.783715694464370927e+01
7.035306497860838704e+01
9.517003160521676364e+01
2.650717397231028372e+01
6.276602200978494750e+01
9.983902914408643881e+01
6.942131371253755390e+01
6.660406784180570128e+01
2.916823768504268699e+01
3.163759342503246330e+01
1.734840462941417272e+01
8.408775561922622899e+01
5.328708564405643955e+01
1.010160023814495922e+01
2.229055094345857668e+01
8.638295476583169830e+01
5.921297590252630982e+01
2.116508745991639984e+01
2.622222615743314833e+01
3.824562522406874621e+01
8.095774012081700732e+01
5.947983533163188241e+01
9.019685847175313143e+01
8.972092600805603979e+01
7.664459087762183742e+01
1.536375210199801877e+01
2.000877681982852252e+01
2.098481631203647879e+01
5.686310040871499183e+01
6.887037207027979946e+01
3.343020547733483738e+01
1.370375053330665693e+01
2.935060123917488895e+01
7.779106281668202882e+01
8.043161624752339378e+01
6.505359992781933443e+01
6.364620750256657544e+01
5.003982857525746120e+00
6.652634233057177937e+01
8.403776945643811302e+01
5.952625475406113509e+01
7.840675714698392085e+01
6.360254423691601744e+01
9.682235335240599738e+01
4.222599857542320478e+01
4.355131018928811670e+01
4.145462496653767914e+01
6.448466910985149525e+01
3.325171022791081299e+01
8.545156060492809402e+00
7.171035015900262266e+00
8.969684251487366566e+01
1.990118553371386056e+01
2.867506090587725964e+01
8.865419064274728100e+01
6.309492101842312195e+01
2.266140307647874863e+01
3.033820792829675739e+01
7.169002742604175182e+01
3.725514875456445196e+01
3.613733008828121740e+01
2.067884773025836509e+01
7.518853360502392036e+01
2.617000296729862185e+01
1.116654962687562147e+01
1.719054583394829905e+01
3.282550212643550935e+01
2.335406486963560369e+01
4.867138546745183447e+01
4.750838246675548326e+00
2.183816161552757507e+01
2.119670837203303648e+01
5.169473987788656189e+01
6.376611947781229617e+01
6.439140145238459922e+01
1.596297304240378345e+01
9.242802546588112023e+01
5.567983119220233590e+01
9.888014362819141923e+01
6.381246736969688982e+01
9.325832333965068699e+01
8.115626573570858682e+01
3.080128088332919489e+01
2.871793396914203811e+01
1.272479435468757458e+01
8.076817928348026498e+01
9.287653961484717513e+01
8.795836745464004025e+01
3.782424280676477402e+00
2.252649532020634116e+00
3.290045234236222882e+01
3.705165041702349527e+01
2.850739742703581925e+01
1.774979390905928600e+00
1.879354874284072707e+01
1.297961403582912254e+01
9.294094695451370569e+00
1.924961498243915514e+01
4.351675172468446817e+01
2.753975105827597503e+01
6.985895571226586753e+01
7.733504150261527599e-01
8.823542883772347523e+01
2.412820973383257339e+01
5.622720568581116396e+01
4.657975451772542641e+01
2.649058634982506177e+01
9.270256702231431234e+01
6.996308194353686361e+01
3.003640011746201566e+01
7.677784616933452355e+01
3.504977493501929331e+01
2.430409794962004000e+01
6.992101506834059066e+00
4.899490604823175488e+01
9.448242947268667535e+01
1.409336373611624893e+01
4.855212105677736645e+01
8.645249836106869168e+01
1.175324828961174006e+01
4.058816115984601680e+01
3.067551728746555995e+01
2.947157832422409030e+00
8.369505105339079876e+01
9.960756724725113997e+01
6.684285646202610565e+01
5.440688189408764686e+01
5.801643953553730881e+01
4.189566346297830535e+01
4.523261205206426894e+01
4.578285557719404864e+01
8.894727693238874622e+01
7.324871120170880090e+01
5.790501769303435253e+01
8.157850992878168839e+00
6.950504429346673874e+01
4.038044995818172112e+01
1.067926944704551317e+01
4.011907271327322633e+01
3.631936056467536389e+01
4.545703891441720401e+01
4.957257698786515476e+01
3.562874014254299482e+01
7.684623236430088866e+01
3.816194813647755257e+00
5.163213083024699301e+01
1.658750141911114895e+01
9.716108697212410661e+00
5.033315142882933912e+01
2.299658060365192824e+01
2.023720936389551284e+01
6.125859361893616040e+01
4.794724576556934892e+01
9.367677856165109063e+01
9.888364020667771115e+01
4.923919992676195534e+01
6.211181290079442618e+01
1.978588946351659317e+01
8.297683952208657843e+01
6.996678876575491302e+01
5.729759855778635824e+01
5.256317883616549125e+01
3.109937211721429762e+01
1.095828783804457807e+01
3.202912385792465955e+01
1.728830616364511741e+01
4.807465054253502501e+01
7.950520772651535140e+01
1.276092362672560654e+01
2.730189372623407351e+01
6.944600709430581276e+00
4.817854270003289230e+01
2.926899032547248680e+01
1.004133959851798430e+01
2.466842969719856882e+01
1.172760847898193148e+01
6.616748448254712400e+01
2.890816242743373721e+01
9.795722736620104953e+00
3.809481041026633363e+01
4.341414542703005708e+01
2.205420325857886255e+01
5.000056467180392872e+01
9.809451583471955871e+01
3.800851770536832674e+01
8.484351137373600693e+01
5.143780787386409514e+01
9.646856378685342293e-01
1.514862133529246790e+01
1.311874537345559766e+01
2.297014612847140214e+01
3.493324862646471018e+01
2.654009994531295646e+01
1.916778121440598781e+01
7.904118729536989463e+01
7.060191001561988422e+00
2.810393163481551682e+01
2.666804638226706459e+01
8.230196376752266474e+01
2.785829870891719651e+01
5.988825928371666052e+00
7.832309813256104292e+01
5.793355143326603951e+01
6.813719823573029544e+01
6.771105541570788944e+01
9.740609906384071337e+01
1.349786961382765149e+01
5.437438986089593129e+01
2.186857167237762312e+01
9.614128443807227598e+01
2.782189157688224057e+01
5.311006128818706884e+01
4.907303050930369182e+01
4.502193584547114824e+01
9.764041571404781905e+01
8.045021233480524359e+01
2.550133660625062504e+01
8.815543362667513350e+01
7.372971394660648059e+01
6.657831374979568295e+01
9.993094071731823647e+01
3.571707411511798824e+01
5.271740105599609372e-01
7.234729931444938700e+01
2.453528741784625211e+01
1.205457229022999144e+01
4.264150581727400890e+01
9.284329933255197176e+00
1.375001394197642490e+01
5.961775359718252076e+01
4.268135641120680646e+01
7.261970752588726441e+01
4.551237765646551026e+01
3.808470326875068590e+00
4.035796685791827088e+01
1.523325019247785406e+01
6.662682251830041480e+01
3.420565696178518067e+01
2.896979967157819047e+01
8.571385620978857389e+01
7.252675836989165248e+01
3.666988059738193328e+01
1.831662912872628013e+01
2.697226067559654883e+00
4.543287429654554188e+01
8.827662318784615536e+01
9.541443695343340892e+01
2.699910672135180789e+01
7.970215004436520090e+00
7.740450941607291213e+01
4.770959563700532868e+01
9.282503868057668228e+01
2.895395883349938160e+01
3.213049263306261594e+01
5.331190803042108683e+01
6.380798976286576618e+01
2.033225449557063413e+00
3.520642142544999587e+01
7.864300007384805724e+01
5.435549870316472010e+01
7.989767990052578739e+01
1.917313123880215464e-01
5.977019203911925871e+00
7.130063512879291920e+01
1.207503401042199265e+01
7.597563261008505719e+01
9.840121734072494064e+01
8.422064357370115317e+01
4.337129550432705649e+00
2.427169371969139888e+01
8.512549139318859659e+01
6.021920501637494283e+01
1.121966088160642983e+01
5.323886680760377743e+01
9.544073985150036776e+01
3.630792771737888813e+01
2.243575047567492220e+01
9.011907747056189066e+01
9.590597316268237194e+01
4.220400272303857747e+01
2.268228960810102635e+01
7.588294413002340377e+01
3.714479676192564739e+01
8.913247985492800751e+01
5.625464478325412898e+01
1.054915215415863727e+01
3.381657102191105935e+01
7.252538314907862116e+01
4.018117461949280766e+01
6.076980584067304392e+01
9.740118530073506520e+01
4.757398302855374794e+01
7.711123475944759775e+01
5.893407376982368362e+01
7.959257575421015929e+01
3.051848717923966170e+00
8.219663844918345674e+00
8.122877334156730633e-01
8.391163243247346415e+00
6.598768000961776181e+01
2.742410478240601179e+01
6.179752879523160658e+01
1.967233121351616987e+01
8.139080891370299753e+01
3.939996016698417236e+01
6.215302684404640843e+01
1.333587659538737569e+01
6.768102714955158206e+01
9.489926374269749942e+01
2.737277087635217043e+01
5.459682422298375570e+01
7.171508629937274293e+01
5.897396505687678570e+01
3.824596243658062722e+00
9.890688478048302557e+01
4.180036373103605030e+01
6.305749782942376669e+01
6.840006528085007176e+01
6.551156189033176247e+01
6.096719644515245307e+01
2.553339591271820552e+01
2.725739767505119815e+01
4.075976202826103290e+00
1.824617089880479170e+01
8.564408647605145575e+01
8.059627263793434793e+01
7.285715845022588510e+00
9.578720782381047627e+01
2.310375144270693237e+00
5.590718544552366609e+01
9.555310376015884799e+01
5.938963777188040183e+01
3.681938219282968561e+01
3.298692373374323417e-01
9.544698240765076491e+01
8.149458583504555520e+01
2.581877050674771112e+01
8.839803474107037573e+01
9.612154562931337409e+01
7.448307381143841610e+01
1.481359222121382224e+01
9.549740195264648435e+01
6.656909365767459974e+01
3.161491316013086461e+01
3.387346866867363104e+01
1.418984109980355690e+01
5.111397279984497288e+01
6.580277065583977958e+01
9.095886754007467800e+01
5.977707579287258000e+01
6.658319335267504080e+00
5.116113618570511079e+01
9.593311838273817216e+01
5.863909140436218692e+00
2.542310100929744365e+01
7.073151008809183793e+01
8.547081530296621565e+01
2.320028738232072740e+01
1.001857341639112953e+01
2.089225242221080947e+01
3.721395241287699207e+01
2.907306728239414895e+01
2.796061394560603830e+01
6.661131576478364025e+01
4.521220693318493744e+01
6.659946457528934616e+01
9.105734786987301277e+01
3.435406233604706472e+01
8.353511718740497827e+01
9.010103970091998349e+01
7.309248656140143297e+00
7.737325738346653736e+01
5.788137523335100809e+01
1.978094754948034328e-01
2.331019494131088976e+01
4.716832272933403658e+01
1.220494397330856806e+01
8.824293221550777844e+01
9.143991712126874916e+01
9.633657533391060213e+01
6.906169634727041284e+01
2.828215221173064720e+01
8.236461829927865352e+00
2.471124132407299712e+01
5.464504977097707439e+01
9.612226382456032070e+01
2.459636528405915357e+01
7.673116608181079812e+01
2.007602918493053323e+01
8.514843710557458678e+01
4.294789408149720344e+01
7.446307157623019179e+01
9.701547114295759400e+01
6.853389041214130728e-01
4.531708590162249095e+01
8.100951918924785389e+01
3.212302837356172347e+01
8.613453405671140217e+01
5.303606605117471418e+01
7.642530399579318612e+01
2.229915307522079004e+00
7.843868127100908794e+01
8.434754793799082506e+01
7.048557660218590115e+01
7.189621560578574488e+00
3.358237125949581348e+00
9.889115139789902287e+01
6.674446427843015783e+01
7.656574488708962178e+01
8.047985355099727656e+01
4.630136248832377532e+01
9.389156978193968328e+00
3.966935441595544631e+01
2.926041300933853861e+01
3.290086403152372441e+01
4.140382178279383396e+01
1.519513235793568029e+01
4.288958310654166439e+01
3.676564535677998435e+01
6.248589677437552581e+01
2.219521588385525845e+01
9.249712309099994911e+01
3.137128499292418660e+00
9.531198539533747294e+00
1.000705867347030420e+01
6.649391007318278923e+01
6.414915232517275001e+01
9.195371251619000930e+01
2.896121974625546258e+01
6.274488090874608126e-01
5.181843538783611791e+01
3.012279533952996147e+01
5.617411047708473859e+01
9.731865189586174836e+01
2.832762930492509668e+01
3.598437746670951753e+01
3.816982018407713895e+01
9.938583869150447470e+01
5.419630374378058235e+01
8.939025093127135335e+01
9.102550024057649125e+01
5.915160464667555829e+01
2.473411945571042381e+01
3.771322433306371380e+01
7.565718477656313112e+00
7.133232614639480573e+01
9.832023273369004812e+01
2.731997189173251961e+00
9.415571541105896358e+01
6.529206742837561706e+01
9.608291548013643535e+01
1.401330044066726543e+01
6.835097723239441336e+01
1.246064553093217953e+00
7.814236238053318573e+00
4.905480597726317171e+01
4.507507779380068769e+01
3.684774411344544376e+01
7.714771577226807153e+01
9.613478796407480331e+01
8.705250430774749759e+01
6.549212075444289383e+01
6.210487753582010129e+01
7.782103134940081191e+01
4.652667080871213301e+01
9.352341642584494963e+00
4.845404698427222456e+01
9.854900746864759142e+00
7.440874032118273362e+01
2.347995027559125347e+01
6.920536365608236906e+01
6.066991712909697299e-02
8.194448901405796448e+01
9.773521849204513501e+01
9.790900279824268182e+01
3.990979612722719594e+01
8.771195486807668829e+01
8.212823766704168804e+01
7.002224991787487340e+01
9.030293697905176487e+01
6.836954933487395181e+01
2.713164214303379751e+01
5.780867618139495789e+01
4.542190269183478080e+01
5.025694878252878794e+01
3.033845122412982676e+01
7.059664657079873962e+01
8.507681561260098135e+01
1.028156618068283379e+01
5.337041329877385465e+01
1.649010207733124744e+01
5.946276906584654398e+01
9.089596796252369870e+01
5.795296076287807807e+01
6.319296586060097809e+01
5.151517648532490767e+01
3.038402494066858495e+01
7.203553856269238054e+01
2.467212682931809553e+01
6.940875108337229449e+01
9.903343963179125353e+01
2.140124292637460712e+01
8.735151185485325698e+01
2.640304409436235034e+01
3.622326719739468359e+01
1.142866770653576580e+01
8.446195336173066437e+01
8.926037932043141154e+01
7.536416343685884556e+01
3.861464301445965930e+01
1.290662256208441327e-01
8.885885945897483396e+01
4.242053447117859832e+01
1.010603735008031023e+01
5.588878340679728041e+01
1.115200199380914725e+01
8.271745089277516172e+00
9.451846748504745221e+01
4.824560595771411897e+01
3.935871149867929830e+01
8.857456033962746744e+01
8.508184223207922514e+01
6.438915155903446319e-01
1.684200851135812016e+01
4.710255397561687118e+01
9.441047878295638895e+01
6.312144786801289342e+01
7.263299289695007133e+01
7.105647201440285698e+01
1.169061808048562590e+01
5.083397658688505771e+01
9.754714653768165533e+01
2.113601764119861315e+01
8.317512766642620647e+01
4.074991427926066478e+01
5.263900248932053216e+01
9.843539299069406923e+01
1.333749912887477507e+01
1.835569026890784272e+01
4.187833803655654208e+01
7.477830539222996009e+00
9.381579355008527443e+01
1.599764028125840731e+01
4.731263630889278460e+01
5.834379646384198992e+01
7.925757924716940295e+01
5.396187321437435713e+01
9.993499883839495723e+00
3.757204799432656017e+01
5.021352313209857243e+01
1.479599573882538444e+01
2.466415519687985380e+01
8.883093255868689653e+01
5.737665652908381730e+01
5.017976654502827927e+01
6.414925009531398814e+01
1.550301021175531879e+01
7.620992316851182835e+00
4.714261626540105254e+01
9.946015799395053136e+01
2.110429592245953856e+01
8.632353617198219808e+01
3.444792443937132731e+01
1.350769226483695640e+01
3.708511650279990590e+01
6.484796318237695800e+01
6.073166156986652453e+01
1.695153586973119531e+01
9.342380180197204709e+01
6.700308650168331326e+01
3.232480790945913185e+01
5.564862270043901660e+00
1.419759508300182382e+01
1.786464567941747905e+00
3.865736968749426694e+01
9.105578154183335826e-01
7.485865171119067440e+01
8.468995755675068438e+01
1.900772026400229109e+01
5.672797949188586131e+01
6.551838198203708430e+01
5.943035994949810430e+01
6.747191398238031468e+01
1.797205334577886049e+01
2.929861075101592860e+01
1.193888507905067620e+01
5.637461681511206280e+01
9.700001037655243863e+01
8.836247210881637670e+01
2.802521636526710225e+01
1.763152031771245731e+01
9.904494076493774557e+00
3.966748770734151996e+00
5.726353688019521115e+01
6.128872734038009185e+01
3.816773163607302877e+01
5.252042541079661220e+01
3.213477153126720509e+01
1.994572160825180873e+01
3.725856345036173423e+01
6.830538477873471237e+00
2.315392942332482562e+01
5.965777733622834589e+00
8.725492037304188386e+01
2.132519419783849202e+01
8.929724352357985140e+01
8.269865208741194351e+01
1.063239176639652062e+00
8.263006987058064112e+01
6.723832951712579131e+01
5.491864461518726159e+01
3.718747474171804157e+01
8.893119705199913483e+01
4.642819580867529083e+01
8.024865792403777220e+01
7.536363497970708636e+01
9.990490548706347340e+01
7.045146389815910482e+01
6.930987231678659555e+01
8.467544483525113463e+00
3.014880034547223886e+01
7.180592895947590648e+00
6.042265288780583887e+01
8.307484139114366428e+01
8.108869920071907700e+01
9.340908415404672382e+01
5.326107707495969379e+01
8.405244187029973091e+01
2.051215535226099718e+01
6.263072081916038769e+01
4.099224586723554609e+01
5.502564990452807336e+01
9.296518335390823040e+01
5.074654614542016873e+01
5.020183537819572450e+01
2.307626427708911976e+01
6.159376441728661433e+01
3.614977857026092778e+01
6.109752510456890917e+01
2.822088691201483002e+01
8.267519845068004969e+00
9.816502573849219004e+01
8.220557523427470414e+01
6.634785848227015492e+01
5.371601602292535915e+01
6.425609361969932820e+01
3.071420039589961704e+01
3.490052837939343533e+01
4.926755849220053562e+01
6.161612317084421875e+01
2.205966380572865759e+00
8.059718925451390703e+01
2.949902008496014716e+01
1.216325673718747780e+01
2.637099897313976982e-01
6.617348453897274396e+01
7.446491099006932757e+01
6.775819914973146751e+01
5.445448912963984611e+01
3.342013804362423457e+01
7.193049785200778956e+01
5.105848026014925267e+00
7.454718025529986392e+01
8.087703065040507511e+01
8.772114890454000147e+01
9.956384594855003911e+01
1.865035152305329902e+01
9.139658493785040605e+01
2.689292711830052340e+01
1.384385263295794211e+01
3.290637817637824014e+01
5.572017628229519914e+01
7.103366601456816909e+01
7.159426597887220112e+01
2.932529725068011572e+00
4.912845127758549779e+01
2.090020666631711066e+01
6.858594677866264533e+01
1.255820331744003049e+01
4.801119074374800277e+01
4.845314445029076467e+01
5.373534483255968297e+01
1.461585122186627217e+01
9.223132400837529588e+01
3.143553165198410682e+01
5.306697368053266928e+01
9.981784438920326963e+00
6.462277274698435292e+01
8.511974667226925817e+01
7.524896069910160179e+01
8.965009432559057245e+01
6.179588854121992370e+01
7.953065278162685381e+00
4.764397775275482161e+01
7.590903822310062310e+01
8.154560003725316619e+01
7.984368548693912260e+01
2.078539562233487814e+01
8.097975166319615425e+01
9.116957801372304715e+00
7.996756619252010978e+01
8.675790679037079656e+01
8.501852923078770630e+01
1.016258275801288313e+01
9.441709134120566205e+01
1.553163974305291717e+01
6.580447464803528135e+01
6.820704596242040907e+01
1.856406103053600631e+01
4.479213283270902934e+01
4.011910067408487635e+01
4.091565891921848674e+01
5.131710227090131582e+01
1.177278762477273943e+01
4.887746057561678015e+01
1.193925674355909017e+01
4.116729152187924257e+01
3.299146927337602619e+01
6.675953393520413215e+01
6.494478612424835262e+01
1.233959613645113684e+01
4.791124840642972060e+01
7.362693889651450263e+01
8.724426054297136091e+01
3.545070248155910519e+01
4.338663810068341320e+01
3.706772153180859419e+01
3.948536602535713769e+01
9.836252272130342078e+01
1.776792755684575287e+00
3.129923142481094800e+01
3.168029972929904403e+01
6.690787749286390351e+01
3.650413177075212445e+01
9.934262773213751530e+01
2.109216427438609287e+01
1.415161487880556290e+00
8.020934972698988474e+01
8.248220416699125224e+01
8.271462696394488034e+01
8.783262848345255236e+01
3.017477693509141901e+01
8.363962587037234186e+01
5.750235906046524548e+01
1.351218200255492974e+01
5.301478416803686855e+01
5.598275116643119986e+01
3.634677660200469518e+01
7.260536759431506937e+01
9.004987803474676866e+01
4.182533448629806827e+01
7.079380719101247621e+01
8.902663984627812965e+01
7.361832250379951859e+01
6.769067299068386490e+01
9.723532146714619628e-01
4.018091044825942504e+01
6.825839480164042072e+01
6.730203068838102354e+01
7.370946004273699259e+01
1.180792206174938741e+01
3.102956106038182682e+01
3.646975151106158819e+01
6.846988202075533536e+01
9.652558766307083715e+01
1.819758881117623517e+01
9.295182531538198134e+01
5.728704150938691697e+01
1.800006949386008159e+01
5.149938039322883299e+01
6.373304526487618915e+01
7.026274868453177191e+01
5.536227804733275804e+01
7.385258453998663697e+01
7.623251368240843817e+01
6.341891751097364960e+01
1.755338418569536429e+01
4.240491608258941625e+01
8.213667029418015630e+00
2.206838597862812534e+01
5.967050193051465357e+01
8.954343137980869471e+01
8.006747320676235802e+01
4.514337916379316340e+01
9.203701863250260828e+01
6.772628317032098266e+01
7.565057571275637827e+01
1.009789973893917647e+01
8.041170829240574136e+00
4.532058090752656199e+01
9.007943620452265066e+01
5.561687338131468294e+01
9.222373888095887651e+01
6.683656841924093328e+01
6.747585095703527713e+01
6.191536125570124227e+01
4.811080541681101863e+01
2.118622859798485791e+01
8.781461045311152702e+01
4.575420099556149012e+01
4.087999969531240652e+01
9.607716799206961866e+01
4.522563881132257535e+01
7.691534476263323938e+01
2.158447766376560040e+01
1.548677936880230632e+01
1.737830428566600105e+01
6.145279749297783667e+01
9.003221625992334509e+01
6.993550722253328189e+00
1.108652509516082674e+01
3.935902255221769508e+01
7.963960427170381706e+01
1.806361645881288069e+01
7.550639842473502483e+01
9.718844927342773587e+01
9.871246504454700421e-01
5.459526218700586497e+01
7.982562397751924266e+01
5.751116828007533854e+01
8.502647503226872061e+01
4.496398981059637379e+01
9.569761276337368372e+01
7.242392904066190340e+01
4.604899084925537522e+01
2.549886639908769581e+01
6.727363138931043807e+01
3.942665576392278126e+01
2.866128522690616265e+01
4.691857270264367941e+01
2.076101163422621099e+01
2.956666364625392163e+01
9.394876855558635498e+01
8.053647714820782255e+01
4.017070862605475412e+01
9.689462973232309650e+01
8.078779252033251979e+00
9.612008309318326837e+01
3.160020575326873882e+01
5.617803525983994462e+01
9.105479146704274740e+01
6.305799550032899248e+01
3.779109291513150737e+01
5.781418148530450196e+01
8.737057249300852391e+01
6.845046357064931897e+01
9.967702734833270029e+01
3.616427327393352442e+01
5.395430439082191754e+01
8.612361603664433574e+01
3.820760518692816987e+01
8.333515586132600461e+00
8.533790082974434199e+00
2.950350510584296515e+01
8.313222810470807644e+01
7.481698878041618173e+01
2.074575263801479252e+01
1.129435513706442684e+01
7.161522132643264626e+01
5.838297830982841674e+01
5.757080663723315439e+01
3.390139947526316178e+01
6.209704629280242472e+01
6.093838978573129950e+00
9.936945320900881029e+01
2.745604333992737267e+01
1.978067391059430236e+01
9.589074964491294395e+01
4.372627789805353160e+01
3.640201264471927090e+01
6.998533519595673269e+00
1.691664293502416072e+01
2.481663919881918901e+01
4.404630552281104627e+01
6.371373666387098211e+01
4.904807979481358160e+01
9.115813165372796334e+01
9.329000078509346849e+01
8.973295361555655347e+01
9.377681967678157093e+01
5.180525142778626702e+01
5.035954712647316711e+01
7.507802949570951512e+00
7.203928802392151454e+01
2.401365790557929980e+00
7.975466729077436412e+01
3.991789744454295175e+01
3.565409253942741774e+00
1.467492850925278258e+00
7.630488973831469934e+01
8.127778612510331868e+01
7.911024387031721972e+01
2.387651795833214408e+01
5.876336847719854006e+01
6.347676929606686969e+01
2.644345338951418256e+01
4.833999411059064499e+01
9.999587515235175417e+00
9.130973199259531725e+01
6.614804303959435572e+01
5.043006118601592647e+01
5.568703379893988625e+01
4.349173859587741475e+01
4.888952540351925080e+01
1.318887490290647690e+01
5.054019639181696277e+01
4.439689457661994965e+01
9.240445138150505500e+01
5.972511723074401857e+01
1.713048094784337394e+01
9.465467154123415128e+01
4.566211352566784853e+01
1.118373520905274709e+01
3.044513978029404910e+01
7.457261712100692819e+01
4.986958366467627712e+01
6.886468872255717599e+01
5.525968241171840134e+01
4.467847132431694490e+01
6.537215346197172039e+01
5.137538483901554542e+01
9.953566480360174751e+01
9.393161223453647324e+01
4.756291714423943517e+01
1.867639023756294492e+01
5.807214631078932143e+01
6.852610763813244432e+01
2.423396471159310295e+01
1.886660220669310561e+01
1.811044129836936190e+00
4.455488251648529285e+01
4.818048793994725543e+01
7.440871020365787558e+01
7.342598593696210685e+01
4.805310022058305464e+01
3.073264561782285043e+01
1.446867900175570298e+01
8.611409971617339920e+01
9.152264600316350140e+01
6.949068189467854495e+01
3.214737397356388726e+01
6.609556569964158967e+00
9.212100489048957286e+01
7.930019967546971316e+01
9.661469907335811058e+01
6.129535410975091025e+01
5.794161432172410997e+01
1.087213377150308968e+00
6.129776836130402984e+01
2.072253118533107141e+01
2.763446057419239921e+01
1.247286811520127436e+01
4.045120186879687907e+01
5.999054117243510831e+01
6.902612810990709136e+01
9.052079633310600570e+01
2.014072994117665871e+01
6.582477737857128375e+01
4.021647787754785242e+01
3.018478230619785307e+01
1.041895763902063266e+01
7.263189457599228405e+00
7.135320134070032339e+01
1.335132981298125010e+01
6.258194970799826251e+01
1.197705294540007870e+01
4.810445413281981786e+01
3.338668421202458347e+01
1.410960625203212615e+01
7.806898266238866313e+01
9.315191002486079697e+01
3.316837617962784179e+01
6.227644912254206844e+01
2.850472090861117991e+01
9.942054563372442999e+01
8.397677286521303586e+01
7.333551924403704447e+01
5.991196890686478760e+00
1.717960168930332543e+00
9.150266586694230853e+01
2.757534217313314429e+01
6.976270385867012180e+01
6.189643946046957979e+01
1.862751081725400049e-01
1.640225052082035972e+01
9.825143631060747396e+01
9.181861331769853507e+01
8.522187897529279610e+01
3.428032996646734887e+01
6.404223876960155337e+01
4.221048731474618165e+01
3.411229664814960927e+01
8.542695799012534508e+00
4.250842648813360114e+01
6.716442361655978743e+01
8.327244226594470433e+01
7.960601325827624919e+01
9.718053584068177031e+01
6.234962427925242423e+01
6.125534726151126108e+01
4.697572121662149414e+01
5.371575926909759602e+01
8.574207833866631745e+01
6.394990241646580920e-01
8.707682495733234873e+01
5.524954102716583826e-01
9.288014619562902396e+01
8.052939374327804956e+01
8.188753798371520531e+01
2.059271533226566575e+01
6.443059710680044816e+01
8.152538832412888326e+01
8.678879544477210572e+01
3.506652384016609858e+01
4.790085652399733362e+01
3.085452407186065571e+01
5.168341993686244251e+01
5.163381877915244189e+01
7.872213400205403389e+01
4.130291171035327835e+00
4.188671670979512385e+01
6.570300908597380385e+01
3.435803170237557680e+01
4.933805734713339319e+01
3.808157878250874973e+01
2.895183506247223093e+01
7.836996843710097949e+01
4.908476930228544433e+01
6.114318615297593595e+01
8.498139284921887793e+01
1.050832467287858840e+01
5.354269820193483298e+01
8.803789948811665056e+01
3.943027759038465518e+01
3.119631701859957218e+01
6.213941472501015539e+01
5.158153855652627584e+01
2.291148912121657588e+01
7.353356961431478211e+00
2.381918776337554888e+01
1.201887824317416964e+01
8.820456621154740162e+01
9.604462464682359268e+01
4.646342077244911195e+01
6.575765916850544102e+01
2.183611783814330920e+01
2.334545476724219171e+01
6.942161763466397417e+01
9.960660319220747283e+01
6.131376860838141596e+01
7.465187868734668086e+01
7.071200656766625059e+01
1.959327413657211281e+01
5.703612483356790719e+00
7.493215286016003063e+01
4.674701838105500684e+01
7.457597141657545947e+00
7.463628585877819432e+01
3.507576471003703844e+00
7.669203244984578305e+01
7.608033317555566555e+01
5.712274710265032951e+01
8.199614795712278692e+01
2.629526563772231995e+01
9.667123696733636962e+01
2.900843757699415093e+01
1.379631112036367924e+01
2.225380448292267843e+01
6.511256837526117636e+01
1.102145464374344463e+01
2.798225169861788686e+01
7.967853142610019290e+01
3.817286227707216995e+01
2.249228728916143893e+01
8.152099980461107975e+01
4.618238829160900849e+01
8.069574702122672250e+01
6.043338471735884809e+01
9.358786499687479932e+01
9.735232309853346067e+01
8.842453496779398847e+01
6.100382912214755748e+01
2.736141579665239831e+01
7.743413846791651167e+01
1.235067110562787462e+01
5.253695413596300057e+01
7.777056155910904067e+01
2.136738729675546900e+00
7.760374987231649868e+01
6.231049478651468121e+01
4.881174478206538936e+01
5.088451522106878144e+01
7.995580421629794898e+01
8.158537725209839664e+01
2.999064781904571220e+01
2.485221584604976286e+01
8.590078733564588731e+00
5.456131802971613354e+01
7.386071231826247185e+01
5.988886358395030385e+01
1.557778206799322973e+01
7.687301919441054565e+01
2.714748227469668862e+01
8.482036405628086584e+01
5.637124979813953018e+01
9.486109569109079587e+01
3.204807363648449581e+01
7.223477911253053207e+01
1.959184190266141101e+01
5.056139022654630821e+01
7.853861513801344074e+01
9.419575626561994852e+01
4.648069546067663538e+01
3.046067294793353142e+01
8.387665760560093986e+01
3.279548930521873018e+01
2.842715883177510250e+01
8.927595238536660815e+01
5.859265319267667849e+01
8.002221912527132019e+01
8.271051483325999243e+01
4.327819956219413911e+01
5.550761213397705518e+01
5.782518140260458495e+01
1.991449372560805031e+01
3.880418535214571563e+01
3.937825624134784164e+01
9.662441913650320657e+01
9.781898637325787149e+01
3.154309377165077777e+01
2.778716999996779791e+01
6.155952712688969086e+01
9.176691425962377480e+01
2.855384884629969022e+01
5.599989981849874709e+01
3.490974619084173014e+01
9.440502774007175901e+01
4.072849281052064185e+01
5.399992607323800264e+00
2.104097783777233488e+01
5.588136957528866411e+00
7.685608624965603042e+01
3.164413390426722472e+01
9.228553754224776640e+01
7.736048614856608197e+01
4.726416713996541574e+01
6.785694439897505958e+01
1.183612971926619650e+01
6.130834449894530991e+01
3.552186563733461533e+00
1.322780345214136233e+00
1.157107126123592167e+01
2.933193701941190312e+01
8.043004474309888963e+01
4.915494548581008871e+01
2.427361215373968761e+00
6.037783575000029401e+01
7.626225057879742053e+01
5.566083564076037504e+01
8.299904018461026567e+01
3.575244016084442222e+01
7.304474288222267830e+01
4.594987478835628991e+01
6.038547758015296552e+01
9.786820948583670088e+01
9.237758401329251967e+01
6.593757729749576413e+01
9.949476298648571060e+01
7.225665816919534734e+01
2.292826583047553513e+01
9.370490152674663875e+01
2.864966964670733063e+01
4.132047494785174990e+01
9.930901269336767712e+01
5.916723389036121716e+01
2.090942400000557200e+01
5.279890059473356700e+01
1.071128169353402448e+01
6.819532429592406686e+01
7.768514313890017320e+01
4.993560923078457137e+01
4.469466216013544368e+01
1.948669062204946201e+01
1.376387576651346656e+01
1.267914562388019561e+01
7.867586175278718486e+01
1.610518549723571979e+01
4.421676956302231787e+01
1.234799329588228645e+01
6.776704074811030409e+01
4.569499892803716534e+01
8.229586359943077412e+01
2.309463811353102969e+01
5.759317458347270247e+01
6.831779874791796203e+01
4.912009026941788647e+00
6.429744544370421977e+01
6.017165658548423579e+01
9.867584141981122059e+01
1.620514533594996642e+00
2.836380483778208017e+01
2.971633160934626972e+01
4.642090767823599151e+01
5.096541762664843134e+01
3.342124336881224878e+01
2.091476600546837705e+00
6.125445394949956324e+01
5.499683293916262272e+01
3.265498884872430807e+01
1.654958752490205498e+01
2.967816934586880961e+01
1.593889826759041739e+01
1.274339567544003948e+01
5.030975608225291040e+01
8.265191908021293443e+01
9.265777294512187723e+01
8.387597386080804540e+01
1.380539655470245464e+01
5.231529040713963497e+01
9.926449590628216413e+00
7.018776597297797082e+01
7.302474011362658501e+00
7.474708959639856687e+01
5.037125002728171097e+01
2.505430246605906319e+01
9.626438037961740690e+01
1.533414253163892838e+01
8.400078384627721562e+01
1.969245313941782172e+01
1.018237724257040711e+01
8.403947925988755685e+01
2.641262878487754406e+01
8.486735858806953559e+01
3.357780752136029179e+01
5.405522712860400958e+01
5.794515920099417627e+01
9.729165758047088275e+01
5.480235055429451307e+01
1.291658339372530051e+01
3.030012929973405633e+01
3.321138538991716160e+01
8.505440378994680373e+01
9.207564197943133877e+01
4.663169060728383641e+01
3.353794717459379626e+00
4.383355547643498085e+01
7.111021183625231856e+01
8.266955990737943694e+01
8.487799882102277138e+01
3.496654583838739683e+01
6.603820223501699616e-01
9.582395083225273424e+01
3.487345523025031646e+00
5.867871328677609633e-01
7.424313834733108308e+01
2.493145668248973834e+01
4.873855829685808061e+01
4.317203037553110079e+01
2.291045021562122486e+01
6.843849010776169450e+01
6.569743782563905654e+01
5.256315147904965102e+01
5.575844039204248759e+01
1.978009065404773281e+01
8.553413532690146326e+01
4.530876143108253018e+01
2.466096043734367171e+01
4.992915038055678600e+00
4.976805661658720936e+01
8.857303166256606630e+01
8.527060449984615786e+01
3.299702165781462782e+01
8.448523046613476417e-01
2.113268214626739905e+01
2.743654898430095557e+01
4.201931229161720438e+01
1.184906906395539750e+01
6.863395484716838268e+01
8.421634404826417608e+01
2.418728253024287156e+01
3.057967605419106150e+01
9.280170744734826371e+01
6.820490876212581099e+01
3.070634057191293920e+01
7.540722490220244367e+01
6.915630646844461715e+00
3.535603291048909824e+01
8.324877852142495271e+01
5.147077516818953313e+01
9.052021199270727436e+01
4.498431908061129292e+01
3.481708148727676644e+01
2.702460085483712149e+01
4.450973489377892633e+01
7.229779036622802835e+01
9.488350153515632712e+01
5.936985311634778384e+01
5.313113081798404025e+00
1.606612025779516983e+01
9.970679232973662920e+01
2.217235041386770433e+01
1.809178694364165096e+01
7.599920814306908312e+01
5.342616091620278240e+01
8.317830444717452565e+01
3.105050679644583145e+00
3.785608607157042726e-01
6.399231484286590188e+01
8.899546587906520756e+01
7.347888621197010650e+01
4.678808412245347625e+01
4.285077421663102371e+01
9.559718096298512080e+01
4.740909304109683831e+01
8.528328680034768183e+00
4.566434126004635630e+01
6.043619994048747657e+01
7.834575612327676630e+00
1.934154152876595845e+01
2.503987700664774962e+01
7.150561694123987877e+01
2.193497007816859323e+01
5.978633453401993592e-01
6.262933951254311182e+01
1.404701034463124998e+01
6.698516167510462083e+01
5.384691047565937083e+01
7.758315204149678834e+01
4.599229497355927521e+01
1.329992438587156478e+01
8.374567617979147371e+01
7.798453198350596693e-01
8.359887270801280579e+00
8.525720048882919855e+01
2.041923605932171171e+01
3.709026329830984281e+01
3.582157149244387284e+01
5.325703469035074988e+01
2.288016851459533285e+01
5.740375177760914660e+00
4.885540947998624262e+01
4.070008473447747122e+01
3.528980159354824053e+01
2.621752461954395130e+01
1.453593774136735561e+01
3.041907393746772215e+01
3.415142454558098706e+01
9.461187030653852048e+01
1.334064979717321009e+01
4.143358068310358533e+01
3.081543446276997500e+01
7.460250005143115004e+01
2.217775586369019436e+01
6.771518275207608895e+01
6.308449983468891276e+01
1.950404004678570757e+01
7.143769686138453778e+01
3.798119237372148405e+01
9.137432298832706579e+01
1.337837629145844964e+01
4.120401102672871474e+01
5.178053360197105803e+01
9.975238557865282019e+01
2.315791623569871760e+01
7.034711239108369796e+01
6.039020553264706770e+00
3.899665162723321288e+01
7.549898152612709623e+01
4.276943800776385984e+01
8.956048891625007968e+01
6.158497727747791473e-01
2.867160929620419196e+01
7.507928297592148681e+01
7.542624466891489021e+01
5.244229141481863365e+01
5.494440536043209988e+01
3.697832522120365439e+01
8.924468893787074819e+01
5.290493783379003645e+01
7.290373004527191370e+01
8.402008238172165022e-01
7.265863055411702476e+01
3.694703332041007116e+01
2.948893473392454467e+01
4.554734507022216405e+01
6.294873476960606240e+01
5.854842747344633835e+01
4.009506846858370466e+01
1.354996164249844171e+01
2.221804866668534117e+01
8.577313892500616532e+01
4.085598947313715712e+01
1.682205591044210280e+01
8.577021350618807105e+01
1.681033496598143273e+01
9.198012868908415385e+01
8.919215002871719378e+01
7.123241072049387412e+01
4.170774320451918982e+01
6.703231020664620132e+01
7.276363879460070905e+01
1.217014853983413580e+01
8.430816715947466378e+01
9.778324875412812389e+01
2.453147327032312308e+00
9.924812177353669540e+01
1.674279293881697495e+00
8.325117084243268550e+01
8.729948873514981500e+00
5.660269566631228599e+01
1.942927835795601510e+01
7.679481351631380903e+01
1.339869655035603735e+01
8.905226939833379163e+01
3.177630912189415113e+01
8.778330737812490270e+01
9.863368763248639937e+01
7.809368017018456953e+01
7.075551341415611262e+01
1.306332334891497915e+01
3.680115239822369944e+01
5.283630147641770236e+01
3.072126872100876582e+01
5.384366718668992746e+01
7.865344350380212290e+01
7.437851539217994912e+01
1.238378040277126146e+01
7.316025226842550921e+01
3.240230109663920643e+01
2.724861220742970147e+01
6.345270198746965917e+01
8.574660976090927988e+01
5.891963347665308959e+01
7.161841814624230551e+01
6.152147389149477164e+01
3.723012908939431753e+01
8.842702532668997151e+01
2.511571132416187169e+01
6.507684968237392731e+00
8.266035588833730685e+01
9.472837380975633437e+01
6.464193118836223562e+01
6.281246123990415953e+01
1.878226666724207661e+01
5.274713146505595063e+01
3.835554100713615355e+01
8.743882758428085822e+01
9.824660535485868706e+01
3.639048037491699716e+01
1.391436592457226951e+01
1.875694895854071831e+01
7.317275298984704079e+01
2.552235910976419220e+01
7.839310215566440831e+01
4.934214869262923031e+01
2.752175043769891261e+01
3.877769691743203850e+01
1.183389378864764296e+01
8.828598194788888520e+01
8.266081907157719399e+01
8.169668196726567544e+01
2.514376956878643199e+01
3.590194933415605760e+01
6.297285604781935575e+01
2.390907374937828322e+01
5.418703750753460469e+01
5.980420058885231782e+01
7.844674772264926332e+01
8.992383934352766062e+01
3.279273310908838823e+01
1.998058602127662553e+01
8.823260690544802287e+01
1.110144331415707697e+01
5.091847107598304945e+01
4.577176823728508026e+01
9.484370127540820761e+00
4.996168339269144809e+01
6.222550733063467732e+01
7.900800815602839577e+01
3.804679526827279545e+01
2.725776617107674582e+01
9.174692374758062385e+01
2.953473231155314593e+01
8.801401923218267598e+01
3.938150142759697303e+01
2.838353787424713204e+01
6.033881986299762445e+01
1.915843984335687722e+01
6.945291489014712738e+01
7.694931398647517540e+01
5.022092362591953218e+01
8.594429092932067249e+01
1.738291772391304946e+01
5.300447618630161628e+01
2.275271658990938306e+01
1.344992477552767696e+01
7.687597410072180537e+01
8.662603889629183485e+00
2.992362405550433735e+01
2.044626917591330084e+00
7.869393896643222774e+01
6.726150024947187944e+01
7.384925822836321174e+01
9.373132595977253345e+01
9.768488865090394313e+01
4.865718583784752838e+01
5.990103481188492651e+01
1.362244868787619900e+01
2.619129579660487295e+01
1.237492346059397796e+01
2.194877213630799417e+01
6.862529998799771214e-01
2.806573963064338173e+01
5.584668540502790712e+00
6.213978587055368763e+00
3.899416479078053044e+01
7.640129623889011157e+01
4.397807361326885456e+01
3.022620428411576654e+01
5.041797078694173706e+01
2.679388700236542320e+01
8.831744359277492151e+01
8.992141841854736128e+01
1.188460981654335669e+01
1.927214910866492659e+00
5.102554403989933007e+01
2.300793709032480194e+01
2.841761910336432351e+01
1.083052894046229220e+01
2.993280286950886904e+01
7.139960344571516515e+00
4.227225833125108778e+01
6.755825470717864789e+01
4.885435430276861268e+01
7.210857188598784262e+01
4.181892133963471991e+01
2.740981026723801151e+01
8.488513188641020690e+01
9.526202858343954460e+01
5.326704428384291390e+01
1.949445656791006698e+01
9.384934506289961575e+01
2.732174717961036592e+01
3.017436439257863512e+01
9.321661785903384612e+01
7.881093130408440572e+01
2.404799856296804350e+01
9.530200349930062487e+01
6.740594122972166247e+01
5.667973094246305976e+01
5.821517879826474484e+01
4.401017690773480950e+01
2.883441247711903088e+01
1.893639604976339186e+01
7.758983642156424310e+01
4.724935762961612440e+00
6.444949179027983632e+01
8.817118253271952710e+01
6.826686330527267899e+01
5.838785410679261645e+01
9.437306974097221257e+01
4.588194616371725942e+01
9.461876804538803754e+01
7.968693314675996930e+01
2.221619309584628255e+01
3.167977050218675572e+01
5.747897751830844726e+01
4.967831763484242913e+01
2.899369497600478951e+01
8.359621416871596011e+01
1.341596299468296216e+01
3.943342157815450122e+01
3.659248824215506346e+01
1.595459391999934873e+01
4.493200682472265228e+00
2.097457507240669727e+01
3.370050374498706702e+01
7.184440781008473209e+01
7.523360796069010803e+01
5.792808972160214864e+01
5.936692875995175456e+01
3.330528450298172771e+01
6.148303031117219319e+00
6.514117287952706192e+01
8.383095432174259543e+01
6.250887753676710190e+01
1.524280225696427138e+01
3.697589562081716963e+01
1.850473432988432165e+01
7.654501712131801128e+01
6.857676677109590457e+01
5.826586929239773127e+01
1.039455787824160637e+01
2.317581727517837820e+01
3.842919128028696463e+01
4.935709661344917976e+01
6.543023041366202719e+00
6.717751024586432607e+01
1.793920419516283715e+01
7.958469848775979472e+01
8.318831619690143953e+01
3.021442871629179550e+01
3.815365205658130776e+01
1.391393362752380014e+01
4.783550309889148622e+01
8.485995752664123870e+01
8.235508732469223503e+01
2.075520854337697951e+00
3.917840496913845527e+01
3.443925052088619765e+01
8.902810201055919492e+01
3.517387934293202534e+01
7.198123989168342973e+01
2.161481793417448927e+01
5.894044960603091710e+01
3.347914415484116546e+01
3.809671271256548408e+01
6.962872848908359913e+01
8.331642203231534438e+01
9.430636009121691643e+01
3.653014302424140425e+01
7.823855069725645706e+01
8.738225479895737635e+01
1.586698788879580313e+01
5.286694957758308888e+00
9.238293299040346085e+01
8.523947831599498670e+01
7.847762966316922473e+01
2.392777008249123938e+01
3.050599728799896493e+00
3.906400934811641434e+01
7.351561935961392180e+01
7.537665991947220334e+01
5.962250495440958531e+01
7.137482497978847107e+01
9.604239051776301039e+01
5.206169112765824991e+01
7.337880986715261677e+00
1.693713189423329268e+00
1.781259271710668912e+01
1.728908873951107239e+01
3.775689953060534787e+00
7.934725258688412453e+01
9.320791803500155481e+01
9.315645382101900296e+00
9.660425826277618810e+00
7.075851996690576584e+01
3.678895402096953404e+01
3.423168044021772971e+01
5.420603151336963776e+01
8.329233848478975233e+01
6.189902391371586532e+01
2.717417213022066491e+01
2.808323809677005656e+01
4.593595007578142031e+01
2.440467616837987919e+01
1.409905945469490618e+01
7.122942453099028626e+01
6.822221020407370418e+01
6.149303601772658823e+01
9.994972281692155036e+01
7.220339469572269309e+01
2.840175940338317417e+01
6.292941998515318147e+01
4.917202706630009601e+01
9.457153740107148110e+01
1.590954206908673463e+01
5.459254496112632182e+01
3.949698281153735113e+00
7.495943535810224034e+01
7.588807646891744696e+01
9.129329104410832230e+00
6.626236149706787870e+00
7.664332902293946148e+00
5.486342719933643508e+01
5.565269744755024561e+01
9.602768338423392436e+01
7.260837413256042794e+01
8.157424368671924242e+01
4.790970730945648626e+01
4.789079110904975778e+01
1.814840953020950920e+01
6.434045143356567564e+01
2.284408247430609151e+01
4.496510461994159868e+01
1.983494488737799344e+01
6.569132554179978456e+01
7.423775697587520028e+01
6.012227506325715609e+01
9.453457935399062251e+01
7.392106854542555539e+01
2.508969144917443472e+01
3.130033575149264635e+01
4.650642833666317699e+01
9.598744573068419328e+00
8.761806172412636329e+01
5.985077085146674136e+01
1.987647910796086492e-02
3.226114357610133965e+01
9.662725074148610815e+01
9.952968043779441132e+01
8.120610781211998130e+01
2.991578176534286371e+01
9.959890428140393226e+01
1.784206832790790997e+01
2.083036878849075890e+01
8.903422815336912777e+01
4.931094942401487202e+01
3.390320450849018385e+01
3.945932510448416508e+01
9.365699025515571918e+01
7.074231319374246141e+01
7.517779944444036744e+00
6.603040936576415731e+01
7.947691431814821783e+01
6.809515297122281652e+01
3.018391125902943983e+01
8.678438725691151490e+00
1.319889171310272324e+01
9.686012408293355236e+01
6.133999336839752914e+01
5.381715783138499631e+01
8.819511034780371972e+01
8.729618518625281709e+00
4.804488621154548156e+01
1.280283958799430799e+01
9.820701192127199874e+01
1.033508766831848824e+01
6.903486353469018866e+01
7.019545424867358463e+01
3.706245853884427532e+01
4.482203307079265642e+01
1.385241750494526869e+01
9.936093659584057036e+01
4.353073018449137521e+01
3.712626157016683948e+01
1.283366742028048080e+01
1.076908130637821426e+00
7.021862219449390352e+01
3.171645028829849267e+01
4.075974595785130106e+01
2.198892297672649931e+01
8.391432789492236566e+01
3.100725690225679543e+01
8.189802671758197050e+01
6.965439386145733636e+01
4.632164150387379209e+01
9.890950345952944645e+01
4.182243269265048013e+01
9.251221892890831100e+01
8.670867100919281256e+01
5.282365022534187915e+01
7.808009985778896578e+01
7.432501018580551033e+01
1.659767147054187575e+01
7.448617672576472160e+01
5.881899397134827012e+00
1.490248616471065901e+01
9.125856817328387649e+01
8.101150246983668524e+01
1.831291312769326396e+01
9.988013751029663467e+01
4.227244215838593533e+01
7.328976625510563281e+00
2.392639274123552440e+01
5.585134522220991826e+00
4.254551901726636487e+01
1.698762429002311691e+01
2.320706028065892923e+01
9.004567616965569243e+01
7.460568096728847820e+01
8.260338739540192421e+01
7.213847318171303868e+01
6.653258606118041030e+01
8.100871308761001899e+01
6.026541936237875774e+01
9.977801365059193017e+01
4.303360514779248547e+01
5.236028873559889973e+01
6.616028593043455430e+01
2.630418214605327876e+01
3.325313726816451521e+01
2.386524751564227387e+01
6.264286471045576121e+01
7.002363446313563600e+01
8.790580997760348225e+01
8.249823054160621894e+01
4.177783445404670459e+01
5.451009320274014414e+00
9.282398468723906504e+00
3.180525187434835033e-01
8.120940081440882352e+01
4.670134234282684815e+01
6.928628209467659360e+01
8.707303117105368528e+01
2.019259234704674455e+01
6.931700569817645885e+01
8.919039757034175508e+00
5.966094077966575782e+01
9.772587122501352752e+00
4.611416370217009586e+01
4.701531241130592065e+01
4.457068090009903472e+01
6.928700469875630574e+01
5.808212767298924462e+01
1.957341395115885785e+00
2.369450331393526810e+01
4.784083105775149392e+00
9.953817174466682616e+01
1.713888741227789225e+01
2.714260862683024556e+01
2.262842260628248425e+01
9.471961914630915658e+01
6.720244537827929321e+01
3.726854422424204216e+01
3.968938057570344569e+01
8.480444437769429911e+00
6.534132360772268555e+01
6.916063991600238126e+01
1.661149944338586693e+01
2.941251749661266679e+00
6.907513588130474602e+01
7.672926619138723936e+01
2.023913165228916711e+01
6.815232052718216949e+01
5.796526933637862555e+01
6.156545396235728873e+01
8.053075850000092828e+01
1.213445590188205792e+01
1.455536585159765650e+01
9.677643424506527481e+01
1.290298074866719169e+01
8.953968927514260656e+01
1.847035690218504911e+01
4.125222247386430752e+01
6.069590191444586225e+01
1.483735570540564197e+01
1.950667587495993160e+01
7.661398707034562960e+01
7.397806669660536727e+01
5.127014356094422709e+01
4.579638608620761886e+00
4.873729616463432279e+01
2.328619256133168669e+00
2.306400461834905258e+01
2.718680010959699800e+01
3.770249963813433425e+01
3.487490101705262902e+01
4.798690103348584302e+01
3.473851664740353584e+01
8.852814585389748459e+01
1.616691761014388273e+00
8.339810363481274180e+01
7.478294715167770335e+01
8.167875127797297807e+01
4.985714078568981300e+00
9.892005808331060734e+01
7.043220805029292819e+00
4.926522758686162717e+01
1.471356225625104486e+01
5.547057939474215971e+01
5.340267406471870260e+01
7.781221428074136526e-01
1.486184742463703046e+01
3.660762589226220598e+01
2.343692479781259763e+01
2.296464447679969112e+01
1.095768664516559809e+01
9.735060607091416784e+01
6.741017437016942893e+01
9.376057437403197525e+01
4.117847925507144424e+01
5.259480297496407530e+01
4.325949045748394894e+01
9.343559391768049238e+01
9.370116933452354857e-01
7.392934658363972744e+01
2.919500246715642788e+01
8.255415248448464638e+01
7.641861134466033434e+01
8.885965279231274394e+01
9.369976774291154697e+01
8.288889967802280978e+01
3.771575096718225950e+01
8.959513792207069116e+01
4.121917359128901559e+00
8.942113666712458553e+01
4.870800089785903708e+01
5.732954042236981351e+00
8.648053366814522747e+01
5.444445097907615150e+01
4.740614884000671481e+01
9.896340251644100761e+01
9.620473677321464834e+01
7.853265170348007018e+01
4.793900775083920962e+01
1.452477352054358839e+01
1.586881960674265635e+01
8.170197867790081148e+01
8.442897878538269651e+01
6.931026683487438333e+01
2.096846326533083982e+01
6.453174067830499894e+01
4.863580166384258519e+01
2.245495078510840870e+01
5.345813029325127985e+01
5.286076146299609491e+01
4.140120463279373553e+00
2.807716447519457148e+01
3.580963422103802429e+01
2.224534038439801620e+01
8.453041170098029511e+01
5.849177973291100585e+01
4.129596909696800111e+01
3.093179115349397179e+01
2.044864753310200456e+01
3.732631317820816008e+01
4.336361427579340244e+01
7.205253139055112399e+01
4.730317168891313884e+01
4.659796490433362237e+01
2.955538279851276329e+01
3.246272233038113342e+01
7.013786357016904560e+00
4.122075607017576715e+01
4.980559446812229396e+01
7.828622775535760070e+01
9.598070166629811695e+01
8.373769056504173136e+01
4.365166248710286112e+01
8.244736492306580544e+01
2.021685024576369560e+00
6.164874483028415142e+01
6.356113402839365278e+01
2.663894854639016074e+01
8.703467482924335741e+01
5.770453226464956487e+01
7.309799515191602381e+01
9.969029669766671020e+01
5.495513744706362047e+01
1.298344852847068687e+01
2.579857250825956516e+00
1.504810522036702558e+01
4.188802635754330339e+01
7.869895391223951719e+01
9.483499573758815870e+01
4.911271140147596270e+01
4.721377874127534824e+01
1.849510057960406328e+01
7.420357134626502216e+01
3.343648490774524618e+01
7.590892807579574253e+01
1.827541783601467529e+01
8.512881439694076846e+01
2.268173267395832227e+01
3.891448371045743926e+01
6.618430513648694102e+01
6.406987343221559605e+00
6.327960112435727780e+01
8.133680975040653038e+01
5.207342424808248893e+01
6.306728263141017976e+01
3.992670966193283277e+01
7.516236617426912403e+01
5.639000193126020299e+00
4.615124895475787525e+01
7.151865657734882120e+01
9.422716167711361379e+01
4.751086837324691459e+01
4.079039069746634993e+01
1.799601949003336543e+01
2.412445286370575914e+01
6.152199225771845192e+01
4.771083193317675608e+01
8.497511321112889959e+01
7.805252857676291001e+01
8.392281737075919068e+01
9.083704787037973460e+01
2.492775559905932070e+01
6.521531928931830180e+01
7.854569575962517547e+01
6.952479668116860978e+01
5.250122118638628166e+01
7.809288376275816290e+01
3.183979070416118518e+01
1.230987116775794732e+01
7.028285698114689239e+01
6.741990228940169061e+01
9.872484352325838586e+01
6.740225977407857272e+01
8.743383623233917490e+01
1.707145825074348622e+01
7.234787343820289607e+01
7.920145669786101905e+01
1.595885318993445168e+01
2.136821637820865050e+01
9.135047674980633303e+00
7.004352926126968271e+01
5.755832946823573337e+01
9.496418961673953163e+01
9.233526067533071569e+01
9.249684717514637100e+01
2.124854616754685566e+01
2.214286262301146024e+01
5.541121728779073408e+01
6.733040995887748181e+01
2.830089526148197265e+01
9.118786291134426847e+01
5.745646977184408399e+01
5.836105094664478798e+01
7.570431022140057564e+01
2.708674501509179677e+01
8.599871141838842448e+01
2.019493624202206661e+01
1.301593074152118668e+01
8.475078427946669990e+00
8.671448824629140972e+01
7.278598331498786322e+00
8.937135029101608552e+01
9.825157456389776556e+00
8.317850480394976387e+01
6.237990009781501044e+01
5.021213173685046272e+00
4.281310400664263227e+01
1.389390413265668656e+01
2.695621542215424071e+01
5.718024176650931878e+01
9.567638653877429533e+01
6.321961431604427162e+01
7.541984320211130921e+01
2.504131823664766898e+01
1.375203143479202339e+01
8.306683279134284703e+01
7.509850045918840067e+01
1.325334611525941231e+00
1.331270368226019585e+01
5.278414732409301990e+01
7.063657595070861817e+01
8.390788045630105785e+01
4.595599515758767240e+01
5.769135426591412852e+01
5.927833888245531568e+01
9.945445482792945313e+01
2.965070389928692407e+01
2.509337468208638899e+00
1.639318426875322388e+01
7.222941151006611449e+01
4.979941190214893965e+01
2.297273145591915977e+00
4.789065171673294685e+01
3.736913445929076261e+01
9.245844290048611924e+01
4.198952833028543097e+01
3.768599563468863778e+01
7.974752214283404328e+01
5.772580311043243739e+01
7.626552018429001123e+01
9.133121252939092471e+01
4.619498707864595133e+01
2.444454589818288071e+01
9.671858474962303376e+01
2.134394034416524732e+01
1.898173015364674754e+01
7.583273373660904326e+01
5.041284886401031784e+00
1.791797462691646636e-01
7.734763252589171145e+01
8.937557763688668899e+01
8.235393412033531035e+00
1.822479643814703820e+01
6.372839287923027030e+01
1.402771690384130299e+00
6.752921272858522173e+01
3.909423595134039431e+01
9.470389837174330694e+00
9.561362978098493670e+01
8.308323151836943055e+01
6.587582941667838554e+01
7.928790962529332376e+01
9.404605110773799481e+01
9.325832046741140857e+01
4.907054830934180245e+01
4.457567497649789345e+01
7.974468100667808201e+00
1.407108230852054476e+01
6.840133560678759750e+01
2.088930240695163754e+00
7.520632063920332655e+01
9.183577790458519985e+01
7.742966270866840262e+01
1.476694213493489016e+01
2.166860304978090923e+01
1.469960149623361545e+01
1.018224744067117626e+01
9.104240210247056098e+01
7.145822527713042049e+00
8.869407297507287069e+01
6.603294471465945037e+01
2.762007909653040372e+01
9.336389626158081967e+01
4.978078070813031530e+01
1.591472758185163983e+01
5.087774888944047547e+01
2.921797424971504142e+01
1.054871389509414215e+01
3.033790208590617610e+01
4.805703390521767204e+01
3.400788763429265771e+01
3.642524873319082701e+01
9.791216651654073644e+01
8.380624495953725273e+00
1.490564335942609020e+01
6.777693392615748280e+01
3.113786040023233070e+01
6.806545403319954346e+01
4.753745019652752291e+01
9.670385856905827637e+00
1.698996064841489329e+01
3.406133865696402552e+01
9.828906410738728994e+01
7.429666820566738217e+00
8.614977671642279233e+01
5.713328129546678724e+01
3.394053351518721229e+01
9.840339703203382271e+01
6.501663287480839415e+01
8.957372744585615010e+01
2.218996414514383630e+01
8.121395856456518914e+01
9.791523329434770062e+01
1.668933037724175250e+01
2.052632300126158071e+01
3.684653977801127667e+01
1.403799246958491409e+01
6.520706251525896846e+01
8.002063345487539436e+01
7.451955390114756028e+01
4.680084113764747400e+01
7.195591050584944526e+01
3.720858188004739731e+01
3.836346304030681154e+01
9.023374065489076656e+01
7.567401399412587182e+01
7.344113214242533161e+01
5.252448726685221558e+00
6.120477646438804697e+01
6.740884059944933426e+01
5.941711451183206982e+00
9.579563132087939437e+01
3.484918026008293168e+01
8.101845368507952116e+01
8.144299975146191173e+01
4.445866309750164191e+01
9.982908207263659506e+01
5.407963518196057251e+00
2.584933939678668580e+01
9.567940696334494532e+01
2.784899694886914290e+01
7.083471565686116911e-01
2.515792141437133012e+01
1.804523870315866141e+00
3.587556000028084924e+01
1.001315331387119301e+01
9.716654128676573521e+01
3.965178900459833500e+01
8.613162055038345954e+01
8.259833413789866086e+01
5.117938562857149520e+01
2.787526609990750259e+01
8.477860942349951756e+01
5.195553889462212638e+00
1.395686742911848022e+01
1.605852370563202314e+01
6.373110780128870090e+01
4.790224357767070273e+01
6.885240199540954009e+00
7.266215959464329899e+01
9.083178681757824791e+01
3.053006662452456510e+01
7.353239089026133968e+01
8.760703472608636844e+01
3.521304691217434168e+01
7.597517668946741765e+01
8.529829202704654278e+01
2.617058438269663867e+01
5.152279764456559974e+01
2.185887874101110029e+01
8.398195251515062409e+01
2.330139493508216475e+01
1.940969246145680671e+01
9.145839998658532011e+01
7.311622837404451047e+01
8.569211265861157756e+01
1.595894795975667435e+01
4.915581813581803061e+01
9.627042733500124072e-01
9.386448503280922750e+01
3.460145168839105168e+01
6.215573583431874738e+01
7.844616065244788672e+01
3.651634591994745715e+00
4.489851891193825395e+01
6.492495880720612433e+01
4.912795099271771448e+01
5.030327198036188108e+00
5.351512776155898266e+00
9.155218283442094673e+01
8.891364282491009519e+00
3.661384663630479963e+01
9.952018470899288616e+01
3.943922981248892956e+00
6.129707200625400532e+01
5.198929511676112725e+01
6.665700319708381016e+01
9.172901863736274208e+01
8.093681598589434145e+01
1.357600671626449973e+01
9.675604259727782619e+01
2.132953394126946289e+00
4.038279624440099802e+00
6.654148594780167514e+01
3.319535313504224661e+01
2.227887445262540922e+01
3.864622634348074826e+01
8.859008935826420839e+01
6.723014804341723050e+01
3.829495471474901791e+01
6.600322067687538663e+01
9.633070120177404760e+01
2.749424850063928361e+01
7.945042964452491674e+01
1.237679924635560802e+01
6.608684420326715880e+00
5.778840730222567856e+01
7.424321952526740631e+01
4.807772645970611336e+01
7.772058850436313548e+01
7.026994544683142863e+01
8.860362178529179289e+01
9.512980531073066004e+01
7.712118495761234271e+01
1.981440797726565961e+01
9.134395924148385859e+01
4.544362814326130540e-01
7.569562881847706137e+01
4.306433247907899187e+01
8.474549330972743633e+01
1.363724560665728802e+01
2.536768106437505921e+01
9.531628673865675694e+01
4.626227521961602207e+01
1.789824156157639834e+01
6.113190603011623381e+01
2.451923115702624401e+01
6.749754356065444938e+01
4.303326805122882348e+01
1.773537264099532962e+01
6.232596982450755441e+00
5.413163305622914478e-01
5.490933532427124675e+01
5.025082642704202840e+01
6.835829466104127050e+01
3.179343202572212235e+01
1.119212829947373677e+01
4.796720746704932026e+01
9.542442996329791072e+01
3.427028083734333563e+01
1.569396813204105889e+01
4.419375656648385586e+01
2.527618782450254997e+01
7.447179688789091756e+01
4.649926258494914322e+01
3.247831841409271902e+01
1.366776510099210196e+00
7.420533424042888271e+01
2.487933662270958024e+01
9.882395832476545650e+01
4.868045095383799037e+00
7.033949632713787992e+01
8.852125327980867553e+01
6.911191122496433081e+01
5.383929708701463568e+01
6.151081863427292262e+01
5.545740036565435105e+01
2.003697562360342488e+01
1.476826623058300569e+01
8.454372823271619097e+01
9.334856083443843033e+01
9.555636401538086488e+01
4.257101279483420342e+01
1.930371750233047479e+01
3.334284890813402313e+01
3.190711658597157196e+01
8.974853425174225663e+01
3.030231090447643538e+01
9.385048537971197646e+00
2.354264408438100276e+01
7.751245893650133212e+01
8.436826652784584724e+01
3.033980370287552120e+01
5.176361461622390436e+01
6.550291735823464023e+01
7.399676810132473292e+01
5.457133406297257494e+01
3.445000935734339009e+01
4.997574272774418347e+00
1.744985009929419562e+01
3.049270117483050413e+01
3.603829493158377062e+01
7.687057559339632462e+01
5.720413957388181814e+00
9.514059853201281669e+01
4.486626502954186435e+01
9.993684024322202930e+00
7.667588410888718897e+01
9.914753507304114066e+01
5.215155488352633029e+01
4.823609710909867232e+01
9.180005158483961480e+00
1.418251803343020256e+01
9.301099747364272474e+00
5.699720820199162574e+01
8.517887941122314999e+01
7.748555318599376562e+01
3.727896513580338933e+01
6.626218495308955880e+01
9.877873191191828539e+01
6.212748765638309578e+01
1.006529120817449829e+01
2.641696705373153264e+01
5.631593767758428015e+01
6.134632570682396846e+01
3.957397998100912417e+01
4.895271570751638990e+01
1.827470739193913829e+01
1.559076122816038890e+01
8.951881033754641237e+01
9.516423046671064867e+01
4.845610524687636911e+01
8.767526467948246705e+01
6.028420718636839126e+01
2.014393726958842024e+01
7.596486262407573520e+01
4.432622584765687179e+01
9.109891286212062766e+01
4.030390637866035775e+01
1.024331260413200440e+01
6.705531143982383924e+01
2.841553214169099206e+01
8.489365391261449290e+00
1.825537047182742612e+01
8.205008032613037017e+00
9.754486414770676106e+01
2.051799225539341354e+00
6.020337300775197065e+01
3.739856842313538010e+01
5.060031444429681358e+01
2.915393236734382754e+01
2.938651993163738751e+01
2.776431676799628789e+01
4.499405246296260685e+01
2.742379245857393499e+01
8.927138800514562433e+01
3.844046807214720474e+01
5.518000914717169358e+00
4.332315157017441187e+00
7.028822363393734918e+01
2.428178055045945172e+01
8.620832040207790214e+01
8.160701280739083074e+01
2.682728024927645194e+01
5.397906725336606115e+01
9.172710767933210718e+01
2.464625746347565283e+01
9.715786098189582276e+01
5.027801924416932877e+01
5.765466943626817553e+00
5.208794246171399855e+00
7.292615117577514638e+01
5.882642683082938362e+01
8.119425589802763454e+01
9.331057242338435742e+01
1.374465783374355610e+01
2.753698046776897890e+00
9.252998547511744221e+01
3.108073145977160578e+01
5.655568618843598472e+01
3.720446508199645308e+01
5.875033384111277002e+01
9.764642026983905154e+00
5.968816552464772940e+00
6.724311481206746066e+01
4.175644545181273770e+01
3.283194710543067174e+01
3.364701198903519241e+01
9.724732623868081305e+01
4.043021347368716789e+01
7.056479879159804902e+00
7.123797211364473014e+01
3.779023771929942654e+01
2.393505545236389764e+01
7.456150570993904125e+01
7.558290707485936366e+01
9.283200480176840586e+01
9.382966160483570661e+01
6.955493012508611628e+01
3.874548743279107299e+01
6.395242880050231804e+01
7.947414100415770122e+01
3.004455486053903002e+00
9.943371729326948127e+01
9.500468226828377283e+01
5.293414869830018432e+01
8.377192919375487179e+01
7.304024303687961961e+00
1.175889426284653183e+01
7.363236181976382966e+01
2.907116616404753628e+01
7.468947349481163656e+01
6.856618191662504103e+01
2.592619829157793987e+00
2.474873443999424794e+01
6.947971164620841478e+01
6.162607336326946239e+01
4.186826640452942883e+01
9.490206262028425499e+01
1.277145840719794379e+01
5.921580565561801457e-01
1.118514673285947403e+01
7.028532552034619130e+01
5.402811296109582884e+01
4.391738413311049527e+01
7.176489259607811277e+01
7.551193031465673755e+01
5.062412146024299631e+01
1.738510850697149124e+01
7.274314281511094293e+01
3.010468830239848614e+01
2.946399894592244273e+00
3.363222874185722588e+01
7.439272567310348450e+01
3.919065725423303803e+01
8.840927984295393571e+01
4.802529654967862172e+01
5.505767179108455167e+01
7.673943483579456881e+01
3.323707458724827291e+01
7.146718835914110457e+01
4.647542120933893273e+01
7.806728918373282511e+01
3.423469565185776275e+01
1.509108124254602323e+01
9.264546301531152039e+01
2.524170471405988536e+01
2.185961832251926040e+01
7.366939660538210433e+01
5.638295454654971195e+01
1.549928825151343226e+01
1.410053798620476329e+01
5.484056788231278290e+01
1.151943534211928899e+01
1.931040825377130687e+01
4.490808231780477655e+01
3.285226574951899181e+01
4.484060207685847388e+01
7.677087169417954726e+01
4.634583443449326268e+01
3.569875088030214272e+01
6.316739480955314434e+01
8.042196609168908594e+01
7.536366099566538423e+01
3.905824399747298514e+01
8.620874246998062063e+01
2.871902823140336380e+01
3.557273048164633877e+01
6.551500616279075473e+01
5.547834261252252475e+01
6.096973806895302772e+01
5.970949306598228645e+01
4.259645017615347484e+01
9.539834130643997767e+00
2.101143183165273953e+01
4.521979221485613465e+01
8.696854935224345695e+01
6.571622944485852713e+01
2.565365774751106187e+01
4.253686823265619665e+01
8.015110343401488535e+00
1.767935984037938368e+01
5.421765219918452772e+01
8.476741968792170212e+01
8.602607711828316894e+01
1.435068154415654007e+01
2.726155820815480268e+01
3.049599278707968608e+01
3.308091621985737163e+01
7.450187336330822063e+01
8.766820530495566288e+01
7.442644332981696031e+00
7.704332866784085354e+01
3.905282382813061304e+01
1.249655251411737567e+01
5.341443738331464175e+01
8.778817221871405252e+01
6.897919540902410063e+01
2.910273393664408559e+01
6.244136193579174687e+01
8.057971048419781823e+01
6.324890086611829787e+01
1.346023900684928343e+01
6.094987872934434137e+01
1.347721836943870422e+01
7.381096035827422952e+01
8.579243201927326368e+01
7.621443016328225895e+01
1.391687292790566488e+01
8.178611888652683604e+01
8.193441474533811686e+01
1.514138817087996536e+01
1.655774596785898467e+01
9.642713012159850905e+01
5.481800314874229940e+01
9.568776002693373073e+01
3.751983026884986305e+00
2.331474684836024736e+01
1.318399275779107427e+01
3.214089825844641268e+01
2.971872160580601996e+00
2.589151105096136973e+01
1.080404886008496845e+01
7.460022742073338975e+01
9.373128492726398520e+01
3.681778988620175852e+01
5.050836727135978066e+01
4.051826828411808634e+01
3.745964186573191768e+01
1.844396149334825985e+00
2.039052715905528146e+01
4.874210689247229311e+01
1.719601989588787205e+01
7.542745256109245133e+01
8.378845487024084093e+01
6.172925951912214515e+01
2.228658943984343921e+01
8.286507648011890126e+01
4.070222973132076305e+01
3.175749748301783626e+01
6.588244919592457904e+01
8.230705641877136713e+01
6.573361646770727873e+01
6.819814915457430970e+01
7.410786199115015904e+00
7.000526514003635015e+00
3.204599975073320195e+01
3.817528392638207890e+01
3.909975333539901499e+01
7.349197550491022923e+01
6.815601075420384802e+01
8.747163975244107803e+01
6.426518284903988842e+01
2.676441398598106147e+00
1.924990001372123416e+01
8.766779755453029566e+01
9.312650186758800430e+01
2.001192733382499611e+01
3.645401718499717703e+01
5.545686326427995283e+01
9.523639019387584881e+01
2.479719062811111030e+01
2.830371662401062238e+01
4.084811707025446026e+01
6.985994297706949396e+01
8.624682545946814827e+00
9.256147984544591623e+01
1.298524143492143423e+01
9.238584497686773034e+01
8.052891611331338595e+01
9.543892996589235622e+01
1.862609889120411211e+01
1.966453244589311211e+01
6.539186512559609810e+01
4.704598209001487064e+00
7.744881207199263429e+01
8.779917053058888143e+01
3.869049903530122947e+01
9.257832820064248125e+00
4.465946086290109918e+01
2.318942646111420558e+01
5.166648733664371917e+01
3.102988871870160370e+00
8.028304437913358527e+01
2.716926933663569343e+01
1.032288996472351350e+01
3.625724685367377731e+01
1.480922679320950763e+01
3.460362920572588052e+01
2.426883904276710968e+00
2.579231626765405849e+01
3.471982407631677603e+01
2.026597642449346992e+01
8.443180762625365787e+01
5.616990756760659309e+01
2.817343073750163640e+01
9.971605834091138831e+01
3.753669351835655732e+01
1.733049519304663555e+00
4.540464277757871514e+01
1.432761963761888246e+01
6.002388021484903646e+01
7.768234088671455595e+01
6.391236019543485014e+01
2.057626489368712441e+01
9.982512717692182846e+00
5.859679392249195473e+01
5.583343893246713918e+01
4.045993788385201384e+01
6.398808118336440920e+00
6.203755251034375107e+01
8.878410522605000210e+01
9.692996076577158249e+01
7.653078171049731537e+00
6.209614151070898203e+01
4.171426551238943858e+01
3.121871471001913534e+01
4.668501036563150564e+01
6.664485064071050147e+01
2.013398577495482300e+01
6.568515673585557124e+01
5.211846598239564798e+01
5.271841176357096259e+01
6.049121167433418833e+01
8.061728678827473971e+01
4.653493811937975266e+01
6.546463276867967807e+01
3.944791074042816348e+01
5.561214784427025393e+01
1.417777024857596047e+01
8.064787747115916261e+01
4.357320437598117024e+01
9.109020524926694407e+01
5.397080131576270645e+01
6.559826627483259642e+01
5.029969765797307701e+01
8.926087932371603983e+01
9.588039183827055467e+01
7.312665416432710686e+01
8.190608550727331760e+01
1.041131947981525130e+01
8.956170358158026090e+01
2.862586116436368755e+01
3.208798104970491494e+01
5.148665244582792866e+01
8.757342093288104934e+01
4.509339397196148269e+01
6.971934183105457805e+01
8.784002682408453211e+01
9.904952302825581967e+01
9.800451088565131386e+01
9.651101787128631315e+01
8.940044321939389249e+01
9.587964384503047199e+01
1.041078269279651636e+01
4.470086396394508199e+01
3.794922864313103616e+01
4.390315936707745692e+01
7.451332369117925225e+01
6.606701973359015767e+01
5.201510516019681063e+00
7.986763920844606446e+01
7.962223119768106017e+01
4.357906922273705419e+01
1.904501504906587073e+01
2.043295163175048401e+01
6.121399039925368157e+00
3.002547423919362757e+01
3.741452168250114507e+00
9.609384704808357469e+01
4.616242787400381964e+00
6.066914443469533325e+01
1.336332733817238250e+01
8.576755730584775961e+01
6.963135889138483492e+01
7.872696551819444721e+01
8.809772830909545860e+01
9.991011012627457433e+01
5.315475148308974696e+01
6.163852414030851179e+01
8.278564325683692005e+01
5.836469515706256317e+01
8.758531608858298512e+01
9.871860906312504369e+01
7.264560685005466212e+01
1.521356805539022616e+01
5.337113888682667096e+01
6.282420884087525081e+01
5.340136614255612812e+01
9.085463663255585232e+01
6.987860451059071920e+01
5.118988844511803649e+01
6.193980902144132727e+01
2.854435437911084961e+01
4.905304574101458570e+01
8.408985513177819371e+01
5.710322400615501692e+01
2.112763946381975799e+01
7.432937277274838550e+01
4.132619167150958361e+01
5.900433400697655628e+01
2.602162987288176765e+01
1.638786214052158030e+01
7.470114721015375103e+00
8.168071227312435667e+01
2.018795689209089517e+01
6.179879672033232652e+01
5.168504453889340056e+01
9.455199404464559620e+01
6.273198566914327756e+01
9.585120438029139223e+01
5.147443930668890033e+01
6.200643838566585231e+01
9.457598125901596120e+01
1.919940836825203689e+01
3.153660382306240351e+01
1.379489936693481056e+01
4.514988052827355602e+01
5.230889091088987186e+01
1.665866122897325852e+01
3.977415921614762340e+01
2.779148888678481910e+01
9.441153469384923369e+01
6.183521750227406244e+01
3.230810070215439822e+01
7.509821390153949494e+01
4.384954796808040101e+01
3.229735744416687737e+01
5.968450980517528137e+01
4.177089443684168657e+01
8.389937160670912419e+01
9.874550500025200961e+01
5.955997443739258657e+00
7.792979674799632051e+01
7.975230289699722164e+01
2.723843634791450796e+01
6.583138873551732217e+01
3.045544460391147457e+00
1.590499221543596420e+01
4.618044753707633987e+01
4.290919451932428075e+01
7.733955566796988990e+01
1.984065676283359636e+01
9.821206828702194969e+01
6.400170654766938583e+01
5.705688665184208475e+01
9.577412777354011197e+00
7.150397729192360430e+01
3.288036821317431446e+01
7.178921312658376053e+01
3.116827141074028873e+01
1.475730692966722479e+01
2.397448664069281676e+01
6.128187393495575463e+01
3.602871434996711741e+01
7.752644924816155481e+01
7.141030106768317864e+01
5.945275748699846474e+01
8.994100588841840249e+01
7.593101569852312593e+01
1.927954101052997515e+01
6.769961502942820175e+01
3.592125224459369548e+01
7.019455601393123345e+01
9.627851734915876136e+01
3.428712250414695006e+01
1.874661025700141703e+00
4.436079906401797501e+01
7.682769437035141813e+00
1.014160026808510473e+01
1.067568038816379961e+01
1.380132470822061919e+01
3.071914290182070673e+01
7.868844934281197823e+01
9.687194589368944264e+01
9.142245965097271210e+01
3.442570761555538184e+01
8.190335695852971298e+01
5.537826299467769786e+01
7.503284826493700166e+01
8.718326150616756820e+01
9.739369474549255301e+01
1.848470680371959673e+01
7.122630879684676586e+01
9.248120369031521193e+01
6.294879143825657764e+01
7.014024473252268876e+01
8.207351976266477322e+01
2.243366206463133139e+01
6.061837384370483051e+01
5.987143975436350729e+01
1.232005489278576960e+01
4.373803219465324332e+01
3.900047126844050638e+01
4.996314408484814606e+01
5.840108787918283184e+01
8.302151320311881477e+01
9.878238831123167074e+01
6.774199961239530410e+01
1.799249050889266499e+01
4.621153521439158141e+00
7.378415116274882735e+01
2.762363838448308329e+01
5.660941748141024021e+01
4.332814655429274353e+01
4.914313383790569034e+00
7.963725357960571571e+00
1.639451651801437926e+00
8.883237067930066644e+01
6.737686943620863644e+01
4.393546005045390501e+00
5.090292459761558419e-01
8.520328172294212266e+01
4.730568287442507369e+01
2.613122405800817205e+01
8.268800995439423218e+01
7.624908169327999019e+01
9.107835201336168041e+01
6.374245485602590122e+01
1.311458056242912384e+01
5.799305525654748550e+01
2.232886666716347079e+01
3.313806150912853354e+01
6.879224472964551751e+01
3.153623822562832046e+01
5.832686757728502158e+01
7.839070135610201362e+01
4.985280675714570719e+01
2.301987168447682208e+01
4.837990950632542564e+01
7.390502707059771126e+01
7.387397702050002124e+00
9.916922211561228551e+01
6.611782197992743804e-01
5.178441487291212297e+01
6.036919536304715450e+01
3.920842747386794258e+01
5.643056932586221208e+00
7.034866093451338998e+01
7.401712344283308198e+01
5.501706398008187193e+01
3.842064015824391277e+01
9.807907974831586273e+01
6.111088820970637414e+01
8.618174828991203640e+01
5.660010963630646330e+01
9.415106080073842065e+01
9.723342847221503860e+01
4.065041391760734513e+01
8.027461601620882448e+01
6.086243388119844155e+01
1.308692518771353797e+01
6.243628712580517970e+01
7.033326244828508322e+00
8.554228071149195500e+01
5.968425348570315236e+01
1.930858555536921628e+01
3.422571922251486143e+01
2.464740027661712674e+01
6.018185249009604121e+01
9.001691236751223357e+01
4.088312647963786617e+01
3.505536697742012109e+01
7.796295064924278506e+01
1.001454885922334981e+01
8.668417824674664018e+01
6.231421795828288168e+01
2.390153767977489707e+01
6.018129627723322272e+01
3.364692608625951920e+01
7.350165497044814344e+01
9.991426263379304373e+01
6.914575283650344772e+01
7.751752495179334801e+01
1.748050491409691887e+01
8.146789763977535515e-01
8.054434271884343843e+01
3.791059652578178429e+01
2.772988942032763759e+01
9.448170391507609622e+01
5.796559364211273646e+01
7.476556066588058158e+00
8.509946503431375220e+01
7.253358696928830796e+01
6.291672443994793440e+01
1.917367983639659457e+01
2.270398178421106916e+00
9.927407552407994729e+01
4.705430204155026530e+01
7.992909938967478922e+01
7.569771916723605898e+01
6.312567459391287628e+01
2.868491370581699584e+01
3.004866471402065642e+01
9.108494171881087453e+00
5.920694232027995696e+01
8.334206567437895785e+01
5.988838497990995791e+01
3.771351322499677394e+01
1.123844234050070945e+01
3.788605578528800777e+01
2.659766074346469011e+01
9.977744092262005893e+01
1.651259612648037134e+01
2.856256596325350472e+01
5.688354138292909568e+01
6.785584696817828387e+01
1.810215243022443943e+01
7.578442627290567657e+01
7.918489268802049708e+01
2.400239025034490581e+01
7.033987634912753251e+00
1.249031475980500971e+01
5.637647554671202244e+01
1.109643367246663281e+01
3.680674161682455292e+01
4.100645961741449241e+01
1.041522299064791035e+01
9.475340849023250911e+00
2.304163810736977780e+01
8.505702901694684215e+01
4.226631023832294609e+00
3.488040081799119463e+01
8.210108363366040862e+01
7.108241374679906244e+01
8.909008217492093706e+01
7.132304763720807728e+01
4.355862219757222320e+00
2.362277389578266806e+01
9.930012602250826603e+01
9.514751665656700652e+01
7.273455743494274373e+01
1.000589893181914647e+01
2.582376786271645130e+01
4.022282052776510142e+01
7.945120540056900893e+01
9.279632428727873616e+01
4.439744114374995831e+01
7.429991795450769132e+01
6.427908148506973873e+01
2.360146697399535398e+01
9.032138344581751710e+01
6.254966626672742080e+01
8.934625565384399692e+01
2.084563475434374524e+01
2.506174478152275498e+01
3.662283745331266260e+01
8.754689584365121391e+01
6.542567790277347228e+01
4.504286901157635725e+01
1.814354221255540978e+01
5.728872710057735418e+01
7.822962328574679702e+01
6.862098420120760522e+01
7.406857918553488851e+00
7.096984582006282238e+00
8.900260263196527433e+01
7.872956529534924641e+01
7.537857033683822294e+01
1.317433355105611703e+01
4.782270093677571055e+01
4.497905662738350685e+01
3.720958002094533157e+01
4.797693967895371969e+01
3.376158756482010403e+01
3.136984615054869607e+01
9.552164620291729591e+01
7.677233275744752916e+01
6.290329739227836825e+01
3.243245886246383236e+01
7.319981966078186986e+01
8.857172449902192568e+01
7.581373550893589197e+01
9.637116006585469563e+01
4.860891302696133209e+01
1.048131262507672190e+01
5.770799404137695632e+01
3.376351025982959886e+00
5.826860084828311415e+00
6.274279449797283092e+01
6.917990534573719685e+01
2.850578399170874278e+01
5.540845543145695018e+01
5.514175360125451419e+01
3.389398792732630739e+01
1.598802316798614243e+01
7.924500984101887013e+01
7.580992325356406525e+01
2.027312701537567108e+01
4.456634935182503199e+01
7.560607732081174959e+01
8.642618119526737530e+01
2.653197642258633238e+01
5.021643956615381654e+01
8.748522944203141805e+00
2.053030531789625712e+01
9.596452173133769747e+01
2.432705306496472275e+01
4.827723111075346196e+01
3.585118864920592330e+01
8.599868886106247601e+01
2.664036577192963051e+01
9.180985479937741900e+01
2.341140757383969273e+01
1.909428413871306773e+01
2.668731888023264531e+01
5.534657678460459351e+01
4.656200340895437506e+01
9.651843979011130159e+01
1.564944708178752641e+01
3.391284323316590132e+00
4.543316174111640038e+01
4.218540196798848285e+00
8.754949744311122117e+01
5.976110251727115497e+01
8.287731182461239143e+01
4.553107997692193720e+01
9.211448257808727647e+01
6.361655012019408417e+01
8.234866561535817198e+01
8.331980621365691775e+01
3.868592736559200063e+01
5.237915415432324551e+01
3.993708773190517292e+01
5.915573597756718982e+01
6.705055437730629819e+01
3.286574377335643504e+01
6.661246900336566057e+01
4.771534783105570909e+01
9.225841694845574636e+01
4.872524566493912346e+01
3.600578560977179876e+01
8.388440145508370449e+01
7.231025155562733175e+01
4.546239839863390841e+01
3.052960430608187181e+01
9.325424559352035203e+01
1.242419780187050726e+01
7.262839761374704040e+01
4.816927717062774406e+01
4.318834821772721000e+01
5.338386524751899032e+01
9.490217046658300148e+01
1.704124729761728929e+01
4.574681323167343550e+01
9.311172149329106418e+00
4.687572996241154755e+01
8.319651800402072084e+00
8.921345828698341052e+01
8.198230674070666169e+01
5.100771972487514461e+01
2.672675892085623062e+01
8.519160231136294215e+01
1.211284880840465306e+01
2.114089885014069914e+00
5.508828754202151856e+01
2.208265941358155260e+01
2.577694983044206367e+01
8.923672339755533756e+01
6.497098578060686691e+01
8.120768286502497801e+01
9.254004840687652234e+01
6.328098728374460791e+01
5.482089352070276078e+01
3.033751239176950421e+01
3.691456712085302883e+01
9.523243295610339487e+01
7.801205854534633488e+01
5.989056619841014140e+01
3.030268212645587056e+01
1.723844613043211638e+01
3.607614879879871239e+01
3.733331418709749983e+01
4.554034847135087460e+01
1.825585868475364393e+01
2.499112921199507653e+01
7.384035248221944414e+01
9.455203588608489440e+01
1.019025711378718224e+00
8.750442573351109843e+01
7.762909740767454991e+01
9.110495673072720990e+01
8.942867696232966068e+01
2.711508940675856394e+01
1.595786615293592803e+01
2.023505769837514734e+01
3.429598777619497696e+01
4.077571677013891005e+00
9.772794870465767758e+01
5.837603064725726654e+00
5.760746209068732071e+01
8.418696956014670718e+00
6.735156383651722933e+01
3.865600648021766261e+01
5.874960541686874649e+01
6.946906071671581628e+01
3.330575429372751728e+01
5.919392674079956151e+01
4.094651666982305471e+01
4.623129738643827480e+00
3.449888414297579686e+01
4.413998491798704293e+01
3.769650794490274848e+01
3.686069802369640058e+01
7.663752058731954087e+00
3.637828803469667349e+01
6.995478164714756986e+01
9.911017782266820575e+01
1.207880143155267660e+01
4.872753089578718999e+00
4.613085110809694811e+01
7.843422344610220875e+01
1.314930542547145720e+01
8.202324175820693597e+01
4.157261868058103715e+00
7.593116493517361221e+01
1.292736907173464012e+01
8.428114418009013775e+01
7.635710448100057590e+01
7.348020046708452924e+01
8.784533648055878530e+01
3.967537476420586984e+01
3.987591428081888978e+01
2.792861013169617479e+01
9.402630272273803769e+01
1.473257038287132303e+01
2.526014686196520476e+00
5.409231051009986402e+01
8.177184034414608504e+00
2.222844234996038537e+01
1.405483801692308798e+00
6.721761450556929418e+00
6.992108084462768147e+01
6.566576296015256275e+01
9.675828958109468658e+01
1.070464436928474328e+01
4.985805073271610155e+00
3.612560026641584443e+01
8.334097709560471401e+01
5.005564329578320582e+01
4.692109416423252100e+01
2.545045997819707040e+01
8.484220409183433276e+01
7.380822327761264035e+01
1.072572494729318038e+00
3.817773702756100107e+01
2.257432628917114315e+01
4.319348433732117520e+00
9.863085441274064635e+01
6.578654017110606844e+01
4.356647751547160397e+01
3.469202101801334948e+01
7.984806254087149568e+01
4.794265431314458681e+01
3.568538409236191455e+01
8.603580650461406520e-01
6.325076125711528618e+01
1.413864793449791613e+01
1.195148518701653018e+01
1.597724169788042836e+01
6.155435528036190540e+00
8.464426493218238079e+01
7.537389270304511513e+01
5.836725346653204127e+01
4.692330194317398195e+01
2.034312487584469764e+01
3.422588503390290526e+01
5.271027321960200851e+01
3.584765161602783934e+01
2.662469684569790473e+01
3.849360526555798145e+01
6.073465617898076374e+01
1.245860519415994361e+01
3.563736742984975336e+01
8.186142742128504324e+01
5.512259702997604904e+01
5.660408560710095571e+00
8.202591846339304027e+01
7.964531722882477993e+01
8.878715841105407947e+01
7.835031905233795158e+01
4.971245861464871041e+01
1.474503569181606633e+00
8.484714452703194354e+01
1.905830046894789831e+01
3.526907489417014574e+01
1.175269090924393467e+01
6.490096580153733896e+01
4.405660801944072347e+01
8.779617654762830625e+01
3.116485706676533951e+01
2.035077327171032024e+01
1.315429407888647440e+01
9.672723724561271297e+01
2.567114840832677203e+01
1.597055362916155463e+00
2.103638420199451886e+01
4.967699869779361421e+01
5.498835790695301995e+01
9.799155590718322983e+00
9.301658562197086155e+01
5.224943600740269289e+01
2.683831302013483011e+01
5.374152482969130062e-01
8.106249429781442473e+01
2.857745712915479430e+01
5.617533952346218484e+01
3.801978659181352072e+01
2.890219131752918003e+01
9.626246259827094320e+01
1.682396369738933117e+01
8.765876076764153879e+01
9.156764248743002099e+01
1.203687028952764493e+01
1.433492538413888617e+01
8.397967557672396310e+01
4.800067984530132392e+00
2.341331905881623854e+01
7.000808107153945059e+01
6.169051590797521811e+01
1.277079615601233087e+01
3.095216888025800017e+01
5.381851526176325251e+01
7.099066098011522286e+01
5.091747533303180973e+00
5.095200857320778454e+01
6.876294115742634006e+01
2.161044829605007767e+00
5.426862452114644952e+01
3.347944903823665186e+01
6.641177378099220618e+01
2.615211298842276122e+01
9.948548936658201569e+01
8.124507040427331184e-01
9.306235166393781810e+01
7.682692710602677266e+01
8.238694338154741104e+01
7.921581397085941489e+01
9.367527348351332250e+01
9.071686461221595721e+00
2.517892939189163570e+01
7.266850868594278268e+01
2.305039993431581280e+01
5.712484477994810561e+01
3.932585292072676708e+00
4.613337206505335786e+01
1.147847644334820671e+01
2.885377648107311188e+01
9.613575725751805123e+01
1.027575261208901747e+00
6.244460148674113142e+00
6.606923995710684494e+01
2.494626011871540072e+01
5.303273409309379360e+01
6.005612157949258290e+00
8.379287569851493345e+01
3.520826855151846502e+01
4.913158283708241214e+01
3.420567393830251746e+01
9.695230272798083604e+01
2.248383907464401865e-01
4.051165569426554924e+01
4.656275984066098061e+01
4.636075090089535422e+01
3.770998415958740679e+01
8.298907347302544224e+01
1.059208412269858712e+01
7.885750828940606993e+01
4.434704299703385999e+01
6.780742450560673262e+01
1.750639739438888398e+01
4.084669528865263288e+01
3.297905398359346663e+01
1.567174386526759555e+01
5.839572272543046694e+01
8.501990187240025421e+01
2.967713479375916208e+01
2.202862721580212124e+01
6.826619433404212955e+00
9.042684851522534473e+01
6.979102111690582433e+01
6.826558708259211627e-01
3.785880706893115644e+01
1.137795955200510178e+01
9.642577393993811086e+01
1.390195288625741910e+01
1.609416034620889491e+01
5.645954061808995306e+01
2.022032182030570979e+01
4.826588929920780657e+01
7.803753965997618991e+01
1.871695265954960163e+01
8.913216103314327654e+01
3.204788314506900804e+01
9.238686503298652042e+01
6.836130874512548417e+01
8.366929252726528432e+00
5.050506121136734095e+01
3.579094008061255749e+01
3.831852781805514496e+01
1.137589860735669411e+01
3.975431269253120092e+01
4.344925765086316005e+01
2.766365194120390214e+01
4.498457440732753554e+01
4.385870547199818503e+01
5.106726862247111853e+01
7.154476766284304290e+01
7.839104968729148482e+01
4.049393060798106347e+01
6.508571661178517331e+01
4.153089203944125529e+01
3.377602180533509113e+01
1.418742740543629210e+01
7.393856510687079719e+00
2.561222085403632676e+01
2.008723459206211004e+01
6.250647984665317125e+01
7.371473955950962420e+01
9.545674619633993530e+01
8.031065818907941889e+01
3.649446820934070246e+01
7.799548325100448665e+01
3.552894821365069333e+01
2.411819134424372280e+01
6.376713770114128721e+01
8.922017928244568452e+01
4.497588163534348382e+01
8.150162074476095597e+01
1.083382564391957104e+01
5.250380603845918870e+01
2.869863413057555235e+01
8.065858461701968452e+01
4.202910394009165174e+01
6.648941872489669436e+01
8.683726195216512345e-01
3.368032717495994177e+01
4.371587352968909101e+00
4.996166843036712635e+01
7.286234661366842147e+01
1.233667840827340534e+01
7.442354943456402339e+01
3.223158985554386291e+00
8.720083032893212760e+01
9.959402658342838777e+01
5.719767965749022665e+01
8.355203364973709768e+01
7.992144516188659509e+01
6.066865444315659772e+01
2.613953274976285002e+01
3.963896428504722991e+01
4.582519755235118453e+01
6.703701328313050567e+01
4.835879519708677066e+01
1.050145651690853654e+01
7.298363756874375952e+01
8.574579513065572201e+01
3.782736630468819072e+01
4.864364203760659677e+01
1.994026946581869453e+01
2.492902428325026776e+01
2.353131518310380699e+01
9.847390539447165025e+00
8.404348970437162336e+01
1.401614383865251767e+01
1.023307233180579345e+01
7.851746487684306430e+01
9.341709407464865933e+01
3.084805555650040887e+01
9.202015370952847206e+01
3.058759417616453291e+01
3.619103509712725497e+01
2.017107088455745156e+01
2.890669940024885776e+01
9.993372220311722742e+01
3.425927300683764543e+01
3.406580730580044758e+01
6.966960813627909310e+00
8.426858824751118959e+01
1.421861343757234764e+01
3.152940247661706330e+00
5.062112823022544461e+01
5.066096282395191963e+01
8.889821707531231709e+01
9.148595019204684320e+01
7.336730480016808542e+01
5.953862046424484689e+00
9.090972311773660053e+00
6.189107664731476888e+01
3.801463280950806478e+01
1.865608454075810130e+01
4.848176103415000426e+01
2.886098828908884073e+01
9.403250205707870180e+01
2.405581439486037709e+01
5.764843401312275262e+01
8.403728021939208759e+01
8.149102032162267051e+01
1.951629602368731842e+00
5.937833342898830580e+01
4.547398958880448561e+01
3.594764603090793287e+01
8.947261976135901307e+01
7.192262913917519995e+01
3.617642498539728990e+01
7.402207277746005332e+01
8.327576261894375165e+00
8.192658696102050442e+01
1.092988800325548304e+01
5.764235049221890961e+01
6.664320422470612471e+01
9.186781431165277922e+01
1.347430263319381361e+01
8.863494178674348234e+01
1.984491836393937803e+01
4.638244899244512709e+01
9.972471290974195313e+01
6.964292756841827270e+01
9.287584951099458408e+01
8.263099596206130570e+01
4.867183854474587790e+00
7.043363863754211707e+01
4.395036254702333878e+01
5.992420358949410542e+01
1.091546403061371961e+00
5.155401033412297807e+01
8.055787760355768512e+01
9.223669796656932363e+01
1.524414189010687792e+01
8.230769765489085898e+01
9.120119360033919520e+01
9.955491422005935931e+01
7.903097460777412664e+01
3.354262225889809201e+01
2.079900920193111702e+01
6.630224637060641157e+01
9.675513554817671391e+00
9.522932477718561017e+01
1.992797623954899322e+01
4.361878465863120624e+01
4.887915722682557629e+01
5.515753529798949728e+00
1.270139636319058596e+01
9.530281641378466873e+01
3.283749090735975784e+01
5.716886958094217164e+01
2.109785071011419788e+01
5.018638304117046545e+01
7.372190074435732754e+01
7.302219471154715791e+01
7.685900663331730698e+01
2.041762182546531434e+01
9.083924551727432117e+01
9.130174096894538849e+00
4.290137896245548177e+01
7.401285359299602362e+01
9.122962838499046256e+01
7.251558993176129775e+01
3.401248842637566128e+01
8.770903327814407646e+01
3.192390171577932279e+01
1.578638395743241496e+01
9.287627321151028070e+01
3.036670066627009845e+01
6.973874027954920507e+01
9.325726747664018035e+01
8.860305345112141140e+01
7.141750732254186573e+01
7.075162295745604979e+01
8.685959937285738874e+01
8.936765284821373712e+01
3.752895722642129783e+01
2.128799377178116714e+01
5.281003424836331561e+01
4.011261089180054995e+01
2.512547455450136979e+01
7.072565029156821481e+01
6.910984995992012614e+01
4.687635652511558249e+01
5.582608221865525877e+01
3.166456251165928748e+01
9.064638022206588630e+01
2.112420514732871180e+00
5.737682797011167679e+01
8.214985859256559309e+01
6.856768589507166212e+01
7.279628383477330544e+01
8.377417307862124574e+01
9.991039194013747249e+01
9.322382566856197172e+01
1.557109258249893458e+01
8.384885377965490250e+01
2.738285800060380382e+01
8.330002744174021245e+01
2.671054273857237504e+01
8.671792522844112838e-01
5.904869787735263742e+01
6.686747310753361262e+01
9.247553474187230904e+01
5.526656046251062548e+01
3.895208985267228741e+01
7.989562138435795191e+01
6.590667720314313272e+01
2.700712898263370931e+01
8.605534895861460143e+01
9.883838684070909153e+01
3.785809143832175039e+01
8.086735553022150214e+01
5.095086109701399124e+01
6.254910199538930016e+01
7.725005028691730047e+01
4.410869798319134816e+01
7.060413792383671705e+01
7.356416682345874847e+01
7.248095452940582106e+01
3.755145124549258639e+01
5.063250892869710640e+01
3.686973459179987422e+00
1.406004677225885047e+01
8.065319925562405956e+01
6.160254100772295516e+01
7.982336438177354410e+01
6.399898289769342341e+01
6.149549512470920831e+01
5.635439013598821845e+01
6.365374697929724590e+01
9.803797822216147040e+01
5.764057928733379299e+01
5.055743974123383566e+01
2.213695715912187367e+01
8.325319100091189739e+01
1.333051557747474369e+01
9.514079754892689778e+01
3.796240839592039151e+01
7.719792837081307368e+01
8.382488837343247212e+01
5.331045937458862483e+01
9.352550333313816111e+01
6.078527262689815558e+01
7.249522456395392567e+01
2.102681861867377222e+01
9.139055834712377191e+01
2.754598129800342932e+01
9.291547802780466725e+01
2.036346409092356780e+01
7.758864066060064602e+01
7.606190201892367497e+01
9.825709330730309432e+01
4.591263431817002072e+01
9.756245680673491449e+01
3.714430461310954712e+01
4.607969521439461147e+01
7.042120547899844496e+01
9.495734015746563728e+01
8.300733102437362732e+00
5.650512831337400144e+01
9.778334419962246216e+01
5.756097920508017296e+01
5.050018515201887226e+01
1.001656519510629728e+01
5.426692563540063219e+01
7.407235303939123128e+01
3.823887592351300668e+01
1.702600482421077288e+01
1.851233270476092585e+01
1.829304471330060977e+01
8.136846342119626740e+01
8.488735182076739250e+01
1.272394904615797806e+01
5.004418584806556680e+01
4.631530224964865994e+01
5.677522852624289129e+01
1.303580936487139752e+01
8.039524712276418938e+01
2.953721000282421016e+01
7.796271979950411435e+01
4.121523140907400773e+01
6.071609784170236424e+01
5.312030655989094896e+01
9.713262867405644840e+01
9.456615125849984338e+01
7.861380835480650831e+01
7.040088441438136613e+01
4.764089497004173523e+01
1.067788019625534091e+01
5.881933986137537573e+01
7.822448850027879530e+01
4.382040441830814537e+00
9.885744791565016953e+01
3.135459365032344792e+00
3.227792503335204088e+01
8.191099112222030953e+01
2.076284361249225441e+01
2.671474107438897150e+01
1.672508724086636533e+01
9.426064312972258108e+01
4.583708222958466649e+01
5.795908054874573168e+01
5.866821603514713956e+01
8.350577890232135303e+01
8.072133167035828194e+01
2.661139768900457980e+01
5.345426614880985028e+01
5.417520874421899890e+00
1.049874283450620283e+01
4.829405446234750343e+01
5.860599273175164114e+01
3.190791819119496253e+01
3.370900029810294996e+01
6.434204939064953521e+01
9.948560329964607263e+01
9.354116226945253132e+00
2.552737874193076095e+01
6.170213933743033863e+01
7.175049527973901320e+01
1.388225958606119548e+01
7.133499132392798003e+01
6.976251072993366620e+01
4.850835657346278396e+01
2.302552680002749597e+01
6.265261918300200961e+01
6.163084824497090608e+01
8.811321479184492489e+01
7.163988309501478113e+01
6.690096749922554409e+01
5.168208824140404545e+01
8.041505632335275777e+01
6.263815884724454008e+01
8.014698761807976268e+01
7.687597956524693643e+01
3.216895965927473355e+01
6.384719223637325136e+00
7.121970925640343353e+01
5.253076657307920527e+01
9.523804911885953572e+01
2.721366115949065545e+01
8.370987848472788428e+00
4.866023992110913809e+01
1.621790341496592802e+01
4.877370233948091993e+01
2.113170961500240352e+01
1.513174107452202044e+01
7.461030149102954034e+00
5.572129719367413259e+01
2.568173634419801488e+01
8.152353441633638909e+01
3.570282614862632897e+01
7.370625452292851776e+01
8.865001574811428497e+01
4.512289957155092424e+01
2.150309381853258017e+01
2.857472388864764667e+01
6.948462509477110416e+01
6.193750630986991723e+01
6.430443946533748090e+01
6.755461606591231316e+01
4.439138702965057348e+01
4.966086912389538810e+01
9.952782171942731182e-01
3.759542015323737019e+01
1.235715779774652034e+01
6.378111427245439558e+01
8.432478609590845053e+01
8.588355512289929550e+01
8.326805799391944163e+01
2.610892798857364738e+01
1.939166675450307764e+01
3.808912852500034774e+01
2.798576572128390438e+01
9.518304571498603650e-02
6.608038352046543196e+01
9.630119212745067614e+01
7.527357809817492296e+01
6.377839505144316945e+01
2.634380224555389205e+01
1.915300642333662751e+01
9.642109465366918641e+01
7.184103008382947131e+00
4.959273205576819521e+01
8.616289717555699212e+01
9.598523930634780754e+01
3.042161290896327941e+01
6.808642501222765020e+01
5.012767326452082273e+01
4.275512330785055326e+01
7.870820690061238167e+01
5.201411018753420024e+01
6.616749206053606613e+00
2.433288228727769109e+01
9.614873697534310537e+00
7.424856105748180823e+01
9.464852690978858618e+01
1.184256336390996367e+01
7.008742530761249157e+01
2.523987388646171581e+01
1.710097936755385817e+01
3.235159393244062187e+01
8.221163062924632925e+01
5.666059563567698376e+01
6.097444779158601591e+01
3.369305015083656940e+01
5.334075142204720521e+01
3.587778346473711366e+01
5.225346948740702402e+01
7.157015768424064106e+01
3.828903718490796848e+01
5.314929780152083083e+01
4.717933351148614207e+01
1.256254242104474272e+01
1.969669286319609824e+01
2.411355063141528277e+01
8.575252306030843386e+01
4.433223563145914881e+01
4.251256295003405228e+01
1.638163061879371885e+00
6.586094990732185295e+01
8.379756044080410504e+01
1.597936825181397502e+01
7.660517449027901193e+01
8.105788010618103101e+01
4.213323897234855231e+00
8.361859118151853920e+01
2.617866490451903339e+00
3.311010303715959679e+01
4.474414857827680336e+00
8.778041325559482466e-01
3.705217385706547617e+01
2.113155975181138047e+01
3.988761563540932542e+01
9.234682342656221010e+01
6.410481958237015476e+01
5.155496774851493313e+01
7.503917344554974989e+01
4.009473611151292971e+00
8.550122065426192819e+01
6.457836858252476020e+01
3.976702068400113887e+01
2.996866735212977417e+00
4.743696444440899285e+01
4.630212087823315414e+01
5.689140751845993549e+01
3.193113892461121139e+01
8.197994483238201724e+01
1.544668032932270307e+01
2.031045900921468927e+01
7.730272767733482908e+01
1.416069933623675947e+00
6.655318471944023884e+01
5.868385811717696754e+01
1.351961175699351081e+01
2.959668337740691868e+01
5.695047311736563245e+01
6.155505525308883108e+01
6.864771222681427787e+01
7.057469858270953011e+01
9.525491028523639159e+01
9.482835040128534843e+01
7.768553040764743400e+01
5.461685937690145920e+01
5.320911528788511191e+01
9.550854930019325195e+01
5.864507246357955950e+01
6.503287789075129410e+01
1.283366169332740370e+01
8.875957350567409421e+00
2.884179989607278571e+01
8.643921038014092062e+01
4.060871835164212484e+01
6.768173293681662983e+01
5.022912738241838326e+01
8.838059308442957729e+00
5.455169057785293774e+01
3.392969204020385376e+01
6.431163874801306690e+01
4.340973957995763755e+01
7.609402710152583893e+01
7.681001868836703750e+01
3.986094185662176415e+01
8.285012718314010982e+00
6.622988875452507784e+01
4.819092891409918167e+01
6.768552909819911179e+01
6.957253483498998037e+01
5.679708564229423473e+01
8.639130316652068586e+01
2.628128372257854295e+01
4.367492011127326634e+01
5.074256456020893324e+01
1.515912766885626439e+01
2.830686672778849200e+01
4.463834019616748350e+01
3.052622141503869102e+01
9.655001239160571913e+01
2.447167596338706375e+01
1.506535718774300037e+01
8.469125599930762860e+01
4.738545177732981983e+01
6.182044098941691601e+01
5.597152244670107990e+01
7.171240018940196137e+01
7.104332128342628039e+01
3.094884046204282591e-01
6.295755314127530511e+01
1.510575419791415630e+00
5.532014895309414015e+01
1.193330837468842276e+01
4.957645133162784390e+01
2.362475748614012616e+01
7.373802156061309176e+01
3.231670996509821947e+01
6.557175239897878782e+01
5.698136204381489733e+01
5.723805291830312569e+01
5.960955273124291409e+00
7.334240215364538074e+01
8.359230590306873410e+01
5.307868693129773874e+01
2.574709531430534781e+01
1.065743974618882373e+00
4.451240446160823439e+01
3.377429203597858276e+01
3.994666621825585651e+01
7.862822765234311895e+00
3.733954417716451957e+01
4.163192165556747426e+01
2.852753709811483063e+01
5.905734257370541940e+01
9.525146657420442864e+01
7.322393910902840730e+01
3.292349215496908243e+01
4.651339104555902537e+01
9.865079162037544336e+01
1.786854332438140247e+01
8.092786111565925466e+01
5.997516354791444826e+01
6.582073975490415307e+01
2.224058126421479642e+01
1.830845355646896166e+01
7.409155731216721108e+00
3.260750992271568549e+01
4.181007931080610263e+01
7.606387737836141127e+01
7.211809443912329698e+01
3.254306096026309092e+01
9.146754691588431285e+01
2.431845663171241512e+01
9.921054604813184241e+00
9.479127665064045516e+01
2.576504100591890989e+01
1.005789936091845505e+01
3.504340857018755884e+01
2.619790475287322451e+01
8.843057960501505477e+01
2.842605982259067687e+01
3.464355237043052682e+01
9.838649333486699788e+01
1.049071258149414376e+00
4.353243514199503039e+01
8.993248112181811393e+01
5.292745196374506378e+01
9.560261907089366673e+01
7.551525261411713075e+01
1.028849099641848674e-01
5.063804473266121420e+01
9.636961403777665680e+01
5.211829889250010694e+01
3.578926886588222800e+01
2.693286236769528585e+01
6.265142090626771676e+01
2.959147854440799108e+01
7.847502343281661297e+01
9.334119446965732436e+01
3.711083317614690458e+01
5.780460346288206352e+01
4.844722347382800365e+01
2.396505535786566199e+01
2.392054730467087964e+01
